Operation,CallCount,TotalTimeMs,AverageTimeMs,MedianTimeMs,MinTimeMs,MaxTimeMs
"CompareFilesWithCaching",4000,606657,151.66,35.00,8,13013
"Compare_Objects",4000,249305,62.33,20.00,1,1193
"Deserialize_Old_ComplexOrderResponse_Xml",4000,174362,43.59,3.00,0,11803
"Deserialize_New_ComplexOrderResponse_Xml",4000,93529,23.38,2.00,0,8184
"Parallel_Comparison",1,28153,28153.00,28153.00,28153,28153
"Generate_File_Hash",8000,15950,1.99,0.00,0,422
"Compare_File_1028",1,13057,13057.00,13057.00,13057,13057
"Compare_File_878",1,12246,12246.00,12246.00,12246,12246
"Compare_File_353",1,8722,8722.00,8722.00,8722,8722
"Compare_File_14",1,6917,6917.00,6917.00,6917,6917
"Compare_File_10",1,6241,6241.00,6241.00,6241,6241
"Compare_File_277",1,6226,6226.00,6226.00,6226,6226
"Compare_File_0",1,5823,5823.00,5823.00,5823,5823
"Compare_File_2979",1,5466,5466.00,5466.00,5466,5466
"Compare_File_292",1,5361,5361.00,5361.00,5361,5361
"Compare_File_3",1,5071,5071.00,5071.00,5071,5071
"Compare_File_2",1,5031,5031.00,5031.00,5031,5031
"Compare_File_286",1,4701,4701.00,4701.00,4701,4701
"Compare_File_20",1,4646,4646.00,4646.00,4646,4646
"Compare_File_23",1,4580,4580.00,4580.00,4580,4580
"Compare_File_3122",1,4551,4551.00,4551.00,4551,4551
"Compare_File_5",1,4466,4466.00,4466.00,4466,4466
"Compare_File_7",1,4466,4466.00,4466.00,4466,4466
"Compare_File_6",1,4466,4466.00,4466.00,4466,4466
"Compare_File_18",1,4458,4458.00,4458.00,4458,4458
"Compare_File_9",1,4348,4348.00,4348.00,4348,4348
"Generate_Config_Fingerprint",4002,3932,0.98,0.00,0,607
"Compare_File_24",1,3872,3872.00,3872.00,3872,3872
"Compare_File_275",1,3868,3868.00,3868.00,3868,3868
"Compare_File_31",1,3528,3528.00,3528.00,3528,3528
"Compare_File_11",1,3498,3498.00,3498.00,3498,3498
"Compare_File_40",1,3488,3488.00,3488.00,3488,3488
"Compare_File_2260",1,3394,3394.00,3394.00,3394,3394
"Compare_File_42",1,3353,3353.00,3353.00,3353,3353
"Compare_File_17",1,3235,3235.00,3235.00,3235,3235
"Compare_File_16",1,3233,3233.00,3233.00,3233,3233
"Compare_File_1",1,3232,3232.00,3232.00,3232,3232
"Compare_File_19",1,3222,3222.00,3222.00,3222,3222
"Compare_File_22",1,3221,3221.00,3221.00,3221,3221
"Compare_File_21",1,3217,3217.00,3217.00,3217,3217
"Compare_File_13",1,3216,3216.00,3216.00,3216,3216
"Compare_File_37",1,3183,3183.00,3183.00,3183,3183
"Compare_File_39",1,3161,3161.00,3161.00,3161,3161
"Compare_File_29",1,3069,3069.00,3069.00,3069,3069
"Compare_File_8",1,3050,3050.00,3050.00,3050,3050
"Compare_File_12",1,3041,3041.00,3041.00,3041,3041
"Compare_File_52",1,2963,2963.00,2963.00,2963,2963
"Compare_File_15",1,2959,2959.00,2959.00,2959,2959
"Compare_File_4",1,2913,2913.00,2913.00,2913,2913
"Compare_File_57",1,2841,2841.00,2841.00,2841,2841
"Compare_File_2275",1,2551,2551.00,2551.00,2551,2551
"Compare_File_34",1,2398,2398.00,2398.00,2398,2398
"Compare_File_2394",1,2298,2298.00,2298.00,2298,2298
"Compare_File_28",1,2188,2188.00,2188.00,2188,2188
"Compare_File_481",1,2129,2129.00,2129.00,2129,2129
"Compare_File_224",1,2107,2107.00,2107.00,2107,2107
"Compare_File_2371",1,2059,2059.00,2059.00,2059,2059
"Compare_File_476",1,1793,1793.00,1793.00,1793,1793
"Compare_File_3728",1,1727,1727.00,1727.00,1727,1727
"Compare_File_577",1,1581,1581.00,1581.00,1581,1581
"Compare_File_1984",1,1572,1572.00,1572.00,1572,1572
"Compare_File_586",1,1567,1567.00,1567.00,1567,1567
"Compare_File_1127",1,1563,1563.00,1563.00,1563,1563
"Compare_File_236",1,1507,1507.00,1507.00,1507,1507
"Compare_File_3766",1,1500,1500.00,1500.00,1500,1500
"Compare_File_2344",1,1500,1500.00,1500.00,1500,1500
"Compare_File_2767",1,1407,1407.00,1407.00,1407,1407
"Compare_File_3797",1,1384,1384.00,1384.00,1384,1384
"Compare_File_3413",1,1341,1341.00,1341.00,1341,1341
"Compare_File_2786",1,1331,1331.00,1331.00,1331,1331
"Compare_File_2381",1,1317,1317.00,1317.00,1317,1317
"Compare_File_1956",1,1315,1315.00,1315.00,1315,1315
"Compare_File_3415",1,1312,1312.00,1312.00,1312,1312
"Compare_File_1894",1,1288,1288.00,1288.00,1288,1288
"Compare_File_2763",1,1275,1275.00,1275.00,1275,1275
"Compare_File_1122",1,1272,1272.00,1272.00,1272,1272
"Compare_File_3444",1,1239,1239.00,1239.00,1239,1239
"Compare_File_3421",1,1236,1236.00,1236.00,1236,1236
"Compare_File_3182",1,1213,1213.00,1213.00,1213,1213
"Compare_File_564",1,1139,1139.00,1139.00,1139,1139
"Compare_File_2805",1,1111,1111.00,1111.00,1111,1111
"Compare_File_2340",1,1109,1109.00,1109.00,1109,1109
"Compare_File_3167",1,1083,1083.00,1083.00,1083,1083
"Compare_File_1607",1,1078,1078.00,1078.00,1078,1078
"Compare_File_615",1,1067,1067.00,1067.00,1067,1067
"Compare_File_2390",1,1064,1064.00,1064.00,1064,1064
"Compare_File_1981",1,1064,1064.00,1064.00,1064,1064
"Compare_File_2288",1,1043,1043.00,1043.00,1043,1043
"Compare_File_1134",1,1024,1024.00,1024.00,1024,1024
"Compare_File_1118",1,1001,1001.00,1001.00,1001,1001
"Compare_File_1655",1,999,999.00,999.00,999,999
"Compare_File_1610",1,991,991.00,991.00,991,991
"Compare_File_2225",1,988,988.00,988.00,988,988
"Compare_File_2804",1,987,987.00,987.00,987,987
"Compare_File_1661",1,982,982.00,982.00,982,982
"Compare_File_1673",1,978,978.00,978.00,978,978
"Compare_File_3202",1,960,960.00,960.00,960,960
"Compare_File_3225",1,953,953.00,953.00,953,953
"Compare_File_1892",1,931,931.00,931.00,931,931
"Compare_File_3246",1,926,926.00,926.00,926,926
"Compare_File_2382",1,915,915.00,915.00,915,915
"Compare_File_2584",1,905,905.00,905.00,905,905
"Compare_File_3205",1,903,903.00,903.00,903,903
"Compare_File_3244",1,893,893.00,893.00,893,893
"Compare_File_413",1,890,890.00,890.00,890,890
"Compare_File_3216",1,880,880.00,880.00,880,880
"Compare_File_2629",1,880,880.00,880.00,880,880
"Compare_File_2202",1,880,880.00,880.00,880,880
"Compare_File_3874",1,869,869.00,869.00,869,869
"Compare_File_2790",1,862,862.00,862.00,862,862
"Compare_File_486",1,852,852.00,852.00,852,852
"Compare_File_2028",1,851,851.00,851.00,851,851
"Compare_File_691",1,841,841.00,841.00,841,841
"Compare_File_1700",1,838,838.00,838.00,838,838
"Compare_File_1360",1,838,838.00,838.00,838,838
"Compare_File_689",1,820,820.00,820.00,820,820
"Compare_File_436",1,814,814.00,814.00,814,814
"Compare_File_3513",1,803,803.00,803.00,803,803
"Compare_File_2597",1,798,798.00,798.00,798,798
"Compare_File_1266",1,777,777.00,777.00,777,777
"Compare_File_1898",1,768,768.00,768.00,768,768
"Compare_File_3740",1,766,766.00,766.00,766,766
"Compare_File_1958",1,764,764.00,764.00,764,764
"Compare_File_3368",1,758,758.00,758.00,758,758
"Compare_File_1206",1,757,757.00,757.00,757,757
"Compare_File_884",1,746,746.00,746.00,746,746
"Compare_File_3247",1,745,745.00,745.00,745,745
"Compare_File_2068",1,743,743.00,743.00,743,743
"Compare_File_3204",1,740,740.00,740.00,740,740
"Compare_File_2841",1,738,738.00,738.00,738,738
"Compare_File_2274",1,738,738.00,738.00,738,738
"Compare_File_1594",1,735,735.00,735.00,735,735
"Compare_File_2469",1,730,730.00,730.00,730,730
"Compare_File_3248",1,728,728.00,728.00,728,728
"Compare_File_2858",1,727,727.00,727.00,727,727
"Compare_File_2843",1,720,720.00,720.00,720,720
"Compare_File_2258",1,716,716.00,716.00,716,716
"Compare_File_2076",1,714,714.00,714.00,714,714
"Compare_File_3534",1,710,710.00,710.00,710,710
"Compare_File_3238",1,706,706.00,706.00,706,706
"Compare_File_2373",1,704,704.00,704.00,704,704
"Compare_File_67",1,703,703.00,703.00,703,703
"Compare_File_1219",1,701,701.00,701.00,701,701
"Compare_File_686",1,700,700.00,700.00,700,700
"Compare_File_2603",1,698,698.00,698.00,698,698
"Compare_File_3541",1,697,697.00,697.00,697,697
"Compare_File_685",1,695,695.00,695.00,695,695
"Compare_File_1879",1,689,689.00,689.00,689,689
"Compare_File_2027",1,689,689.00,689.00,689,689
"Compare_File_908",1,688,688.00,688.00,688,688
"Compare_File_2857",1,688,688.00,688.00,688,688
"Compare_File_3539",1,687,687.00,687.00,687,687
"Compare_File_1216",1,686,686.00,686.00,686,686
"Compare_File_3536",1,685,685.00,685.00,685,685
"Compare_File_893",1,683,683.00,683.00,683,683
"Compare_File_1728",1,679,679.00,679.00,679,679
"Compare_File_3385",1,676,676.00,676.00,676,676
"Compare_File_1210",1,674,674.00,674.00,674,674
"Compare_File_2257",1,669,669.00,669.00,669,669
"Compare_File_3065",1,669,669.00,669.00,669,669
"Compare_File_3389",1,669,669.00,669.00,669,669
"Compare_File_2010",1,668,668.00,668.00,668,668
"Compare_File_2640",1,667,667.00,667.00,667,667
"Compare_File_1142",1,667,667.00,667.00,667,667
"Compare_File_895",1,662,662.00,662.00,662,662
"Compare_File_1310",1,659,659.00,659.00,659,659
"Compare_File_2102",1,657,657.00,657.00,657,657
"Compare_File_2864",1,655,655.00,655.00,655,655
"Compare_File_1018",1,655,655.00,655.00,655,655
"Compare_File_3391",1,654,654.00,654.00,654,654
"Compare_File_48",1,651,651.00,651.00,651,651
"Compare_File_459",1,650,650.00,650.00,650,650
"Compare_File_2971",1,646,646.00,646.00,646,646
"Compare_File_914",1,645,645.00,645.00,645,645
"Compare_File_49",1,642,642.00,642.00,642,642
"Compare_File_3394",1,639,639.00,639.00,639,639
"Compare_File_3060",1,634,634.00,634.00,634,634
"Compare_File_2739",1,631,631.00,631.00,631,631
"Compare_File_2254",1,628,628.00,628.00,628,628
"Compare_File_474",1,627,627.00,627.00,627,627
"Compare_File_1132",1,627,627.00,627.00,627,627
"Compare_File_3227",1,626,626.00,626.00,626,626
"Compare_File_913",1,625,625.00,625.00,625,625
"Compare_File_3148",1,622,622.00,622.00,622,622
"Compare_File_2470",1,621,621.00,621.00,621,621
"Compare_File_372",1,619,619.00,619.00,619,619
"Compare_File_2967",1,613,613.00,613.00,613,613
"Compare_File_3146",1,612,612.00,612.00,612,612
"Compare_File_708",1,610,610.00,610.00,610,610
"Compare_File_1597",1,609,609.00,609.00,609,609
"Compare_File_475",1,604,604.00,604.00,604,604
"Compare_File_2223",1,602,602.00,602.00,602,602
"Compare_File_2606",1,601,601.00,601.00,601,601
"Compare_File_47",1,600,600.00,600.00,600,600
"Compare_File_1021",1,594,594.00,594.00,594,594
"Compare_File_1220",1,590,590.00,590.00,590,590
"Compare_File_2838",1,589,589.00,589.00,589,589
"Compare_File_1747",1,584,584.00,584.00,584,584
"Compare_File_2664",1,583,583.00,583.00,583,583
"Compare_File_3336",1,578,578.00,578.00,578,578
"Compare_File_926",1,574,574.00,574.00,574,574
"Compare_File_3253",1,568,568.00,568.00,568,568
"Compare_File_2536",1,568,568.00,568.00,568,568
"Compare_File_1437",1,567,567.00,567.00,567,567
"Compare_File_485",1,566,566.00,566.00,566,566
"Compare_File_1443",1,566,566.00,566.00,566,566
"Compare_File_1749",1,565,565.00,565.00,565,565
"Compare_File_1444",1,564,564.00,564.00,564,564
"Compare_File_1703",1,561,561.00,561.00,561,561
"Compare_File_3510",1,560,560.00,560.00,560,560
"Compare_File_484",1,559,559.00,559.00,559,559
"Compare_File_1438",1,558,558.00,558.00,558,558
"Compare_File_2873",1,558,558.00,558.00,558,558
"Compare_File_2970",1,557,557.00,557.00,557,557
"Compare_File_763",1,554,554.00,554.00,554,554
"Compare_File_1448",1,553,553.00,553.00,553,553
"Compare_File_2974",1,553,553.00,553.00,553,553
"Compare_File_2998",1,550,550.00,550.00,550,550
"Compare_File_3342",1,549,549.00,549.00,549,549
"Compare_File_2972",1,547,547.00,547.00,547,547
"Compare_File_2285",1,546,546.00,546.00,546,546
"Compare_File_3245",1,544,544.00,544.00,544,544
"Compare_File_3411",1,544,544.00,544.00,544,544
"Compare_File_3096",1,538,538.00,538.00,538,538
"Compare_File_2578",1,535,535.00,535.00,535,535
"Compare_File_3814",1,535,535.00,535.00,535,535
"Compare_File_284",1,534,534.00,534.00,534,534
"Compare_File_1027",1,534,534.00,534.00,534,534
"Compare_File_2990",1,533,533.00,533.00,533,533
"Compare_File_951",1,533,533.00,533.00,533,533
"Compare_File_2085",1,532,532.00,532.00,532,532
"Compare_File_1033",1,530,530.00,530.00,530,530
"Compare_File_2537",1,529,529.00,529.00,529,529
"Compare_File_3416",1,528,528.00,528.00,528,528
"Compare_File_2046",1,528,528.00,528.00,528,528
"Compare_File_1034",1,527,527.00,527.00,527,527
"Compare_File_2477",1,526,526.00,526.00,526,526
"Compare_File_1026",1,525,525.00,525.00,525,525
"Compare_File_3531",1,524,524.00,524.00,524,524
"Compare_File_1967",1,523,523.00,523.00,523,523
"Compare_File_1029",1,523,523.00,523.00,523,523
"Compare_File_2994",1,521,521.00,521.00,521,521
"Compare_File_3420",1,512,512.00,512.00,512,512
"Compare_File_1253",1,511,511.00,511.00,511,511
"Compare_File_1031",1,511,511.00,511.00,511,511
"Compare_File_1718",1,507,507.00,507.00,507,507
"Compare_File_592",1,504,504.00,504.00,504,504
"Compare_File_590",1,503,503.00,503.00,503,503
"Compare_File_2665",1,501,501.00,501.00,501,501
"Compare_File_593",1,500,500.00,500.00,500,500
"Compare_File_98",1,499,499.00,499.00,499,499
"Compare_File_50",1,495,495.00,495.00,495,495
"Compare_File_1603",1,494,494.00,494.00,494,494
"Compare_File_1606",1,492,492.00,492.00,492,492
"Compare_File_2067",1,487,487.00,487.00,487,487
"Compare_File_1598",1,485,485.00,485.00,485,485
"Compare_File_488",1,481,481.00,481.00,481,481
"Compare_File_139",1,480,480.00,480.00,480,480
"Compare_File_1348",1,478,478.00,478.00,478,478
"Compare_File_582",1,472,472.00,472.00,472,472
"Compare_File_1200",1,471,471.00,471.00,471,471
"Compare_File_2259",1,467,467.00,467.00,467,467
"Compare_File_2667",1,465,465.00,465.00,465,465
"Compare_File_1349",1,465,465.00,465.00,465,465
"Compare_File_2957",1,464,464.00,464.00,464,464
"Compare_File_103",1,463,463.00,463.00,463,463
"Compare_File_588",1,463,463.00,463.00,463,463
"Compare_File_1351",1,461,461.00,461.00,461,461
"Compare_File_1123",1,458,458.00,458.00,458,458
"Compare_File_3549",1,456,456.00,456.00,456,456
"Compare_File_1895",1,450,450.00,450.00,450,450
"Compare_File_1354",1,448,448.00,448.00,448,448
"Compare_File_729",1,448,448.00,448.00,448,448
"Compare_File_1227",1,446,446.00,446.00,446,446
"Compare_File_65",1,446,446.00,446.00,446,446
"Compare_File_1957",1,445,445.00,445.00,445,445
"Compare_File_3535",1,442,442.00,442.00,442,442
"Compare_File_1675",1,442,442.00,442.00,442,442
"Compare_File_2762",1,440,440.00,440.00,440,440
"Compare_File_1228",1,439,439.00,439.00,439,439
"Compare_File_165",1,439,439.00,439.00,439,439
"Compare_File_3418",1,439,439.00,439.00,439,439
"Compare_File_3852",1,438,438.00,438.00,438,438
"Compare_File_2126",1,438,438.00,438.00,438,438
"Compare_File_1346",1,435,435.00,435.00,435,435
"Compare_File_397",1,435,435.00,435.00,435,435
"Compare_File_2593",1,434,434.00,434.00,434,434
"Compare_File_1358",1,434,434.00,434.00,434,434
"Compare_File_1487",1,434,434.00,434.00,434,434
"Compare_File_2075",1,434,434.00,434.00,434,434
"Compare_File_2450",1,431,431.00,431.00,431,431
"Compare_File_3018",1,431,431.00,431.00,431,431
"Compare_File_222",1,428,428.00,428.00,428,428
"Compare_File_2281",1,427,427.00,427.00,427,427
"Compare_File_1674",1,424,424.00,424.00,424,424
"Compare_File_2666",1,424,424.00,424.00,424,424
"Compare_File_305",1,422,422.00,422.00,422,422
"Compare_File_393",1,421,421.00,421.00,421,421
"Compare_File_1138",1,419,419.00,419.00,419,419
"Compare_File_1900",1,419,419.00,419.00,419,419
"Compare_File_1129",1,417,417.00,417.00,417,417
"Compare_File_881",1,416,416.00,416.00,416,416
"Compare_File_3021",1,416,416.00,416.00,416,416
"Compare_File_223",1,415,415.00,415.00,415,415
"Compare_File_386",1,415,415.00,415.00,415,415
"Compare_File_1877",1,415,415.00,415.00,415,415
"Compare_File_2859",1,415,415.00,415.00,415,415
"Compare_File_1131",1,414,414.00,414.00,414,414
"Compare_File_646",1,414,414.00,414.00,414,414
"Compare_File_1130",1,413,413.00,413.00,413,413
"Compare_File_380",1,413,413.00,413.00,413,413
"Compare_File_1876",1,413,413.00,413.00,413,413
"Compare_File_174",1,412,412.00,412.00,412,412
"Compare_File_227",1,412,412.00,412.00,412,412
"Compare_File_1880",1,410,410.00,410.00,410,410
"Compare_File_952",1,410,410.00,410.00,410,410
"Compare_File_3836",1,409,409.00,409.00,409,409
"Compare_File_45",1,409,409.00,409.00,409,409
"Compare_File_2963",1,408,408.00,408.00,408,408
"Compare_File_1340",1,407,407.00,407.00,407,407
"Compare_File_2012",1,404,404.00,404.00,404,404
"Compare_File_3168",1,404,404.00,404.00,404,404
"Compare_File_3446",1,404,404.00,404.00,404,404
"Compare_File_1359",1,401,401.00,401.00,401,401
"Compare_File_2181",1,401,401.00,401.00,401,401
"Compare_File_1592",1,399,399.00,399.00,399,399
"Compare_File_3183",1,399,399.00,399.00,399,399
"Compare_File_1882",1,398,398.00,398.00,398,398
"Compare_File_2538",1,394,394.00,394.00,394,394
"Compare_File_2380",1,394,394.00,394.00,394,394
"Compare_File_1873",1,393,393.00,393.00,393,393
"Compare_File_2151",1,393,393.00,393.00,393,393
"Compare_File_2726",1,386,386.00,386.00,386,386
"Compare_File_1420",1,386,386.00,386.00,386,386
"Compare_File_3127",1,385,385.00,385.00,385,385
"Compare_File_2738",1,385,385.00,385.00,385,385
"Compare_File_1067",1,385,385.00,385.00,385,385
"Compare_File_3640",1,384,384.00,384.00,384,384
"Compare_File_3811",1,384,384.00,384.00,384,384
"Compare_File_3024",1,379,379.00,379.00,379,379
"Compare_File_151",1,379,379.00,379.00,379,379
"Compare_File_1884",1,378,378.00,378.00,378,378
"Compare_File_46",1,378,378.00,378.00,378,378
"Compare_File_3236",1,376,376.00,376.00,376,376
"Compare_File_3823",1,374,374.00,374.00,374,374
"Compare_File_3854",1,374,374.00,374.00,374,374
"Compare_File_1602",1,371,371.00,371.00,371,371
"Compare_File_1357",1,369,369.00,369.00,369,369
"Compare_File_2139",1,368,368.00,368.00,368,368
"Compare_File_2472",1,368,368.00,368.00,368,368
"Compare_File_2966",1,368,368.00,368.00,368,368
"Compare_File_1605",1,367,367.00,367.00,367,367
"Compare_File_2968",1,366,366.00,366.00,366,366
"Compare_File_2201",1,366,366.00,366.00,366,366
"Compare_File_1893",1,364,364.00,364.00,364,364
"Compare_File_3010",1,364,364.00,364.00,364,364
"Compare_File_1596",1,363,363.00,363.00,363,363
"Compare_File_3141",1,363,363.00,363.00,363,363
"Compare_File_322",1,361,361.00,361.00,361,361
"Compare_File_888",1,359,359.00,359.00,359,359
"Compare_File_69",1,358,358.00,358.00,358,358
"Compare_File_324",1,357,357.00,357.00,357,357
"Compare_File_1423",1,356,356.00,356.00,356,356
"Compare_File_887",1,356,356.00,356.00,356,356
"Compare_File_1586",1,356,356.00,356.00,356,356
"Compare_File_3025",1,356,356.00,356.00,356,356
"Compare_File_889",1,354,354.00,354.00,354,354
"Compare_File_3121",1,353,353.00,353.00,353,353
"Compare_File_310",1,353,353.00,353.00,353,353
"Compare_File_886",1,352,352.00,352.00,352,352
"Compare_File_308",1,352,352.00,352.00,352,352
"Compare_File_585",1,350,350.00,350.00,350,350
"Compare_File_3445",1,350,350.00,350.00,350,350
"Compare_File_3147",1,347,347.00,347.00,347,347
"Compare_File_364",1,346,346.00,346.00,346,346
"Compare_File_1977",1,345,345.00,345.00,345,345
"Compare_File_716",1,345,345.00,345.00,345,345
"Compare_File_3835",1,344,344.00,344.00,344,344
"Compare_File_3374",1,344,344.00,344.00,344,344
"Compare_File_2138",1,344,344.00,344.00,344,344
"Compare_File_1808",1,344,344.00,344.00,344,344
"Compare_File_54",1,343,343.00,343.00,343,343
"Compare_File_71",1,343,343.00,343.00,343,343
"Compare_File_1809",1,342,342.00,342.00,342,342
"Compare_File_3189",1,341,341.00,341.00,341,341
"Compare_File_2832",1,341,341.00,341.00,341,341
"Compare_File_2276",1,340,340.00,340.00,340,340
"Compare_File_2885",1,339,339.00,339.00,339,339
"Compare_File_157",1,338,338.00,338.00,338,338
"Compare_File_2573",1,337,337.00,337.00,337,337
"Compare_File_1347",1,336,336.00,336.00,336,336
"Compare_File_1485",1,334,334.00,334.00,334,334
"Compare_File_1488",1,333,333.00,333.00,333,333
"Compare_File_531",1,332,332.00,332.00,332,332
"Compare_File_3206",1,330,330.00,330.00,330,330
"Compare_File_3081",1,329,329.00,329.00,329,329
"Compare_File_416",1,328,328.00,328.00,328,328
"Compare_File_1593",1,327,327.00,327.00,327,327
"Compare_File_3083",1,326,326.00,326.00,326,326
"Compare_File_3196",1,325,325.00,325.00,325,325
"Compare_File_44",1,325,325.00,325.00,325,325
"Compare_File_1907",1,324,324.00,324.00,324,324
"Compare_File_3760",1,323,323.00,323.00,323,323
"Compare_File_3084",1,322,322.00,322.00,322,322
"Compare_File_86",1,322,322.00,322.00,322,322
"Compare_File_3815",1,321,321.00,321.00,321,321
"Compare_File_2375",1,321,321.00,321.00,321,321
"Compare_File_2179",1,321,321.00,321.00,321,321
"Compare_File_1032",1,321,321.00,321.00,321,321
"Compare_File_1024",1,321,321.00,321.00,321,321
"Compare_File_218",1,319,319.00,319.00,319,319
"Compare_File_2087",1,319,319.00,319.00,319,319
"Compare_File_2980",1,319,319.00,319.00,319,319
"Compare_File_1063",1,318,318.00,318.00,318,318
"Compare_File_2916",1,317,317.00,317.00,317,317
"Compare_File_3082",1,317,317.00,317.00,317,317
"Compare_File_879",1,317,317.00,317.00,317,317
"Compare_File_399",1,316,316.00,316.00,316,316
"Compare_File_2715",1,316,316.00,316.00,316,316
"Compare_File_217",1,315,315.00,315.00,315,315
"Compare_File_302",1,313,313.00,313.00,313,313
"Compare_File_2856",1,313,313.00,313.00,313,313
"Compare_File_1429",1,313,313.00,313.00,313,313
"Compare_File_306",1,312,312.00,312.00,312,312
"Compare_File_1493",1,310,310.00,310.00,310,310
"Compare_File_2249",1,310,310.00,310.00,310,310
"Compare_File_1069",1,310,310.00,310.00,310,310
"Compare_File_2919",1,309,309.00,309.00,309,309
"Compare_File_2198",1,308,308.00,308.00,308,308
"Compare_File_1514",1,307,307.00,307.00,307,307
"Compare_File_2729",1,307,307.00,307.00,307,307
"Compare_File_1949",1,306,306.00,306.00,306,306
"Compare_File_303",1,306,306.00,306.00,306,306
"Compare_File_2800",1,302,302.00,302.00,302,302
"Compare_File_2630",1,302,302.00,302.00,302,302
"Compare_File_3293",1,301,301.00,301.00,301,301
"Compare_File_1135",1,301,301.00,301.00,301,301
"Compare_File_698",1,301,301.00,301.00,301,301
"Compare_File_2742",1,299,299.00,299.00,299,299
"Compare_File_2015",1,299,299.00,299.00,299,299
"Compare_File_2154",1,299,299.00,299.00,299,299
"Compare_File_2741",1,296,296.00,296.00,296,296
"Compare_File_2497",1,296,296.00,296.00,296,296
"Compare_File_2920",1,296,296.00,296.00,296,296
"Compare_File_2407",1,294,294.00,294.00,294,294
"Compare_File_3863",1,293,293.00,293.00,293,293
"Compare_File_2975",1,292,292.00,292.00,292,292
"Compare_File_1498",1,292,292.00,292.00,292,292
"Compare_File_3027",1,291,291.00,291.00,291,291
"Compare_File_3813",1,291,291.00,291.00,291,291
"Compare_File_3298",1,290,290.00,290.00,290,290
"Compare_File_2523",1,290,290.00,290.00,290,290
"Compare_File_291",1,287,287.00,287.00,287,287
"Compare_File_2279",1,287,287.00,287.00,287,287
"Compare_File_313",1,287,287.00,287.00,287,287
"Compare_File_3824",1,286,286.00,286.00,286,286
"Compare_File_740",1,286,286.00,286.00,286,286
"Compare_File_290",1,286,286.00,286.00,286,286
"Compare_File_1499",1,286,286.00,286.00,286,286
"Compare_File_1017",1,285,285.00,285.00,285,285
"Compare_File_1659",1,282,282.00,282.00,282,282
"Compare_File_3053",1,282,282.00,282.00,282,282
"Compare_File_3635",1,282,282.00,282.00,282,282
"Compare_File_300",1,282,282.00,282.00,282,282
"Compare_File_220",1,281,281.00,281.00,281,281
"Compare_File_3754",1,281,281.00,281.00,281,281
"Compare_File_1484",1,281,281.00,281.00,281,281
"Compare_File_1213",1,281,281.00,281.00,281,281
"Compare_File_2430",1,279,279.00,279.00,279,279
"Compare_File_3706",1,278,278.00,278.00,278,278
"Compare_File_3827",1,277,277.00,277.00,277,277
"Compare_File_3087",1,277,277.00,277.00,277,277
"Compare_File_947",1,276,276.00,276.00,276,276
"Compare_File_304",1,276,276.00,276.00,276,276
"Compare_File_2216",1,276,276.00,276.00,276,276
"Compare_File_1077",1,275,275.00,275.00,275,275
"Compare_File_280",1,275,275.00,275.00,275,275
"Compare_File_828",1,275,275.00,275.00,275,275
"Compare_File_1955",1,274,274.00,274.00,274,274
"Compare_File_1983",1,273,273.00,273.00,273,273
"Compare_File_311",1,273,273.00,273.00,273,273
"Compare_File_3830",1,273,273.00,273.00,273,273
"Compare_File_663",1,272,272.00,272.00,272,272
"Compare_File_827",1,272,272.00,272.00,272,272
"Compare_File_352",1,272,272.00,272.00,272,272
"Compare_File_625",1,271,271.00,271.00,271,271
"Compare_File_3256",1,271,271.00,271.00,271,271
"Compare_File_3834",1,271,271.00,271.00,271,271
"Compare_File_3839",1,271,271.00,271.00,271,271
"Compare_File_301",1,270,270.00,270.00,270,270
"Compare_File_51",1,269,269.00,269.00,269,269
"Compare_File_1020",1,268,268.00,268.00,268,268
"Compare_File_1022",1,267,267.00,267.00,267,267
"Compare_File_1158",1,266,266.00,266.00,266,266
"Compare_File_178",1,266,266.00,266.00,266,266
"Compare_File_2133",1,265,265.00,265.00,265,265
"Compare_File_2958",1,265,265.00,265.00,265,265
"Compare_File_871",1,264,264.00,264.00,264,264
"Compare_File_2144",1,263,263.00,263.00,263,263
"Compare_File_171",1,263,263.00,263.00,263,263
"Compare_File_3100",1,263,263.00,263.00,263,263
"Compare_File_316",1,263,263.00,263.00,263,263
"Compare_File_2833",1,262,262.00,262.00,262,262
"Compare_File_283",1,262,262.00,262.00,262,262
"Compare_File_3764",1,262,262.00,262.00,262,262
"Compare_File_3718",1,261,261.00,261.00,261,261
"Compare_File_2668",1,260,260.00,260.00,260,260
"Compare_File_2224",1,260,260.00,260.00,260,260
"Compare_File_1035",1,259,259.00,259.00,259,259
"Compare_File_3340",1,259,259.00,259.00,259,259
"Compare_File_3644",1,259,259.00,259.00,259,259
"Compare_File_282",1,259,259.00,259.00,259,259
"Compare_File_56",1,259,259.00,259.00,259,259
"Compare_File_297",1,256,256.00,256.00,256,256
"Compare_File_319",1,254,254.00,254.00,254,254
"Compare_File_807",1,252,252.00,252.00,252,252
"Compare_File_3518",1,252,252.00,252.00,252,252
"Compare_File_2686",1,252,252.00,252.00,252,252
"Compare_File_314",1,251,251.00,251.00,251,251
"Compare_File_3639",1,250,250.00,250.00,250,250
"Compare_File_289",1,250,250.00,250.00,250,250
"Compare_File_3142",1,249,249.00,249.00,249,249
"Compare_File_3119",1,249,249.00,249.00,249,249
"Compare_File_1007",1,249,249.00,249.00,249,249
"Compare_File_815",1,249,249.00,249.00,249,249
"Compare_File_3843",1,248,248.00,248.00,248,248
"Compare_File_836",1,248,248.00,248.00,248,248
"Compare_File_3948",1,248,248.00,248.00,248,248
"Compare_File_3837",1,248,248.00,248.00,248,248
"Compare_File_368",1,248,248.00,248.00,248,248
"Compare_File_43",1,248,248.00,248.00,248,248
"Compare_File_3038",1,246,246.00,246.00,246,246
"Compare_File_2178",1,246,246.00,246.00,246,246
"Compare_File_1672",1,245,245.00,245.00,245,245
"Compare_File_2817",1,244,244.00,244.00,244,244
"Compare_File_1088",1,244,244.00,244.00,244,244
"Compare_File_3349",1,243,243.00,243.00,243,243
"Compare_File_3638",1,243,243.00,243.00,243,243
"Compare_File_41",1,243,243.00,243.00,243,243
"Compare_File_307",1,242,242.00,242.00,242,242
"Compare_File_2925",1,242,242.00,242.00,242,242
"Compare_File_966",1,242,242.00,242.00,242,242
"Compare_File_288",1,241,241.00,241.00,241,241
"Compare_File_1819",1,241,241.00,241.00,241,241
"Compare_File_2962",1,241,241.00,241.00,241,241
"Compare_File_3098",1,240,240.00,240.00,240,240
"Compare_File_2628",1,240,240.00,240.00,240,240
"Compare_File_1519",1,239,239.00,239.00,239,239
"Compare_File_3673",1,239,239.00,239.00,239,239
"Compare_File_3140",1,239,239.00,239.00,239,239
"Compare_File_3318",1,239,239.00,239.00,239,239
"Compare_File_3658",1,238,238.00,238.00,238,238
"Compare_File_1440",1,238,238.00,238.00,238,238
"Compare_File_3160",1,238,238.00,238.00,238,238
"Compare_File_2733",1,238,238.00,238.00,238,238
"Compare_File_3751",1,238,238.00,238.00,238,238
"Compare_File_1800",1,238,238.00,238.00,238,238
"Compare_File_1759",1,238,238.00,238.00,238,238
"Compare_File_2080",1,237,237.00,237.00,237,237
"Compare_File_3344",1,237,237.00,237.00,237,237
"Compare_File_61",1,237,237.00,237.00,237,237
"Compare_File_3478",1,237,237.00,237.00,237,237
"Compare_File_3424",1,237,237.00,237.00,237,237
"Compare_File_1817",1,237,237.00,237.00,237,237
"Compare_File_3373",1,235,235.00,235.00,235,235
"Compare_File_873",1,235,235.00,235.00,235,235
"Compare_File_1450",1,235,235.00,235.00,235,235
"Compare_File_232",1,235,235.00,235.00,235,235
"Compare_File_3579",1,234,234.00,234.00,234,234
"Compare_File_2341",1,234,234.00,234.00,234,234
"Compare_File_281",1,234,234.00,234.00,234,234
"Compare_File_2928",1,234,234.00,234.00,234,234
"Compare_File_684",1,233,233.00,233.00,233,233
"Compare_File_868",1,232,232.00,232.00,232,232
"Compare_File_3259",1,232,232.00,232.00,232,232
"Compare_File_1124",1,232,232.00,232.00,232,232
"Compare_File_440",1,231,231.00,231.00,231,231
"Compare_File_1006",1,231,231.00,231.00,231,231
"Compare_File_891",1,231,231.00,231.00,231,231
"Compare_File_3351",1,230,230.00,230.00,230,230
"Compare_File_3752",1,230,230.00,230.00,230,230
"Compare_File_3377",1,229,229.00,229.00,229,229
"Compare_File_3952",1,229,229.00,229.00,229,229
"Compare_File_3433",1,227,227.00,227.00,227,227
"Compare_File_1445",1,226,226.00,226.00,226,226
"Compare_File_2013",1,225,225.00,225.00,225,225
"Compare_File_2933",1,225,225.00,225.00,225,225
"Compare_File_226",1,224,224.00,224.00,224,224
"Compare_File_3853",1,223,223.00,223.00,223,223
"Compare_File_3161",1,222,222.00,222.00,222,222
"Compare_File_3858",1,221,221.00,221.00,221,221
"Compare_File_3149",1,221,221.00,221.00,221,221
"Compare_File_3079",1,221,221.00,221.00,221,221
"Compare_File_2182",1,221,221.00,221.00,221,221
"Compare_File_3727",1,220,220.00,220.00,220,220
"Compare_File_387",1,220,220.00,220.00,220,220
"Compare_File_3350",1,219,219.00,219.00,219,219
"Compare_File_1435",1,219,219.00,219.00,219,219
"Compare_File_1441",1,219,219.00,219.00,219,219
"Compare_File_349",1,218,218.00,218.00,218,218
"Compare_File_2965",1,218,218.00,218.00,218,218
"Compare_File_2802",1,217,217.00,217.00,217,217
"Compare_File_3080",1,217,217.00,217.00,217,217
"Compare_File_543",1,217,217.00,217.00,217,217
"Compare_File_977",1,217,217.00,217.00,217,217
"Compare_File_425",1,217,217.00,217.00,217,217
"Compare_File_3308",1,216,216.00,216.00,216,216
"Compare_File_1436",1,216,216.00,216.00,216,216
"Compare_File_70",1,216,216.00,216.00,216,216
"Compare_File_347",1,216,216.00,216.00,216,216
"Compare_File_3257",1,216,216.00,216.00,216,216
"Compare_File_2283",1,215,215.00,215.00,215,215
"Compare_File_315",1,214,214.00,214.00,214,214
"Compare_File_3953",1,214,214.00,214.00,214,214
"Compare_File_2358",1,214,214.00,214.00,214,214
"Compare_File_3260",1,213,213.00,213.00,213,213
"Compare_File_3779",1,213,213.00,213.00,213,213
"Compare_File_3230",1,213,213.00,213.00,213,213
"Compare_File_3723",1,213,213.00,213.00,213,213
"Compare_File_829",1,212,212.00,212.00,212,212
"Compare_File_2808",1,212,212.00,212.00,212,212
"Compare_File_2973",1,211,211.00,211.00,211,211
"Compare_File_3050",1,211,211.00,211.00,211,211
"Compare_File_1769",1,211,211.00,211.00,211,211
"Compare_File_1268",1,211,211.00,211.00,211,211
"Compare_File_3873",1,211,211.00,211.00,211,211
"Compare_File_391",1,211,211.00,211.00,211,211
"Compare_File_1504",1,211,211.00,211.00,211,211
"Compare_File_3150",1,210,210.00,210.00,210,210
"Compare_File_2598",1,210,210.00,210.00,210,210
"Compare_File_997",1,209,209.00,209.00,209,209
"Compare_File_3737",1,208,208.00,208.00,208,208
"Compare_File_2639",1,208,208.00,208.00,208,208
"Compare_File_2221",1,207,207.00,207.00,207,207
"Compare_File_3860",1,207,207.00,207.00,207,207
"Compare_File_3085",1,207,207.00,207.00,207,207
"Compare_File_312",1,207,207.00,207.00,207,207
"Compare_File_1087",1,207,207.00,207.00,207,207
"Compare_File_3769",1,207,207.00,207.00,207,207
"Compare_File_68",1,206,206.00,206.00,206,206
"Compare_File_1565",1,206,206.00,206.00,206,206
"Compare_File_309",1,205,205.00,205.00,205,205
"Compare_File_317",1,205,205.00,205.00,205,205
"Compare_File_398",1,205,205.00,205.00,205,205
"Compare_File_1620",1,204,204.00,204.00,204,204
"Compare_File_2883",1,204,204.00,204.00,204,204
"Compare_File_1019",1,203,203.00,203.00,203,203
"Compare_File_1737",1,203,203.00,203.00,203,203
"Compare_File_3263",1,202,202.00,202.00,202,202
"Compare_File_1525",1,201,201.00,201.00,201,201
"Compare_File_907",1,200,200.00,200.00,200,200
"Compare_File_3725",1,199,199.00,199.00,199,199
"Compare_File_2206",1,199,199.00,199.00,199,199
"Compare_File_3305",1,198,198.00,198.00,198,198
"Compare_File_1261",1,198,198.00,198.00,198,198
"Compare_File_2140",1,198,198.00,198.00,198,198
"Compare_File_3756",1,198,198.00,198.00,198,198
"Compare_File_3322",1,198,198.00,198.00,198,198
"Compare_File_2619",1,197,197.00,197.00,197,197
"Compare_File_2187",1,197,197.00,197.00,197,197
"Compare_File_3878",1,197,197.00,197.00,197,197
"Compare_File_3850",1,197,197.00,197.00,197,197
"Compare_File_930",1,197,197.00,197.00,197,197
"Compare_File_3062",1,196,196.00,196.00,196,196
"Compare_File_3767",1,196,196.00,196.00,196,196
"Compare_File_3019",1,196,196.00,196.00,196,196
"Compare_File_2500",1,196,196.00,196.00,196,196
"Compare_File_2482",1,195,195.00,195.00,195,195
"Compare_File_1005",1,195,195.00,195.00,195,195
"Compare_File_3258",1,194,194.00,194.00,194,194
"Compare_File_1887",1,193,193.00,193.00,193,193
"Compare_File_3323",1,193,193.00,193.00,193,193
"Compare_File_213",1,193,193.00,193.00,193,193
"Compare_File_2986",1,192,192.00,192.00,192,192
"Compare_File_334",1,192,192.00,192.00,192,192
"Compare_File_3722",1,191,191.00,191.00,191,191
"Compare_File_58",1,191,191.00,191.00,191,191
"Compare_File_1777",1,190,190.00,190.00,190,190
"Compare_File_2796",1,190,190.00,190.00,190,190
"Compare_File_495",1,190,190.00,190.00,190,190
"Compare_File_273",1,190,190.00,190.00,190,190
"Compare_File_3851",1,189,189.00,189.00,189,189
"Compare_File_3052",1,189,189.00,189.00,189,189
"Compare_File_866",1,188,188.00,188.00,188,188
"Compare_File_369",1,188,188.00,188.00,188,188
"Compare_File_1475",1,188,188.00,188.00,188,188
"Compare_File_579",1,187,187.00,187.00,187,187
"Compare_File_690",1,187,187.00,187.00,187,187
"Compare_File_1002",1,187,187.00,187.00,187,187
"Compare_File_285",1,187,187.00,187.00,187,187
"Compare_File_3057",1,186,186.00,186.00,186,186
"Compare_File_3313",1,186,186.00,186.00,186,186
"Compare_File_3538",1,185,185.00,185.00,185,185
"Compare_File_3717",1,185,185.00,185.00,185,185
"Compare_File_609",1,185,185.00,185.00,185,185
"Compare_File_2363",1,184,184.00,184.00,184,184
"Compare_File_1126",1,184,184.00,184.00,184,184
"Compare_File_221",1,184,184.00,184.00,184,184
"Compare_File_2551",1,183,183.00,183.00,183,183
"Compare_File_3862",1,182,182.00,182.00,182,182
"Compare_File_3669",1,182,182.00,182.00,182,182
"Compare_File_75",1,181,181.00,181.00,181,181
"Compare_File_3384",1,181,181.00,181.00,181,181
"Compare_File_3337",1,180,180.00,180.00,180,180
"Compare_File_2094",1,180,180.00,180.00,180,180
"Compare_File_3759",1,180,180.00,180.00,180,180
"Compare_File_2565",1,180,180.00,180.00,180,180
"Compare_File_715",1,179,179.00,179.00,179,179
"Compare_File_447",1,179,179.00,179.00,179,179
"Compare_File_2331",1,178,178.00,178.00,178,178
"Compare_File_3171",1,178,178.00,178.00,178,178
"Compare_File_2855",1,177,177.00,177.00,177,177
"Compare_File_246",1,177,177.00,177.00,177,177
"Compare_File_2535",1,177,177.00,177.00,177,177
"Compare_File_2641",1,176,176.00,176.00,176,176
"Compare_File_2803",1,176,176.00,176.00,176,176
"Compare_File_3955",1,176,176.00,176.00,176,176
"Compare_File_60",1,175,175.00,175.00,175,175
"Compare_File_1380",1,175,175.00,175.00,175,175
"Compare_File_2207",1,175,175.00,175.00,175,175
"Compare_File_2964",1,174,174.00,174.00,174,174
"Compare_File_3705",1,174,174.00,174.00,174,174
"Compare_File_3400",1,174,174.00,174.00,174,174
"Compare_File_1312",1,174,174.00,174.00,174,174
"Compare_File_3770",1,173,173.00,173.00,173,173
"Compare_File_864",1,173,173.00,173.00,173,173
"Compare_File_2592",1,173,173.00,173.00,173,173
"Compare_File_62",1,173,173.00,173.00,173,173
"Compare_File_377",1,173,173.00,173.00,173,173
"Compare_File_270",1,172,172.00,172.00,172,172
"Compare_File_3960",1,172,172.00,172.00,172,172
"Compare_File_2191",1,172,172.00,172.00,172,172
"Compare_File_3443",1,171,171.00,171.00,171,171
"Compare_File_834",1,170,170.00,170.00,170,170
"Compare_File_2976",1,170,170.00,170.00,170,170
"Compare_File_348",1,169,169.00,169.00,169,169
"Compare_File_2244",1,169,169.00,169.00,169,169
"Compare_File_1950",1,169,169.00,169.00,169,169
"Compare_File_1581",1,169,169.00,169.00,169,169
"Compare_File_3959",1,168,168.00,168.00,168,168
"Compare_File_389",1,168,168.00,168.00,168,168
"Compare_File_1931",1,168,168.00,168.00,168,168
"Compare_File_3088",1,168,168.00,168.00,168,168
"Compare_File_33",1,168,168.00,168.00,168,168
"Compare_File_370",1,167,167.00,167.00,167,167
"Compare_File_490",1,167,167.00,167.00,167,167
"Compare_File_3958",1,166,166.00,166.00,166,166
"Compare_File_3753",1,166,166.00,166.00,166,166
"Compare_File_2176",1,166,166.00,166.00,166,166
"Compare_File_3355",1,166,166.00,166.00,166,166
"Compare_File_2844",1,165,165.00,165.00,165,165
"Compare_File_1865",1,165,165.00,165.00,165,165
"Compare_File_1810",1,165,165.00,165.00,165,165
"Compare_File_55",1,165,165.00,165.00,165,165
"Compare_File_2396",1,165,165.00,165.00,165,165
"Compare_File_1446",1,164,164.00,164.00,164,164
"Compare_File_3757",1,164,164.00,164.00,164,164
"Compare_File_3286",1,163,163.00,163.00,163,163
"Compare_File_2326",1,163,163.00,163.00,163,163
"Compare_File_3966",1,163,163.00,163.00,163,163
"Compare_File_1486",1,162,162.00,162.00,162,162
"Compare_File_3964",1,162,162.00,162.00,162,162
"Compare_File_1872",1,162,162.00,162.00,162,162
"Compare_File_862",1,162,162.00,162.00,162,162
"Compare_File_110",1,161,161.00,161.00,161,161
"Compare_File_1016",1,161,161.00,161.00,161,161
"Compare_File_188",1,161,161.00,161.00,161,161
"Compare_File_3957",1,160,160.00,160.00,160,160
"Compare_File_1839",1,160,160.00,160.00,160,160
"Compare_File_2969",1,159,159.00,159.00,159,159
"Compare_File_427",1,159,159.00,159.00,159,159
"Compare_File_367",1,159,159.00,159.00,159,159
"Compare_File_3144",1,159,159.00,159.00,159,159
"Compare_File_3735",1,159,159.00,159.00,159,159
"Compare_File_2061",1,158,158.00,158.00,158,158
"Compare_File_2572",1,158,158.00,158.00,158,158
"Compare_File_1861",1,158,158.00,158.00,158,158
"Compare_File_2072",1,157,157.00,157.00,157,157
"Compare_File_3877",1,157,157.00,157.00,157,157
"Compare_File_1870",1,157,157.00,157.00,157,157
"Compare_File_2243",1,157,157.00,157.00,157,157
"Compare_File_230",1,157,157.00,157.00,157,157
"Compare_File_346",1,156,156.00,156.00,156,156
"Compare_File_1412",1,156,156.00,156.00,156,156
"Compare_File_1997",1,156,156.00,156.00,156,156
"Compare_File_1863",1,156,156.00,156.00,156,156
"Compare_File_384",1,156,156.00,156.00,156,156
"Compare_File_2159",1,156,156.00,156.00,156,156
"Compare_File_219",1,156,156.00,156.00,156,156
"Compare_File_228",1,155,155.00,155.00,155,155
"Compare_File_1092",1,155,155.00,155.00,155,155
"Compare_File_1568",1,155,155.00,155.00,155,155
"Compare_File_3343",1,155,155.00,155.00,155,155
"Compare_File_3388",1,155,155.00,155.00,155,155
"Compare_File_1308",1,155,155.00,155.00,155,155
"Compare_File_1496",1,154,154.00,154.00,154,154
"Compare_File_452",1,154,154.00,154.00,154,154
"Compare_File_3861",1,154,154.00,154.00,154,154
"Compare_File_3237",1,154,154.00,154.00,154,154
"Compare_File_3139",1,154,154.00,154.00,154,154
"Compare_File_2219",1,154,154.00,154.00,154,154
"Compare_File_1624",1,154,154.00,154.00,154,154
"Compare_File_2718",1,154,154.00,154.00,154,154
"Compare_File_3747",1,153,153.00,153.00,153,153
"Compare_File_3889",1,153,153.00,153.00,153,153
"Compare_File_3114",1,153,153.00,153.00,153,153
"Compare_File_356",1,153,153.00,153.00,153,153
"Compare_File_3761",1,153,153.00,153.00,153,153
"Compare_File_1953",1,153,153.00,153.00,153,153
"Compare_File_3734",1,152,152.00,152.00,152,152
"Compare_File_3891",1,152,152.00,152.00,152,152
"Compare_File_3888",1,152,152.00,152.00,152,152
"Compare_File_3345",1,150,150.00,150.00,150,150
"Compare_File_3886",1,150,150.00,150.00,150,150
"Compare_File_2432",1,150,150.00,150.00,150,150
"Compare_File_3883",1,150,150.00,150.00,150,150
"Compare_File_3857",1,150,150.00,150.00,150,150
"Compare_File_1890",1,150,150.00,150.00,150,150
"Compare_File_3962",1,149,149.00,149.00,149,149
"Compare_File_378",1,149,149.00,149.00,149,149
"Compare_File_1866",1,149,149.00,149.00,149,149
"Compare_File_3712",1,149,149.00,149.00,149,149
"Compare_File_376",1,148,148.00,148.00,148,148
"Compare_File_739",1,148,148.00,148.00,148,148
"Compare_File_3201",1,148,148.00,148.00,148,148
"Compare_File_1243",1,148,148.00,148.00,148,148
"Compare_File_867",1,148,148.00,148.00,148,148
"Compare_File_1867",1,147,147.00,147.00,147,147
"Compare_File_2903",1,147,147.00,147.00,147,147
"Compare_File_293",1,147,147.00,147.00,147,147
"Compare_File_130",1,147,147.00,147.00,147,147
"Compare_File_892",1,147,147.00,147.00,147,147
"Compare_File_1923",1,146,146.00,146.00,146,146
"Compare_File_1529",1,146,146.00,146.00,146,146
"Compare_File_3783",1,146,146.00,146.00,146,146
"Compare_File_3347",1,146,146.00,146.00,146,146
"Compare_File_366",1,145,145.00,145.00,145,145
"Compare_File_365",1,145,145.00,145.00,145,145
"Compare_File_880",1,145,145.00,145.00,145,145
"Compare_File_1045",1,145,145.00,145.00,145,145
"Compare_File_1888",1,145,145.00,145.00,145,145
"Compare_File_2689",1,145,145.00,145.00,145,145
"Compare_File_1156",1,145,145.00,145.00,145,145
"Compare_File_3944",1,145,145.00,145.00,145,145
"Compare_File_3749",1,145,145.00,145.00,145,145
"Compare_File_875",1,144,144.00,144.00,144,144
"Compare_File_550",1,144,144.00,144.00,144,144
"Compare_File_3047",1,144,144.00,144.00,144,144
"Compare_File_3348",1,144,144.00,144.00,144,144
"Compare_File_1569",1,144,144.00,144.00,144,144
"Compare_File_385",1,144,144.00,144.00,144,144
"Compare_File_3746",1,143,143.00,143.00,143,143
"Compare_File_3868",1,143,143.00,143.00,143,143
"Compare_File_1816",1,143,143.00,143.00,143,143
"Compare_File_225",1,142,142.00,142.00,142,142
"Compare_File_2059",1,142,142.00,142.00,142,142
"Compare_File_717",1,142,142.00,142.00,142,142
"Compare_File_3338",1,142,142.00,142.00,142,142
"Compare_File_274",1,142,142.00,142.00,142,142
"Compare_File_2924",1,141,141.00,141.00,141,141
"Compare_File_1570",1,141,141.00,141.00,141,141
"Compare_File_373",1,141,141.00,141.00,141,141
"Compare_File_938",1,141,141.00,141.00,141,141
"Compare_File_383",1,141,141.00,141.00,141,141
"Compare_File_3942",1,141,141.00,141.00,141,141
"Compare_File_1556",1,141,141.00,141.00,141,141
"Compare_File_3316",1,140,140.00,140.00,140,140
"Compare_File_3008",1,140,140.00,140.00,140,140
"Compare_File_354",1,140,140.00,140.00,140,140
"Compare_File_3315",1,140,140.00,140.00,140,140
"Compare_File_158",1,140,140.00,140.00,140,140
"Compare_File_1671",1,140,140.00,140.00,140,140
"Compare_File_1417",1,139,139.00,139.00,139,139
"Compare_File_1869",1,138,138.00,138.00,138,138
"Compare_File_3872",1,138,138.00,138.00,138,138
"Compare_File_3741",1,138,138.00,138.00,138,138
"Compare_File_1702",1,138,138.00,138.00,138,138
"Compare_File_2218",1,137,137.00,137.00,137,137
"Compare_File_1199",1,137,137.00,137.00,137,137
"Compare_File_3864",1,137,137.00,137.00,137,137
"Compare_File_388",1,137,137.00,137.00,137,137
"Compare_File_294",1,137,137.00,137.00,137,137
"Compare_File_3120",1,137,137.00,137.00,137,137
"Compare_File_3713",1,136,136.00,136.00,136,136
"Compare_File_2949",1,136,136.00,136.00,136,136
"Compare_File_1727",1,136,136.00,136.00,136,136
"Compare_File_1309",1,136,136.00,136.00,136,136
"Compare_File_1418",1,135,135.00,135.00,135,135
"Compare_File_1283",1,135,135.00,135.00,135,135
"Compare_File_124",1,135,135.00,135.00,135,135
"Compare_File_2349",1,135,135.00,135.00,135,135
"Compare_File_267",1,134,134.00,134.00,134,134
"Compare_File_3427",1,134,134.00,134.00,134,134
"Compare_File_3398",1,134,134.00,134.00,134,134
"Compare_File_2579",1,134,134.00,134.00,134,134
"Compare_File_2989",1,134,134.00,134.00,134,134
"Compare_File_600",1,134,134.00,134.00,134,134
"Compare_File_3262",1,134,134.00,134.00,134,134
"Compare_File_2088",1,133,133.00,133.00,133,133
"Compare_File_3341",1,133,133.00,133.00,133,133
"Compare_File_251",1,133,133.00,133.00,133,133
"Compare_File_3490",1,133,133.00,133.00,133,133
"Compare_File_874",1,133,133.00,133.00,133,133
"Compare_File_3721",1,133,133.00,133.00,133,133
"Compare_File_3949",1,133,133.00,133.00,133,133
"Compare_File_1829",1,133,133.00,133.00,133,133
"Compare_File_2816",1,132,132.00,132.00,132,132
"Compare_File_295",1,132,132.00,132.00,132,132
"Compare_File_3885",1,132,132.00,132.00,132,132
"Compare_File_3390",1,132,132.00,132.00,132,132
"Compare_File_1763",1,132,132.00,132.00,132,132
"Compare_File_2977",1,132,132.00,132.00,132,132
"Compare_File_1311",1,132,132.00,132.00,132,132
"Compare_File_1566",1,131,131.00,131.00,131,131
"Compare_File_3945",1,131,131.00,131.00,131,131
"Compare_File_882",1,131,131.00,131.00,131,131
"Compare_File_3371",1,131,131.00,131.00,131,131
"Compare_File_1379",1,130,130.00,130.00,130,130
"Compare_File_679",1,130,130.00,130.00,130,130
"Compare_File_1416",1,130,130.00,130.00,130,130
"Compare_File_3145",1,130,130.00,130.00,130,130
"Compare_File_1012",1,129,129.00,129.00,129,129
"Compare_File_1419",1,129,129.00,129.00,129,129
"Compare_File_1062",1,129,129.00,129.00,129,129
"Compare_File_3867",1,129,129.00,129.00,129,129
"Compare_File_3409",1,128,128.00,128.00,128,128
"Compare_File_765",1,128,128.00,128.00,128,128
"Compare_File_3187",1,128,128.00,128.00,128,128
"Compare_File_3968",1,128,128.00,128.00,128,128
"Compare_File_3105",1,128,128.00,128.00,128,128
"Compare_File_3856",1,128,128.00,128.00,128,128
"Compare_File_2123",1,128,128.00,128.00,128,128
"Compare_File_287",1,128,128.00,128.00,128,128
"Compare_File_869",1,128,128.00,128.00,128,128
"Compare_File_3151",1,128,128.00,128.00,128,128
"Compare_File_3870",1,127,127.00,127.00,127,127
"Compare_File_30",1,127,127.00,127.00,127,127
"Compare_File_2310",1,127,127.00,127.00,127,127
"Compare_File_519",1,127,127.00,127.00,127,127
"Compare_File_2248",1,127,127.00,127.00,127,127
"Compare_File_276",1,127,127.00,127.00,127,127
"Compare_File_374",1,126,126.00,126.00,126,126
"Compare_File_877",1,126,126.00,126.00,126,126
"Compare_File_1704",1,126,126.00,126.00,126,126
"Compare_File_2782",1,126,126.00,126.00,126,126
"Compare_File_379",1,126,126.00,126.00,126,126
"Compare_File_1207",1,126,126.00,126.00,126,126
"Compare_File_1746",1,126,126.00,126.00,126,126
"Compare_File_266",1,126,126.00,126.00,126,126
"Compare_File_811",1,125,125.00,125.00,125,125
"Compare_File_1857",1,125,125.00,125.00,125,125
"Compare_File_362",1,125,125.00,125.00,125,125
"Compare_File_2460",1,125,125.00,125.00,125,125
"Compare_File_3729",1,125,125.00,125.00,125,125
"Compare_File_3362",1,125,125.00,125.00,125,125
"Compare_File_2771",1,124,124.00,124.00,124,124
"Compare_File_3055",1,124,124.00,124.00,124,124
"Compare_File_3209",1,124,124.00,124.00,124,124
"Compare_File_3916",1,124,124.00,124.00,124,124
"Compare_File_1710",1,124,124.00,124.00,124,124
"Compare_File_3865",1,124,124.00,124.00,124,124
"Compare_File_2409",1,124,124.00,124.00,124,124
"Compare_File_2713",1,124,124.00,124.00,124,124
"Compare_File_890",1,123,123.00,123.00,123,123
"Compare_File_3707",1,123,123.00,123.00,123,123
"Compare_File_460",1,122,122.00,122.00,122,122
"Compare_File_2840",1,122,122.00,122.00,122,122
"Compare_File_382",1,121,121.00,121.00,121,121
"Compare_File_2484",1,121,121.00,121.00,121,121
"Compare_File_3193",1,121,121.00,121.00,121,121
"Compare_File_2795",1,121,121.00,121.00,121,121
"Compare_File_351",1,121,121.00,121.00,121,121
"Compare_File_1572",1,121,121.00,121.00,121,121
"Compare_File_3732",1,121,121.00,121.00,121,121
"Compare_File_1571",1,121,121.00,121.00,121,121
"Compare_File_999",1,121,121.00,121.00,121,121
"Compare_File_3372",1,120,120.00,120.00,120,120
"Compare_File_1658",1,120,120.00,120.00,120,120
"Compare_File_469",1,120,120.00,120.00,120,120
"Compare_File_1999",1,120,120.00,120.00,120,120
"Compare_File_3893",1,119,119.00,119.00,119,119
"Compare_File_688",1,119,119.00,119.00,119,119
"Compare_File_400",1,119,119.00,119.00,119,119
"Compare_File_3210",1,119,119.00,119.00,119,119
"Compare_File_363",1,119,119.00,119.00,119,119
"Compare_File_3895",1,119,119.00,119.00,119,119
"Compare_File_3034",1,118,118.00,118.00,118,118
"Compare_File_1015",1,118,118.00,118.00,118,118
"Compare_File_885",1,118,118.00,118.00,118,118
"Compare_File_3711",1,118,118.00,118.00,118,118
"Compare_File_3894",1,118,118.00,118.00,118,118
"Compare_File_796",1,118,118.00,118.00,118,118
"Compare_File_3937",1,118,118.00,118.00,118,118
"Compare_File_3876",1,118,118.00,118.00,118,118
"Compare_File_32",1,117,117.00,117.00,117,117
"Compare_File_35",1,117,117.00,117.00,117,117
"Compare_File_2978",1,117,117.00,117.00,117,117
"Compare_File_240",1,117,117.00,117.00,117,117
"Compare_File_3731",1,116,116.00,116.00,116,116
"Compare_File_3188",1,116,116.00,116.00,116,116
"Compare_File_3733",1,116,116.00,116.00,116,116
"Compare_File_3582",1,116,116.00,116.00,116,116
"Compare_File_2558",1,116,116.00,116.00,116,116
"Compare_File_2104",1,116,116.00,116.00,116,116
"Compare_File_1576",1,116,116.00,116.00,116,116
"Compare_File_3970",1,116,116.00,116.00,116,116
"Compare_File_863",1,116,116.00,116.00,116,116
"Compare_File_1439",1,115,115.00,115.00,115,115
"Compare_File_1578",1,115,115.00,115.00,115,115
"Compare_File_1575",1,115,115.00,115.00,115,115
"Compare_File_1814",1,114,114.00,114.00,114,114
"Compare_File_2122",1,114,114.00,114.00,114,114
"Compare_File_3072",1,114,114.00,114.00,114,114
"Compare_File_216",1,114,114.00,114.00,114,114
"Compare_File_1726",1,114,114.00,114.00,114,114
"Compare_File_3138",1,114,114.00,114.00,114,114
"Compare_File_735",1,113,113.00,113.00,113,113
"Compare_File_215",1,113,113.00,113.00,113,113
"Compare_File_1609",1,113,113.00,113.00,113,113
"Compare_File_1574",1,113,113.00,113.00,113,113
"Compare_File_3526",1,113,113.00,113.00,113,113
"Compare_File_3939",1,113,113.00,113.00,113,113
"Compare_File_1725",1,113,113.00,113.00,113,113
"Compare_File_2162",1,113,113.00,113.00,113,113
"Compare_File_1881",1,113,113.00,113.00,113,113
"Compare_File_2367",1,112,112.00,112.00,112,112
"Compare_File_431",1,112,112.00,112.00,112,112
"Compare_File_2370",1,112,112.00,112.00,112,112
"Compare_File_1580",1,112,112.00,112.00,112,112
"Compare_File_3219",1,112,112.00,112.00,112,112
"Compare_File_883",1,111,111.00,111.00,111,111
"Compare_File_3714",1,111,111.00,111.00,111,111
"Compare_File_3051",1,111,111.00,111.00,111,111
"Compare_File_345",1,111,111.00,111.00,111,111
"Compare_File_2785",1,111,111.00,111.00,111,111
"Compare_File_1878",1,111,111.00,111.00,111,111
"Compare_File_3887",1,111,111.00,111.00,111,111
"Compare_File_1023",1,111,111.00,111.00,111,111
"Compare_File_344",1,111,111.00,111.00,111,111
"Compare_File_3073",1,110,110.00,110.00,110,110
"Compare_File_53",1,110,110.00,110.00,110,110
"Compare_File_1223",1,110,110.00,110.00,110,110
"Compare_File_2596",1,110,110.00,110.00,110,110
"Compare_File_395",1,110,110.00,110.00,110,110
"Compare_File_2620",1,110,110.00,110.00,110,110
"Compare_File_166",1,110,110.00,110.00,110,110
"Compare_File_3352",1,110,110.00,110.00,110,110
"Compare_File_870",1,110,110.00,110.00,110,110
"Compare_File_375",1,110,110.00,110.00,110,110
"Compare_File_1680",1,110,110.00,110.00,110,110
"Compare_File_2797",1,110,110.00,110.00,110,110
"Compare_File_3312",1,109,109.00,109.00,109,109
"Compare_File_865",1,109,109.00,109.00,109,109
"Compare_File_85",1,109,109.00,109.00,109,109
"Compare_File_3367",1,109,109.00,109.00,109,109
"Compare_File_1582",1,109,109.00,109.00,109,109
"Compare_File_1773",1,109,109.00,109.00,109,109
"Compare_File_1184",1,109,109.00,109.00,109,109
"Compare_File_584",1,108,108.00,108.00,108,108
"Compare_File_1791",1,108,108.00,108.00,108,108
"Compare_File_3296",1,108,108.00,108.00,108,108
"Compare_File_903",1,108,108.00,108.00,108,108
"Compare_File_120",1,107,107.00,107.00,107,107
"Compare_File_3739",1,107,107.00,107.00,107,107
"Compare_File_145",1,107,107.00,107.00,107,107
"Compare_File_2723",1,107,107.00,107.00,107,107
"Compare_File_2388",1,107,107.00,107.00,107,107
"Compare_File_1650",1,107,107.00,107.00,107,107
"Compare_File_3782",1,107,107.00,107.00,107,107
"Compare_File_1567",1,107,107.00,107.00,107,107
"Compare_File_3724",1,107,107.00,107.00,107,107
"Compare_File_1858",1,107,107.00,107.00,107,107
"Compare_File_2879",1,107,107.00,107.00,107,107
"Compare_File_3880",1,107,107.00,107.00,107,107
"Compare_File_3078",1,107,107.00,107.00,107,107
"Compare_File_248",1,107,107.00,107.00,107,107
"Compare_File_406",1,106,106.00,106.00,106,106
"Compare_File_3020",1,106,106.00,106.00,106,106
"Compare_File_3719",1,106,106.00,106.00,106,106
"Compare_File_1583",1,106,106.00,106.00,106,106
"Compare_File_1970",1,106,106.00,106.00,106,106
"Compare_File_3063",1,106,106.00,106.00,106,106
"Compare_File_3926",1,106,106.00,106.00,106,106
"Compare_File_371",1,105,105.00,105.00,105,105
"Compare_File_66",1,105,105.00,105.00,105,105
"Compare_File_1868",1,105,105.00,105.00,105,105
"Compare_File_1179",1,105,105.00,105.00,105,105
"Compare_File_3881",1,105,105.00,105.00,105,105
"Compare_File_390",1,105,105.00,105.00,105,105
"Compare_File_1025",1,105,105.00,105.00,105,105
"Compare_File_1668",1,105,105.00,105.00,105,105
"Compare_File_896",1,105,105.00,105.00,105,105
"Compare_File_2815",1,105,105.00,105.00,105,105
"Compare_File_1855",1,105,105.00,105.00,105,105
"Compare_File_3917",1,105,105.00,105.00,105,105
"Compare_File_1860",1,104,104.00,104.00,104,104
"Compare_File_1990",1,104,104.00,104.00,104,104
"Compare_File_36",1,104,104.00,104.00,104,104
"Compare_File_3882",1,104,104.00,104.00,104,104
"Compare_File_2421",1,104,104.00,104.00,104,104
"Compare_File_1875",1,104,104.00,104.00,104,104
"Compare_File_3361",1,104,104.00,104.00,104,104
"Compare_File_2908",1,104,104.00,104.00,104,104
"Compare_File_59",1,103,103.00,103.00,103,103
"Compare_File_1964",1,103,103.00,103.00,103,103
"Compare_File_1849",1,103,103.00,103.00,103,103
"Compare_File_795",1,103,103.00,103.00,103,103
"Compare_File_3758",1,103,103.00,103.00,103,103
"Compare_File_3904",1,103,103.00,103.00,103,103
"Compare_File_2677",1,103,103.00,103.00,103,103
"Compare_File_3736",1,103,103.00,103.00,103,103
"Compare_File_2913",1,103,103.00,103.00,103,103
"Compare_File_3899",1,103,103.00,103.00,103,103
"Compare_File_3905",1,102,102.00,102.00,102,102
"Compare_File_231",1,102,102.00,102.00,102,102
"Compare_File_2458",1,102,102.00,102.00,102,102
"Compare_File_3801",1,102,102.00,102.00,102,102
"Compare_File_3932",1,102,102.00,102.00,102,102
"Compare_File_2757",1,102,102.00,102.00,102,102
"Compare_File_392",1,102,102.00,102.00,102,102
"Compare_File_181",1,102,102.00,102.00,102,102
"Compare_File_461",1,102,102.00,102.00,102,102
"Compare_File_1332",1,102,102.00,102.00,102,102
"Compare_File_3346",1,102,102.00,102.00,102,102
"Compare_File_3715",1,102,102.00,102.00,102,102
"Compare_File_3929",1,101,101.00,101.00,101,101
"Compare_File_200",1,101,101.00,101.00,101,101
"Compare_File_2058",1,101,101.00,101.00,101,101
"Compare_File_3866",1,101,101.00,101.00,101,101
"Compare_File_2894",1,101,101.00,101.00,101,101
"Compare_File_3092",1,101,101.00,101.00,101,101
"Compare_File_263",1,100,100.00,100.00,100,100
"Compare_File_3890",1,100,100.00,100.00,100,100
"Compare_File_2842",1,100,100.00,100.00,100,100
"Compare_File_229",1,100,100.00,100.00,100,100
"Compare_File_3745",1,100,100.00,100.00,100,100
"Compare_File_1408",1,100,100.00,100.00,100,100
"Compare_File_1470",1,100,100.00,100.00,100,100
"Compare_File_3339",1,100,100.00,100.00,100,100
"Compare_File_3943",1,100,100.00,100.00,100,100
"Compare_File_3281",1,100,100.00,100.00,100,100
"Compare_File_1604",1,100,100.00,100.00,100,100
"Compare_File_842",1,99,99.00,99.00,99,99
"Compare_File_2060",1,99,99.00,99.00,99,99
"Compare_File_3913",1,99,99.00,99.00,99,99
"Compare_File_2146",1,99,99.00,99.00,99,99
"Compare_File_1557",1,99,99.00,99.00,99,99
"Compare_File_144",1,99,99.00,99.00,99,99
"Compare_File_2086",1,99,99.00,99.00,99,99
"Compare_File_3716",1,99,99.00,99.00,99,99
"Compare_File_2203",1,99,99.00,99.00,99,99
"Compare_File_1483",1,99,99.00,99.00,99,99
"Compare_File_298",1,99,99.00,99.00,99,99
"Compare_File_1551",1,99,99.00,99.00,99,99
"Compare_File_420",1,99,99.00,99.00,99,99
"Compare_File_2781",1,99,99.00,99.00,99,99
"Compare_File_3901",1,98,98.00,98.00,98,98
"Compare_File_1540",1,98,98.00,98.00,98,98
"Compare_File_1636",1,98,98.00,98.00,98,98
"Compare_File_640",1,98,98.00,98.00,98,98
"Compare_File_3744",1,97,97.00,97.00,97,97
"Compare_File_1584",1,97,97.00,97.00,97,97
"Compare_File_3269",1,97,97.00,97.00,97,97
"Compare_File_268",1,97,97.00,97.00,97,97
"Compare_File_1959",1,97,97.00,97.00,97,97
"Compare_File_839",1,97,97.00,97.00,97,97
"Compare_File_1014",1,97,97.00,97.00,97,97
"Compare_File_299",1,97,97.00,97.00,97,97
"Compare_File_3738",1,96,96.00,96.00,96,96
"Compare_File_3240",1,96,96.00,96.00,96,96
"Compare_File_1595",1,96,96.00,96.00,96,96
"Compare_File_3484",1,96,96.00,96.00,96,96
"Compare_File_214",1,96,96.00,96.00,96,96
"Compare_File_1591",1,96,96.00,96.00,96,96
"Compare_File_1980",1,96,96.00,96.00,96,96
"Compare_File_1549",1,96,96.00,96.00,96,96
"Compare_File_3743",1,96,96.00,96.00,96,96
"Compare_File_3871",1,95,95.00,95.00,95,95
"Compare_File_396",1,95,95.00,95.00,95,95
"Compare_File_1874",1,95,95.00,95.00,95,95
"Compare_File_1361",1,95,95.00,95.00,95,95
"Compare_File_3903",1,95,95.00,95.00,95,95
"Compare_File_1555",1,95,95.00,95.00,95,95
"Compare_File_1717",1,94,94.00,94.00,94,94
"Compare_File_64",1,94,94.00,94.00,94,94
"Compare_File_3947",1,94,94.00,94.00,94,94
"Compare_File_2347",1,94,94.00,94.00,94,94
"Compare_File_2792",1,94,94.00,94.00,94,94
"Compare_File_2801",1,93,93.00,93.00,93,93
"Compare_File_1372",1,93,93.00,93.00,93,93
"Compare_File_2697",1,93,93.00,93.00,93,93
"Compare_File_1100",1,93,93.00,93.00,93,93
"Compare_File_1482",1,93,93.00,93.00,93,93
"Compare_File_3807",1,93,93.00,93.00,93,93
"Compare_File_535",1,93,93.00,93.00,93,93
"Compare_File_3223",1,93,93.00,93.00,93,93
"Compare_File_1563",1,93,93.00,93.00,93,93
"Compare_File_1120",1,92,92.00,92.00,92,92
"Compare_File_3892",1,92,92.00,92.00,92,92
"Compare_File_3946",1,92,92.00,92.00,92,92
"Compare_File_1217",1,92,92.00,92.00,92,92
"Compare_File_3300",1,92,92.00,92.00,92,92
"Compare_File_1558",1,92,92.00,92.00,92,92
"Compare_File_2751",1,92,92.00,92.00,92,92
"Compare_File_1935",1,92,92.00,92.00,92,92
"Compare_File_1331",1,91,91.00,91.00,91,91
"Compare_File_2165",1,91,91.00,91.00,91,91
"Compare_File_142",1,91,91.00,91.00,91,91
"Compare_File_3809",1,91,91.00,91.00,91,91
"Compare_File_1552",1,91,91.00,91.00,91,91
"Compare_File_3709",1,91,91.00,91.00,91,91
"Compare_File_1804",1,91,91.00,91.00,91,91
"Compare_File_1585",1,91,91.00,91.00,91,91
"Compare_File_2227",1,91,91.00,91.00,91,91
"Compare_File_2062",1,91,91.00,91.00,91,91
"Compare_File_3748",1,91,91.00,91.00,91,91
"Compare_File_1618",1,91,91.00,91.00,91,91
"Compare_File_3934",1,91,91.00,91.00,91,91
"Compare_File_1250",1,90,90.00,90.00,90,90
"Compare_File_331",1,90,90.00,90.00,90,90
"Compare_File_3765",1,90,90.00,90.00,90,90
"Compare_File_1599",1,90,90.00,90.00,90,90
"Compare_File_711",1,90,90.00,90.00,90,90
"Compare_File_262",1,89,89.00,89.00,89,89
"Compare_File_3353",1,89,89.00,89.00,89,89
"Compare_File_269",1,89,89.00,89.00,89,89
"Compare_File_3137",1,89,89.00,89.00,89,89
"Compare_File_3909",1,89,89.00,89.00,89,89
"Compare_File_3907",1,89,89.00,89.00,89,89
"Compare_File_3787",1,89,89.00,89.00,89,89
"Compare_File_394",1,89,89.00,89.00,89,89
"Compare_File_3918",1,89,89.00,89.00,89,89
"Compare_File_2775",1,89,89.00,89.00,89,89
"Compare_File_2039",1,89,89.00,89.00,89,89
"Compare_File_3810",1,89,89.00,89.00,89,89
"Compare_File_1883",1,89,89.00,89.00,89,89
"Compare_File_1577",1,88,88.00,88.00,88,88
"Compare_File_2385",1,88,88.00,88.00,88,88
"Compare_File_3636",1,88,88.00,88.00,88,88
"Compare_File_63",1,88,88.00,88.00,88,88
"Compare_File_3651",1,88,88.00,88.00,88,88
"Compare_File_1846",1,88,88.00,88.00,88,88
"Compare_File_2617",1,88,88.00,88.00,88,88
"Compare_File_2652",1,88,88.00,88.00,88,88
"Compare_File_3609",1,88,88.00,88.00,88,88
"Compare_File_3302",1,88,88.00,88.00,88,88
"Compare_File_2297",1,88,88.00,88.00,88,88
"Compare_File_2793",1,87,87.00,87.00,87,87
"Compare_File_468",1,87,87.00,87.00,87,87
"Compare_File_441",1,87,87.00,87.00,87,87
"Compare_File_3710",1,87,87.00,87.00,87,87
"Compare_File_3547",1,87,87.00,87.00,87,87
"Compare_File_968",1,87,87.00,87.00,87,87
"Compare_File_38",1,87,87.00,87.00,87,87
"Compare_File_1979",1,87,87.00,87.00,87,87
"Compare_File_101",1,87,87.00,87.00,87,87
"Compare_File_2041",1,87,87.00,87.00,87,87
"Compare_File_1564",1,87,87.00,87.00,87,87
"Compare_File_3354",1,87,87.00,87.00,87,87
"Compare_File_1954",1,87,87.00,87.00,87,87
"Compare_File_3076",1,87,87.00,87.00,87,87
"Compare_File_1554",1,87,87.00,87.00,87,87
"Compare_File_3908",1,86,86.00,86.00,86,86
"Compare_File_272",1,86,86.00,86.00,86,86
"Compare_File_3178",1,86,86.00,86.00,86,86
"Compare_File_3393",1,86,86.00,86.00,86,86
"Compare_File_197",1,85,85.00,85.00,85,85
"Compare_File_1195",1,85,85.00,85.00,85,85
"Compare_File_278",1,85,85.00,85.00,85,85
"Compare_File_1119",1,85,85.00,85.00,85,85
"Compare_File_1550",1,85,85.00,85.00,85,85
"Compare_File_3720",1,85,85.00,85.00,85,85
"Compare_File_2252",1,85,85.00,85.00,85,85
"Compare_File_2205",1,85,85.00,85.00,85,85
"Compare_File_1121",1,85,85.00,85.00,85,85
"Compare_File_1683",1,85,85.00,85.00,85,85
"Compare_File_1478",1,85,85.00,85.00,85,85
"Compare_File_3812",1,84,84.00,84.00,84,84
"Compare_File_3207",1,84,84.00,84.00,84,84
"Compare_File_662",1,84,84.00,84.00,84,84
"Compare_File_2136",1,84,84.00,84.00,84,84
"Compare_File_2521",1,84,84.00,84.00,84,84
"Compare_File_3653",1,84,84.00,84.00,84,84
"Compare_File_3325",1,84,84.00,84.00,84,84
"Compare_File_2714",1,83,83.00,83.00,83,83
"Compare_File_2774",1,83,83.00,83.00,83,83
"Compare_File_2768",1,83,83.00,83.00,83,83
"Compare_File_1966",1,83,83.00,83.00,83,83
"Compare_File_1560",1,83,83.00,83.00,83,83
"Compare_File_1337",1,83,83.00,83.00,83,83
"Compare_File_3241",1,83,83.00,83.00,83,83
"Compare_File_872",1,83,83.00,83.00,83,83
"Compare_File_817",1,83,83.00,83.00,83,83
"Compare_File_2582",1,82,82.00,82.00,82,82
"Compare_File_3162",1,82,82.00,82.00,82,82
"Compare_File_3900",1,82,82.00,82.00,82,82
"Compare_File_1693",1,82,82.00,82.00,82,82
"Compare_File_3859",1,82,82.00,82.00,82,82
"Compare_File_1944",1,82,82.00,82.00,82,82
"Compare_File_2923",1,82,82.00,82.00,82,82
"Compare_File_430",1,82,82.00,82.00,82,82
"Compare_File_3898",1,82,82.00,82.00,82,82
"Compare_File_2334",1,82,82.00,82.00,82,82
"Compare_File_1561",1,81,81.00,81.00,81,81
"Compare_File_1938",1,81,81.00,81.00,81,81
"Compare_File_3356",1,81,81.00,81.00,81,81
"Compare_File_2022",1,81,81.00,81.00,81,81
"Compare_File_1657",1,81,81.00,81.00,81,81
"Compare_File_3381",1,81,81.00,81.00,81,81
"Compare_File_3521",1,81,81.00,81.00,81,81
"Compare_File_1117",1,81,81.00,81.00,81,81
"Compare_File_3978",1,81,81.00,81.00,81,81
"Compare_File_2627",1,81,81.00,81.00,81,81
"Compare_File_381",1,80,80.00,80.00,80,80
"Compare_File_2580",1,80,80.00,80.00,80,80
"Compare_File_552",1,80,80.00,80.00,80,80
"Compare_File_2145",1,80,80.00,80.00,80,80
"Compare_File_3357",1,80,80.00,80.00,80,80
"Compare_File_819",1,80,80.00,80.00,80,80
"Compare_File_3938",1,80,80.00,80.00,80,80
"Compare_File_3768",1,80,80.00,80.00,80,80
"Compare_File_3136",1,80,80.00,80.00,80,80
"Compare_File_1335",1,80,80.00,80.00,80,80
"Compare_File_1532",1,79,79.00,79.00,79,79
"Compare_File_3662",1,79,79.00,79.00,79,79
"Compare_File_2183",1,79,79.00,79.00,79,79
"Compare_File_1148",1,79,79.00,79.00,79,79
"Compare_File_3399",1,79,79.00,79.00,79,79
"Compare_File_271",1,79,79.00,79.00,79,79
"Compare_File_3016",1,79,79.00,79.00,79,79
"Compare_File_342",1,79,79.00,79.00,79,79
"Compare_File_921",1,79,79.00,79.00,79,79
"Compare_File_3333",1,79,79.00,79.00,79,79
"Compare_File_1209",1,79,79.00,79.00,79,79
"Compare_File_343",1,79,79.00,79.00,79,79
"Compare_File_161",1,79,79.00,79.00,79,79
"Compare_File_2654",1,78,78.00,78.00,78,78
"Compare_File_1862",1,78,78.00,78.00,78,78
"Compare_File_2759",1,78,78.00,78.00,78,78
"Compare_File_3290",1,78,78.00,78.00,78,78
"Compare_File_681",1,78,78.00,78.00,78,78
"Compare_File_3135",1,78,78.00,78.00,78,78
"Compare_File_1298",1,77,77.00,77.00,77,77
"Compare_File_591",1,77,77.00,77.00,77,77
"Compare_File_245",1,77,77.00,77.00,77,77
"Compare_File_3924",1,77,77.00,77.00,77,77
"Compare_File_3742",1,77,77.00,77.00,77,77
"Compare_File_2794",1,77,77.00,77.00,77,77
"Compare_File_2810",1,77,77.00,77.00,77,77
"Compare_File_664",1,77,77.00,77.00,77,77
"Compare_File_1611",1,77,77.00,77.00,77,77
"Compare_File_2591",1,77,77.00,77.00,77,77
"Compare_File_861",1,77,77.00,77.00,77,77
"Compare_File_3220",1,77,77.00,77.00,77,77
"Compare_File_2337",1,77,77.00,77.00,77,77
"Compare_File_1426",1,77,77.00,77.00,77,77
"Compare_File_3922",1,77,77.00,77.00,77,77
"Compare_File_2700",1,76,76.00,76.00,76,76
"Compare_File_401",1,76,76.00,76.00,76,76
"Compare_File_499",1,76,76.00,76.00,76,76
"Compare_File_2025",1,76,76.00,76.00,76,76
"Compare_File_1897",1,76,76.00,76.00,76,76
"Compare_File_2851",1,76,76.00,76.00,76,76
"Compare_File_336",1,76,76.00,76.00,76,76
"Compare_File_3902",1,75,75.00,75.00,75,75
"Compare_File_2056",1,75,75.00,75.00,75,75
"Compare_File_3897",1,75,75.00,75.00,75,75
"Compare_File_1757",1,75,75.00,75.00,75,75
"Compare_File_3940",1,75,75.00,75.00,75,75
"Compare_File_3855",1,75,75.00,75.00,75,75
"Compare_File_2222",1,75,75.00,75.00,75,75
"Compare_File_1739",1,75,75.00,75.00,75,75
"Compare_File_27",1,75,75.00,75.00,75,75
"Compare_File_704",1,75,75.00,75.00,75,75
"Compare_File_1476",1,75,75.00,75.00,75,75
"Compare_File_131",1,75,75.00,75.00,75,75
"Compare_File_1562",1,75,75.00,75.00,75,75
"Compare_File_3951",1,74,74.00,74.00,74,74
"Compare_File_1856",1,74,74.00,74.00,74,74
"Compare_File_184",1,74,74.00,74.00,74,74
"Compare_File_732",1,74,74.00,74.00,74,74
"Compare_File_3564",1,74,74.00,74.00,74,74
"Compare_File_2195",1,74,74.00,74.00,74,74
"Compare_File_3935",1,74,74.00,74.00,74,74
"Compare_File_1378",1,74,74.00,74.00,74,74
"Compare_File_2727",1,74,74.00,74.00,74,74
"Compare_File_241",1,74,74.00,74.00,74,74
"Compare_File_2208",1,74,74.00,74.00,74,74
"Compare_File_2634",1,74,74.00,74.00,74,74
"Compare_File_2464",1,74,74.00,74.00,74,74
"Compare_File_1353",1,74,74.00,74.00,74,74
"Compare_File_2599",1,74,74.00,74.00,74,74
"Compare_File_2441",1,73,73.00,73.00,73,73
"Compare_File_117",1,73,73.00,73.00,73,73
"Compare_File_3233",1,73,73.00,73.00,73,73
"Compare_File_2868",1,73,73.00,73.00,73,73
"Compare_File_3941",1,73,73.00,73.00,73,73
"Compare_File_3869",1,73,73.00,73.00,73,73
"Compare_File_3131",1,73,73.00,73.00,73,73
"Compare_File_2451",1,73,73.00,73.00,73,73
"Compare_File_1427",1,73,73.00,73.00,73,73
"Compare_File_1434",1,73,73.00,73.00,73,73
"Compare_File_2587",1,73,73.00,73.00,73,73
"Compare_File_3383",1,73,73.00,73.00,73,73
"Compare_File_1128",1,73,73.00,73.00,73,73
"Compare_File_265",1,73,73.00,73.00,73,73
"Compare_File_2311",1,72,72.00,72.00,72,72
"Compare_File_3095",1,72,72.00,72.00,72,72
"Compare_File_2717",1,72,72.00,72.00,72,72
"Compare_File_1479",1,72,72.00,72.00,72,72
"Compare_File_2489",1,72,72.00,72.00,72,72
"Compare_File_1116",1,72,72.00,72.00,72,72
"Compare_File_683",1,72,72.00,72.00,72,72
"Compare_File_3967",1,72,72.00,72.00,72,72
"Compare_File_3780",1,72,72.00,72.00,72,72
"Compare_File_2528",1,72,72.00,72.00,72,72
"Compare_File_755",1,72,72.00,72.00,72,72
"Compare_File_3910",1,72,72.00,72.00,72,72
"Compare_File_3203",1,72,72.00,72.00,72,72
"Compare_File_2180",1,72,72.00,72.00,72,72
"Compare_File_3730",1,72,72.00,72.00,72,72
"Compare_File_3762",1,71,71.00,71.00,71,71
"Compare_File_1546",1,71,71.00,71.00,71,71
"Compare_File_675",1,71,71.00,71.00,71,71
"Compare_File_102",1,71,71.00,71.00,71,71
"Compare_File_1553",1,71,71.00,71.00,71,71
"Compare_File_2255",1,71,71.00,71.00,71,71
"Compare_File_3914",1,70,70.00,70.00,70,70
"Compare_File_3530",1,70,70.00,70.00,70,70
"Compare_File_2009",1,70,70.00,70.00,70,70
"Compare_File_470",1,70,70.00,70.00,70,70
"Compare_File_791",1,70,70.00,70.00,70,70
"Compare_File_2752",1,70,70.00,70.00,70,70
"Compare_File_3927",1,70,70.00,70.00,70,70
"Compare_File_1619",1,70,70.00,70.00,70,70
"Compare_File_3896",1,70,70.00,70.00,70,70
"Compare_File_1465",1,70,70.00,70.00,70,70
"Compare_File_1447",1,69,69.00,69.00,69,69
"Compare_File_93",1,69,69.00,69.00,69,69
"Compare_File_2799",1,69,69.00,69.00,69,69
"Compare_File_1590",1,69,69.00,69.00,69,69
"Compare_File_916",1,69,69.00,69.00,69,69
"Compare_File_2824",1,69,69.00,69.00,69,69
"Compare_File_3911",1,69,69.00,69.00,69,69
"Compare_File_1864",1,69,69.00,69.00,69,69
"Compare_File_1385",1,68,68.00,68.00,68,68
"Compare_File_702",1,68,68.00,68.00,68,68
"Compare_File_1112",1,68,68.00,68.00,68,68
"Compare_File_72",1,68,68.00,68.00,68,68
"Compare_File_2431",1,68,68.00,68.00,68,68
"Compare_File_2226",1,68,68.00,68.00,68,68
"Compare_File_2676",1,68,68.00,68.00,68,68
"Compare_File_1451",1,68,68.00,68.00,68,68
"Compare_File_3414",1,68,68.00,68.00,68,68
"Compare_File_3054",1,68,68.00,68.00,68,68
"Compare_File_100",1,68,68.00,68.00,68,68
"Compare_File_2354",1,68,68.00,68.00,68,68
"Compare_File_1871",1,68,68.00,68.00,68,68
"Compare_File_355",1,68,68.00,68.00,68,68
"Compare_File_3077",1,68,68.00,68.00,68,68
"Compare_File_1544",1,68,68.00,68.00,68,68
"Compare_File_3208",1,68,68.00,68.00,68,68
"Compare_File_3243",1,67,67.00,67.00,67,67
"Compare_File_2852",1,67,67.00,67.00,67,67
"Compare_File_3792",1,67,67.00,67.00,67,67
"Compare_File_1926",1,67,67.00,67.00,67,67
"Compare_File_2239",1,67,67.00,67.00,67,67
"Compare_File_1573",1,67,67.00,67.00,67,67
"Compare_File_3113",1,67,67.00,67.00,67,67
"Compare_File_3703",1,67,67.00,67.00,67,67
"Compare_File_2951",1,67,67.00,67.00,67,67
"Compare_File_2110",1,67,67.00,67.00,67,67
"Compare_File_1844",1,67,67.00,67.00,67,67
"Compare_File_2053",1,67,67.00,67.00,67,67
"Compare_File_988",1,66,66.00,66.00,66,66
"Compare_File_2294",1,66,66.00,66.00,66,66
"Compare_File_512",1,66,66.00,66.00,66,66
"Compare_File_2987",1,66,66.00,66.00,66,66
"Compare_File_2555",1,66,66.00,66.00,66,66
"Compare_File_2369",1,66,66.00,66.00,66,66
"Compare_File_859",1,66,66.00,66.00,66,66
"Compare_File_801",1,66,66.00,66.00,66,66
"Compare_File_467",1,66,66.00,66.00,66,66
"Compare_File_1667",1,66,66.00,66.00,66,66
"Compare_File_1368",1,66,66.00,66.00,66,66
"Compare_File_1796",1,65,65.00,65.00,65,65
"Compare_File_2209",1,65,65.00,65.00,65,65
"Compare_File_945",1,65,65.00,65.00,65,65
"Compare_File_955",1,65,65.00,65.00,65,65
"Compare_File_2570",1,65,65.00,65.00,65,65
"Compare_File_1911",1,65,65.00,65.00,65,65
"Compare_File_3003",1,65,65.00,65.00,65,65
"Compare_File_3678",1,65,65.00,65.00,65,65
"Compare_File_2286",1,65,65.00,65.00,65,65
"Compare_File_2992",1,65,65.00,65.00,65,65
"Compare_File_1940",1,65,65.00,65.00,65,65
"Compare_File_2539",1,64,64.00,64.00,64,64
"Compare_File_3875",1,64,64.00,64.00,64,64
"Compare_File_106",1,64,64.00,64.00,64,64
"Compare_File_1811",1,64,64.00,64.00,64,64
"Compare_File_361",1,64,64.00,64.00,64,64
"Compare_File_3015",1,64,64.00,64.00,64,64
"Compare_File_1721",1,64,64.00,64.00,64,64
"Compare_File_258",1,63,63.00,63.00,63,63
"Compare_File_1613",1,63,63.00,63.00,63,63
"Compare_File_1241",1,63,63.00,63.00,63,63
"Compare_File_482",1,63,63.00,63.00,63,63
"Compare_File_3067",1,63,63.00,63.00,63,63
"Compare_File_3793",1,63,63.00,63.00,63,63
"Compare_File_1277",1,63,63.00,63.00,63,63
"Compare_File_604",1,63,63.00,63.00,63,63
"Compare_File_2065",1,63,63.00,63.00,63,63
"Compare_File_1211",1,63,63.00,63.00,63,63
"Compare_File_3923",1,63,63.00,63.00,63,63
"Compare_File_143",1,63,63.00,63.00,63,63
"Compare_File_3912",1,63,63.00,63.00,63,63
"Compare_File_682",1,63,63.00,63.00,63,63
"Compare_File_2622",1,63,63.00,63.00,63,63
"Compare_File_2921",1,63,63.00,63.00,63,63
"Compare_File_2342",1,63,63.00,63.00,63,63
"Compare_File_3334",1,63,63.00,63.00,63,63
"Compare_File_126",1,63,63.00,63.00,63,63
"Compare_File_2836",1,63,63.00,63.00,63,63
"Compare_File_318",1,62,62.00,62.00,62,62
"Compare_File_3314",1,62,62.00,62.00,62,62
"Compare_File_3075",1,62,62.00,62.00,62,62
"Compare_File_1644",1,62,62.00,62.00,62,62
"Compare_File_3074",1,62,62.00,62.00,62,62
"Compare_File_279",1,62,62.00,62.00,62,62
"Compare_File_876",1,62,62.00,62.00,62,62
"Compare_File_3040",1,62,62.00,62.00,62,62
"Compare_File_462",1,62,62.00,62.00,62,62
"Compare_File_1886",1,62,62.00,62.00,62,62
"Compare_File_2959",1,62,62.00,62.00,62,62
"Compare_File_104",1,61,61.00,61.00,61,61
"Compare_File_1612",1,61,61.00,61.00,61,61
"Compare_File_724",1,61,61.00,61.00,61,61
"Compare_File_473",1,61,61.00,61.00,61,61
"Compare_File_2403",1,61,61.00,61.00,61,61
"Compare_File_2626",1,61,61.00,61.00,61,61
"Compare_File_1509",1,61,61.00,61.00,61,61
"Compare_File_1885",1,61,61.00,61.00,61,61
"Compare_File_946",1,61,61.00,61.00,61,61
"Compare_File_948",1,61,61.00,61.00,61,61
"Compare_File_2960",1,60,60.00,60.00,60,60
"Compare_File_296",1,60,60.00,60.00,60,60
"Compare_File_3109",1,60,60.00,60.00,60,60
"Compare_File_3242",1,60,60.00,60.00,60,60
"Compare_File_2541",1,60,60.00,60.00,60,60
"Compare_File_1902",1,60,60.00,60.00,60,60
"Compare_File_1143",1,60,60.00,60.00,60,60
"Compare_File_2081",1,59,59.00,59.00,59,59
"Compare_File_3879",1,59,59.00,59.00,59,59
"Compare_File_2961",1,59,59.00,59.00,59,59
"Compare_File_3798",1,59,59.00,59.00,59,59
"Compare_File_583",1,59,59.00,59.00,59,59
"Compare_File_1172",1,59,59.00,59.00,59,59
"Compare_File_1136",1,59,59.00,59.00,59,59
"Compare_File_2210",1,59,59.00,59.00,59,59
"Compare_File_2613",1,59,59.00,59.00,59,59
"Compare_File_2566",1,59,59.00,59.00,59,59
"Compare_File_3048",1,59,59.00,59.00,59,59
"Compare_File_571",1,59,59.00,59.00,59,59
"Compare_File_121",1,59,59.00,59.00,59,59
"Compare_File_2121",1,59,59.00,59.00,59,59
"Compare_File_1547",1,59,59.00,59.00,59,59
"Compare_File_1125",1,59,59.00,59.00,59,59
"Compare_File_967",1,59,59.00,59.00,59,59
"Compare_File_3648",1,58,58.00,58.00,58,58
"Compare_File_2212",1,58,58.00,58.00,58,58
"Compare_File_3457",1,58,58.00,58.00,58,58
"Compare_File_3285",1,58,58.00,58.00,58,58
"Compare_File_3251",1,58,58.00,58.00,58,58
"Compare_File_2411",1,58,58.00,58.00,58,58
"Compare_File_323",1,58,58.00,58.00,58,58
"Compare_File_3808",1,58,58.00,58.00,58,58
"Compare_File_97",1,58,58.00,58.00,58,58
"Compare_File_3177",1,58,58.00,58.00,58,58
"Compare_File_3708",1,58,58.00,58.00,58,58
"Compare_File_3884",1,58,58.00,58.00,58,58
"Compare_File_2211",1,58,58.00,58.00,58,58
"Compare_File_1053",1,58,58.00,58.00,58,58
"Compare_File_909",1,58,58.00,58.00,58,58
"Compare_File_1559",1,58,58.00,58.00,58,58
"Compare_File_3392",1,58,58.00,58.00,58,58
"Compare_File_3200",1,58,58.00,58.00,58,58
"Compare_File_3984",1,58,58.00,58.00,58,58
"Compare_File_1458",1,58,58.00,58.00,58,58
"Compare_File_1133",1,57,57.00,57.00,57,57
"Compare_File_3118",1,57,57.00,57.00,57,57
"Compare_File_3921",1,57,57.00,57.00,57,57
"Compare_File_3267",1,57,57.00,57.00,57,57
"Compare_File_2269",1,57,57.00,57.00,57,57
"Compare_File_1180",1,57,57.00,57.00,57,57
"Compare_File_3252",1,57,57.00,57.00,57,57
"Compare_File_3366",1,57,57.00,57.00,57,57
"Compare_File_1859",1,57,57.00,57.00,57,57
"Compare_File_1113",1,56,56.00,56.00,56,56
"Compare_File_112",1,56,56.00,56.00,56,56
"Compare_File_1669",1,56,56.00,56.00,56,56
"Compare_File_2241",1,56,56.00,56.00,56,56
"Compare_File_3335",1,56,56.00,56.00,56,56
"Compare_File_1328",1,56,56.00,56.00,56,56
"Compare_File_92",1,56,56.00,56.00,56,56
"Compare_File_3152",1,56,56.00,56.00,56,56
"Compare_File_3033",1,56,56.00,56.00,56,56
"Compare_File_456",1,56,56.00,56.00,56,56
"Compare_File_2878",1,56,56.00,56.00,56,56
"Compare_File_3197",1,56,56.00,56.00,56,56
"Compare_File_2553",1,56,56.00,56.00,56,56
"Compare_File_2137",1,55,55.00,55.00,55,55
"Compare_File_695",1,55,55.00,55.00,55,55
"Compare_File_2282",1,55,55.00,55.00,55,55
"Compare_File_2327",1,55,55.00,55.00,55,55
"Compare_File_3954",1,55,55.00,55.00,55,55
"Compare_File_3264",1,55,55.00,55.00,55,55
"Compare_File_2220",1,55,55.00,55.00,55,55
"Compare_File_3307",1,55,55.00,55.00,55,55
"Compare_File_244",1,55,55.00,55.00,55,55
"Compare_File_1548",1,55,55.00,55.00,55,55
"Compare_File_2420",1,55,55.00,55.00,55,55
"Compare_File_350",1,55,55.00,55.00,55,55
"Compare_File_793",1,55,55.00,55.00,55,55
"Compare_File_2798",1,55,55.00,55.00,55,55
"Compare_File_3129",1,55,55.00,55.00,55,55
"Compare_File_1114",1,55,55.00,55.00,55,55
"Compare_File_2074",1,54,54.00,54.00,54,54
"Compare_File_2098",1,54,54.00,54.00,54,54
"Compare_File_2055",1,54,54.00,54.00,54,54
"Compare_File_1947",1,54,54.00,54.00,54,54
"Compare_File_2054",1,54,54.00,54.00,54,54
"Compare_File_3726",1,54,54.00,54.00,54,54
"Compare_File_3642",1,54,54.00,54.00,54,54
"Compare_File_544",1,54,54.00,54.00,54,54
"Compare_File_3128",1,54,54.00,54.00,54,54
"Compare_File_3009",1,54,54.00,54.00,54,54
"Compare_File_1267",1,54,54.00,54.00,54,54
"Compare_File_2378",1,54,54.00,54.00,54,54
"Compare_File_3412",1,54,54.00,54.00,54,54
"Compare_File_2007",1,54,54.00,54.00,54,54
"Compare_File_3529",1,54,54.00,54.00,54,54
"Compare_File_2645",1,54,54.00,54.00,54,54
"Compare_File_2663",1,54,54.00,54.00,54,54
"Compare_File_962",1,53,53.00,53.00,53,53
"Compare_File_1976",1,53,53.00,53.00,53,53
"Compare_File_2047",1,53,53.00,53.00,53,53
"Compare_File_3750",1,53,53.00,53.00,53,53
"Compare_File_1925",1,53,53.00,53.00,53,53
"Compare_File_1641",1,53,53.00,53.00,53,53
"Compare_File_419",1,53,53.00,53.00,53,53
"Compare_File_1167",1,53,53.00,53.00,53,53
"Compare_File_1666",1,53,53.00,53.00,53,53
"Compare_File_2918",1,53,53.00,53.00,53,53
"Compare_File_2415",1,53,53.00,53.00,53,53
"Compare_File_1645",1,53,53.00,53.00,53,53
"Compare_File_2070",1,53,53.00,53.00,53,53
"Compare_File_2476",1,53,53.00,53.00,53,53
"Compare_File_1406",1,53,53.00,53.00,53,53
"Compare_File_2169",1,53,53.00,53.00,53,53
"Compare_File_3254",1,52,52.00,52.00,52,52
"Compare_File_2134",1,52,52.00,52.00,52,52
"Compare_File_1306",1,52,52.00,52.00,52,52
"Compare_File_1543",1,52,52.00,52.00,52,52
"Compare_File_1249",1,52,52.00,52.00,52,52
"Compare_File_1579",1,52,52.00,52.00,52,52
"Compare_File_1030",1,52,52.00,52.00,52,52
"Compare_File_2647",1,52,52.00,52.00,52,52
"Compare_File_3143",1,52,52.00,52.00,52,52
"Compare_File_1748",1,52,52.00,52.00,52,52
"Compare_File_432",1,52,52.00,52.00,52,52
"Compare_File_2853",1,52,52.00,52.00,52,52
"Compare_File_3930",1,52,52.00,52.00,52,52
"Compare_File_1711",1,52,52.00,52.00,52,52
"Compare_File_2057",1,52,52.00,52.00,52,52
"Compare_File_3086",1,52,52.00,52.00,52,52
"Compare_File_524",1,52,52.00,52.00,52,52
"Compare_File_1293",1,52,52.00,52.00,52,52
"Compare_File_3527",1,52,52.00,52.00,52,52
"Compare_File_3280",1,52,52.00,52.00,52,52
"Compare_File_3070",1,52,52.00,52.00,52,52
"Compare_File_3933",1,51,51.00,51.00,51,51
"Compare_File_2377",1,51,51.00,51.00,51,51
"Compare_File_1480",1,51,51.00,51.00,51,51
"Compare_File_2071",1,51,51.00,51.00,51,51
"Compare_File_2379",1,51,51.00,51.00,51,51
"Compare_File_1339",1,51,51.00,51.00,51,51
"Compare_File_3068",1,51,51.00,51.00,51,51
"Compare_File_1653",1,51,51.00,51.00,51,51
"Compare_File_1090",1,51,51.00,51.00,51,51
"Compare_File_2199",1,51,51.00,51.00,51,51
"Compare_File_1854",1,51,51.00,51.00,51,51
"Compare_File_1233",1,51,51.00,51.00,51,51
"Compare_File_2893",1,51,51.00,51.00,51,51
"Compare_File_1972",1,51,51.00,51.00,51,51
"Compare_File_810",1,51,51.00,51.00,51,51
"Compare_File_3069",1,51,51.00,51.00,51,51
"Compare_File_3925",1,51,51.00,51.00,51,51
"Compare_File_2789",1,51,51.00,51.00,51,51
"Compare_File_2008",1,51,51.00,51.00,51,51
"Compare_File_2750",1,50,50.00,50.00,50,50
"Compare_File_2937",1,50,50.00,50.00,50,50
"Compare_File_3358",1,50,50.00,50.00,50,50
"Compare_File_99",1,50,50.00,50.00,50,50
"Compare_File_3965",1,50,50.00,50.00,50,50
"Compare_File_1432",1,50,50.00,50.00,50,50
"Compare_File_2048",1,50,50.00,50.00,50,50
"Compare_File_1786",1,50,50.00,50.00,50,50
"Compare_File_2691",1,50,50.00,50.00,50,50
"Compare_File_2772",1,50,50.00,50.00,50,50
"Compare_File_2069",1,50,50.00,50.00,50,50
"Compare_File_2583",1,50,50.00,50.00,50,50
"Compare_File_1744",1,50,50.00,50.00,50,50
"Compare_File_3364",1,50,50.00,50.00,50,50
"Compare_File_2325",1,50,50.00,50.00,50,50
"Compare_File_722",1,50,50.00,50.00,50,50
"Compare_File_3963",1,50,50.00,50.00,50,50
"Compare_File_2568",1,50,50.00,50.00,50,50
"Compare_File_2576",1,50,50.00,50.00,50,50
"Compare_File_3920",1,49,49.00,49.00,49,49
"Compare_File_3058",1,49,49.00,49.00,49,49
"Compare_File_649",1,49,49.00,49.00,49,49
"Compare_File_2003",1,49,49.00,49.00,49,49
"Compare_File_2132",1,49,49.00,49.00,49,49
"Compare_File_992",1,49,49.00,49.00,49,49
"Compare_File_321",1,49,49.00,49.00,49,49
"Compare_File_1600",1,49,49.00,49.00,49,49
"Compare_File_620",1,49,49.00,49.00,49,49
"Compare_File_1333",1,49,49.00,49.00,49,49
"Compare_File_3795",1,49,49.00,49.00,49,49
"Compare_File_2017",1,49,49.00,49.00,49,49
"Compare_File_2625",1,49,49.00,49.00,49,49
"Compare_File_2922",1,49,49.00,49.00,49,49
"Compare_File_2871",1,49,49.00,49.00,49,49
"Compare_File_1264",1,49,49.00,49.00,49,49
"Compare_File_1082",1,49,49.00,49.00,49,49
"Compare_File_2332",1,48,48.00,48.00,48,48
"Compare_File_1534",1,48,48.00,48.00,48,48
"Compare_File_1278",1,48,48.00,48.00,48,48
"Compare_File_26",1,48,48.00,48.00,48,48
"Compare_File_1601",1,48,48.00,48.00,48,48
"Compare_File_1222",1,48,48.00,48.00,48,48
"Compare_File_3829",1,48,48.00,48.00,48,48
"Compare_File_1001",1,48,48.00,48.00,48,48
"Compare_File_3382",1,48,48.00,48.00,48,48
"Compare_File_2338",1,48,48.00,48.00,48,48
"Compare_File_135",1,48,48.00,48.00,48,48
"Compare_File_3489",1,48,48.00,48.00,48,48
"Compare_File_2197",1,48,48.00,48.00,48,48
"Compare_File_2888",1,48,48.00,48.00,48,48
"Compare_File_3532",1,48,48.00,48.00,48,48
"Compare_File_2268",1,48,48.00,48.00,48,48
"Compare_File_1137",1,48,48.00,48.00,48,48
"Compare_File_479",1,48,48.00,48.00,48,48
"Compare_File_2320",1,48,48.00,48.00,48,48
"Compare_File_1705",1,48,48.00,48.00,48,48
"Compare_File_2594",1,48,48.00,48.00,48,48
"Compare_File_83",1,47,47.00,47.00,47,47
"Compare_File_3395",1,47,47.00,47.00,47,47
"Compare_File_1930",1,47,47.00,47.00,47,47
"Compare_File_2273",1,47,47.00,47.00,47,47
"Compare_File_113",1,47,47.00,47.00,47,47
"Compare_File_3961",1,47,47.00,47.00,47,47
"Compare_File_3407",1,47,47.00,47.00,47,47
"Compare_File_1698",1,47,47.00,47.00,47,47
"Compare_File_629",1,47,47.00,47.00,47,47
"Compare_File_320",1,47,47.00,47.00,47,47
"Compare_File_234",1,47,47.00,47.00,47,47
"Compare_File_2845",1,47,47.00,47.00,47,47
"Compare_File_1433",1,47,47.00,47.00,47,47
"Compare_File_2764",1,47,47.00,47.00,47,47
"Compare_File_74",1,47,47.00,47.00,47,47
"Compare_File_1843",1,47,47.00,47.00,47,47
"Compare_File_264",1,47,47.00,47.00,47,47
"Compare_File_2073",1,47,47.00,47.00,47,47
"Compare_File_3528",1,47,47.00,47.00,47,47
"Compare_File_3440",1,47,47.00,47.00,47,47
"Compare_File_744",1,47,47.00,47.00,47,47
"Compare_File_3370",1,47,47.00,47.00,47,47
"Compare_File_3950",1,47,47.00,47.00,47,47
"Compare_File_2662",1,46,46.00,46.00,46,46
"Compare_File_2117",1,46,46.00,46.00,46,46
"Compare_File_1629",1,46,46.00,46.00,46,46
"Compare_File_1330",1,46,46.00,46.00,46,46
"Compare_File_183",1,46,46.00,46.00,46,46
"Compare_File_3498",1,46,46.00,46.00,46,46
"Compare_File_2518",1,46,46.00,46.00,46,46
"Compare_File_3820",1,46,46.00,46.00,46,46
"Compare_File_1608",1,46,46.00,46.00,46,46
"Compare_File_1153",1,46,46.00,46.00,46,46
"Compare_File_694",1,46,46.00,46.00,46,46
"Compare_File_2837",1,46,46.00,46.00,46,46
"Compare_File_500",1,46,46.00,46.00,46,46
"Compare_File_1334",1,46,46.00,46.00,46,46
"Compare_File_2981",1,46,46.00,46.00,46,46
"Compare_File_3796",1,46,46.00,46.00,46,46
"Compare_File_257",1,46,46.00,46.00,46,46
"Compare_File_2404",1,46,46.00,46.00,46,46
"Compare_File_1951",1,46,46.00,46.00,46,46
"Compare_File_982",1,46,46.00,46.00,46,46
"Compare_File_73",1,46,46.00,46.00,46,46
"Compare_File_2984",1,46,46.00,46.00,46,46
"Compare_File_1449",1,46,46.00,46.00,46,46
"Compare_File_2540",1,46,46.00,46.00,46,46
"Compare_File_1952",1,46,46.00,46.00,46,46
"Compare_File_3794",1,46,46.00,46.00,46,46
"Compare_File_1891",1,46,46.00,46.00,46,46
"Compare_File_1212",1,46,46.00,46.00,46,46
"Compare_File_707",1,46,46.00,46.00,46,46
"Compare_File_2434",1,45,45.00,45.00,45,45
"Compare_File_3115",1,45,45.00,45.00,45,45
"Compare_File_2886",1,45,45.00,45.00,45,45
"Compare_File_2245",1,45,45.00,45.00,45,45
"Compare_File_3163",1,45,45.00,45.00,45,45
"Compare_File_471",1,45,45.00,45.00,45,45
"Compare_File_2108",1,45,45.00,45.00,45,45
"Compare_File_1806",1,45,45.00,45.00,45,45
"Compare_File_3232",1,45,45.00,45.00,45,45
"Compare_File_94",1,45,45.00,45.00,45,45
"Compare_File_3575",1,45,45.00,45.00,45,45
"Compare_File_941",1,45,45.00,45.00,45,45
"Compare_File_657",1,45,45.00,45.00,45,45
"Compare_File_613",1,45,45.00,45.00,45,45
"Compare_File_2735",1,45,45.00,45.00,45,45
"Compare_File_3915",1,45,45.00,45.00,45,45
"Compare_File_3094",1,45,45.00,45.00,45,45
"Compare_File_1798",1,45,45.00,45.00,45,45
"Compare_File_1815",1,45,45.00,45.00,45,45
"Compare_File_1154",1,45,45.00,45.00,45,45
"Compare_File_472",1,45,45.00,45.00,45,45
"Compare_File_2384",1,45,45.00,45.00,45,45
"Compare_File_2236",1,45,45.00,45.00,45,45
"Compare_File_80",1,45,45.00,45.00,45,45
"Compare_File_2983",1,45,45.00,45.00,45,45
"Compare_File_1356",1,45,45.00,45.00,45,45
"Compare_File_162",1,45,45.00,45.00,45,45
"Compare_File_2353",1,45,45.00,45.00,45,45
"Compare_File_2405",1,44,44.00,44.00,44,44
"Compare_File_1664",1,44,44.00,44.00,44,44
"Compare_File_3006",1,44,44.00,44.00,44,44
"Compare_File_1375",1,44,44.00,44.00,44,44
"Compare_File_3936",1,44,44.00,44.00,44,44
"Compare_File_1823",1,44,44.00,44.00,44,44
"Compare_File_3213",1,44,44.00,44.00,44,44
"Compare_File_580",1,44,44.00,44.00,44,44
"Compare_File_3117",1,44,44.00,44.00,44,44
"Compare_File_906",1,44,44.00,44.00,44,44
"Compare_File_2190",1,44,44.00,44.00,44,44
"Compare_File_2712",1,44,44.00,44.00,44,44
"Compare_File_905",1,44,44.00,44.00,44,44
"Compare_File_936",1,44,44.00,44.00,44,44
"Compare_File_1242",1,44,44.00,44.00,44,44
"Compare_File_2459",1,44,44.00,44.00,44,44
"Compare_File_1523",1,44,44.00,44.00,44,44
"Compare_File_3266",1,44,44.00,44.00,44,44
"Compare_File_160",1,44,44.00,44.00,44,44
"Compare_File_3214",1,44,44.00,44.00,44,44
"Compare_File_3763",1,44,44.00,44.00,44,44
"Compare_File_3906",1,44,44.00,44.00,44,44
"Compare_File_491",1,44,44.00,44.00,44,44
"Compare_File_2569",1,44,44.00,44.00,44,44
"Compare_File_1414",1,44,44.00,44.00,44,44
"Compare_File_3545",1,44,44.00,44.00,44,44
"Compare_File_700",1,44,44.00,44.00,44,44
"Compare_File_3002",1,44,44.00,44.00,44,44
"Compare_File_1623",1,44,44.00,44.00,44,44
"Compare_File_444",1,43,43.00,43.00,43,43
"Compare_File_1043",1,43,43.00,43.00,43,43
"Compare_File_806",1,43,43.00,43.00,43,43
"Compare_File_1343",1,43,43.00,43.00,43,43
"Compare_File_3828",1,43,43.00,43.00,43,43
"Compare_File_2343",1,43,43.00,43.00,43,43
"Compare_File_1383",1,43,43.00,43.00,43,43
"Compare_File_2724",1,43,43.00,43.00,43,43
"Compare_File_761",1,43,43.00,43.00,43,43
"Compare_File_2783",1,43,43.00,43.00,43,43
"Compare_File_693",1,43,43.00,43.00,43,43
"Compare_File_2091",1,43,43.00,43.00,43,43
"Compare_File_3632",1,43,43.00,43.00,43,43
"Compare_File_127",1,43,43.00,43.00,43,43
"Compare_File_1733",1,43,43.00,43.00,43,43
"Compare_File_1316",1,43,43.00,43.00,43,43
"Compare_File_3199",1,43,43.00,43.00,43,43
"Compare_File_786",1,43,43.00,43.00,43,43
"Compare_File_2509",1,43,43.00,43.00,43,43
"Compare_File_2722",1,43,43.00,43.00,43,43
"Compare_File_1155",1,43,43.00,43.00,43,43
"Compare_File_77",1,43,43.00,43.00,43,43
"Compare_File_1635",1,43,43.00,43.00,43,43
"Compare_File_1696",1,43,43.00,43.00,43,43
"Compare_File_1442",1,43,43.00,43.00,43,43
"Compare_File_2725",1,43,43.00,43.00,43,43
"Compare_File_1273",1,43,43.00,43.00,43,43
"Compare_File_153",1,42,42.00,42.00,42,42
"Compare_File_3103",1,42,42.00,42.00,42,42
"Compare_File_239",1,42,42.00,42.00,42,42
"Compare_File_3422",1,42,42.00,42.00,42,42
"Compare_File_163",1,42,42.00,42.00,42,42
"Compare_File_1157",1,42,42.00,42.00,42,42
"Compare_File_776",1,42,42.00,42.00,42,42
"Compare_File_2339",1,42,42.00,42.00,42,42
"Compare_File_2436",1,42,42.00,42.00,42,42
"Compare_File_2880",1,42,42.00,42.00,42,42
"Compare_File_1387",1,42,42.00,42.00,42,42
"Compare_File_3931",1,42,42.00,42.00,42,42
"Compare_File_576",1,42,42.00,42.00,42,42
"Compare_File_1204",1,42,42.00,42.00,42,42
"Compare_File_1106",1,42,42.00,42.00,42,42
"Compare_File_3404",1,42,42.00,42.00,42,42
"Compare_File_808",1,42,42.00,42.00,42,42
"Compare_File_752",1,42,42.00,42.00,42,42
"Compare_File_3289",1,42,42.00,42.00,42,42
"Compare_File_2175",1,42,42.00,42.00,42,42
"Compare_File_562",1,42,42.00,42.00,42,42
"Compare_File_1244",1,41,41.00,41.00,41,41
"Compare_File_3977",1,41,41.00,41.00,41,41
"Compare_File_2671",1,41,41.00,41.00,41,41
"Compare_File_2889",1,41,41.00,41.00,41,41
"Compare_File_2150",1,41,41.00,41.00,41,41
"Compare_File_2256",1,41,41.00,41.00,41,41
"Compare_File_1191",1,41,41.00,41.00,41,41
"Compare_File_2466",1,41,41.00,41.00,41,41
"Compare_File_2708",1,41,41.00,41.00,41,41
"Compare_File_2862",1,41,41.00,41.00,41,41
"Compare_File_1415",1,41,41.00,41.00,41,41
"Compare_File_1943",1,41,41.00,41.00,41,41
"Compare_File_1083",1,41,41.00,41.00,41,41
"Compare_File_1341",1,41,41.00,41.00,41,41
"Compare_File_1665",1,41,41.00,41.00,41,41
"Compare_File_589",1,41,41.00,41.00,41,41
"Compare_File_1962",1,41,41.00,41.00,41,41
"Compare_File_119",1,41,41.00,41.00,41,41
"Compare_File_1492",1,41,41.00,41.00,41,41
"Compare_File_2444",1,41,41.00,41.00,41,41
"Compare_File_578",1,41,41.00,41.00,41,41
"Compare_File_95",1,41,41.00,41.00,41,41
"Compare_File_3061",1,41,41.00,41.00,41,41
"Compare_File_237",1,41,41.00,41.00,41,41
"Compare_File_3185",1,41,41.00,41.00,41,41
"Compare_File_1481",1,40,40.00,40.00,40,40
"Compare_File_1621",1,40,40.00,40.00,40,40
"Compare_File_1455",1,40,40.00,40.00,40,40
"Compare_File_2149",1,40,40.00,40.00,40,40
"Compare_File_1287",1,40,40.00,40.00,40,40
"Compare_File_1709",1,40,40.00,40.00,40,40
"Compare_File_3154",1,40,40.00,40.00,40,40
"Compare_File_1768",1,40,40.00,40.00,40,40
"Compare_File_2306",1,40,40.00,40.00,40,40
"Compare_File_2253",1,40,40.00,40.00,40,40
"Compare_File_105",1,40,40.00,40.00,40,40
"Compare_File_2791",1,40,40.00,40.00,40,40
"Compare_File_1545",1,40,40.00,40.00,40,40
"Compare_File_1524",1,40,40.00,40.00,40,40
"Compare_File_3059",1,40,40.00,40.00,40,40
"Compare_File_1305",1,40,40.00,40.00,40,40
"Compare_File_1215",1,40,40.00,40.00,40,40
"Compare_File_3179",1,40,40.00,40.00,40,40
"Compare_File_1382",1,40,40.00,40.00,40,40
"Compare_File_359",1,40,40.00,40.00,40,40
"Compare_File_2251",1,40,40.00,40.00,40,40
"Compare_File_3049",1,40,40.00,40.00,40,40
"Compare_File_2161",1,39,39.00,39.00,39,39
"Compare_File_1813",1,39,39.00,39.00,39,39
"Compare_File_2635",1,39,39.00,39.00,39,39
"Compare_File_2907",1,39,39.00,39.00,39,39
"Compare_File_3755",1,39,39.00,39.00,39,39
"Compare_File_1352",1,39,39.00,39.00,39,39
"Compare_File_3321",1,39,39.00,39.00,39,39
"Compare_File_2948",1,39,39.00,39.00,39,39
"Compare_File_3221",1,39,39.00,39.00,39,39
"Compare_File_2400",1,39,39.00,39.00,39,39
"Compare_File_723",1,39,39.00,39.00,39,39
"Compare_File_2113",1,39,39.00,39.00,39,39
"Compare_File_177",1,39,39.00,39.00,39,39
"Compare_File_790",1,39,39.00,39.00,39,39
"Compare_File_1494",1,39,39.00,39.00,39,39
"Compare_File_78",1,39,39.00,39.00,39,39
"Compare_File_2850",1,39,39.00,39.00,39,39
"Compare_File_3212",1,39,39.00,39.00,39,39
"Compare_File_1325",1,39,39.00,39.00,39,39
"Compare_File_3442",1,39,39.00,39.00,39,39
"Compare_File_2910",1,39,39.00,39.00,39,39
"Compare_File_1280",1,39,39.00,39.00,39,39
"Compare_File_3439",1,39,39.00,39.00,39,39
"Compare_File_3249",1,39,39.00,39.00,39,39
"Compare_File_2943",1,39,39.00,39.00,39,39
"Compare_File_2811",1,39,39.00,39.00,39,39
"Compare_File_537",1,39,39.00,39.00,39,39
"Compare_File_2899",1,39,39.00,39.00,39,39
"Compare_File_1240",1,39,39.00,39.00,39,39
"Compare_File_2280",1,39,39.00,39.00,39,39
"Compare_File_1344",1,39,39.00,39.00,39,39
"Compare_File_3637",1,39,39.00,39.00,39,39
"Compare_File_132",1,39,39.00,39.00,39,39
"Compare_File_445",1,39,39.00,39.00,39,39
"Compare_File_1055",1,39,39.00,39.00,39,39
"Compare_File_149",1,39,39.00,39.00,39,39
"Compare_File_1616",1,39,39.00,39.00,39,39
"Compare_File_2402",1,39,39.00,39.00,39,39
"Compare_File_3818",1,38,38.00,38.00,38,38
"Compare_File_2213",1,38,38.00,38.00,38,38
"Compare_File_3646",1,38,38.00,38.00,38,38
"Compare_File_3224",1,38,38.00,38.00,38,38
"Compare_File_1975",1,38,38.00,38.00,38,38
"Compare_File_443",1,38,38.00,38.00,38,38
"Compare_File_529",1,38,38.00,38.00,38,38
"Compare_File_3817",1,38,38.00,38.00,38,38
"Compare_File_3816",1,38,38.00,38.00,38,38
"Compare_File_2912",1,38,38.00,38.00,38,38
"Compare_File_1736",1,38,38.00,38.00,38,38
"Compare_File_1715",1,38,38.00,38.00,38,38
"Compare_File_1847",1,38,38.00,38.00,38,38
"Compare_File_3537",1,38,38.00,38.00,38,38
"Compare_File_2546",1,38,38.00,38.00,38,38
"Compare_File_2045",1,38,38.00,38.00,38,38
"Compare_File_712",1,38,38.00,38.00,38,38
"Compare_File_2383",1,38,38.00,38.00,38,38
"Compare_File_540",1,38,38.00,38.00,38,38
"Compare_File_2078",1,38,38.00,38.00,38,38
"Compare_File_3330",1,38,38.00,38.00,38,38
"Compare_File_2185",1,38,38.00,38.00,38,38
"Compare_File_2200",1,38,38.00,38.00,38,38
"Compare_File_785",1,38,38.00,38.00,38,38
"Compare_File_3116",1,38,38.00,38.00,38,38
"Compare_File_3494",1,38,38.00,38.00,38,38
"Compare_File_2900",1,38,38.00,38.00,38,38
"Compare_File_81",1,38,38.00,38.00,38,38
"Compare_File_2770",1,38,38.00,38.00,38,38
"Compare_File_1399",1,38,38.00,38.00,38,38
"Compare_File_2945",1,38,38.00,38.00,38,38
"Compare_File_1640",1,38,38.00,38.00,38,38
"Compare_File_894",1,37,37.00,37.00,37,37
"Compare_File_727",1,37,37.00,37.00,37,37
"Compare_File_969",1,37,37.00,37.00,37,37
"Compare_File_3781",1,37,37.00,37.00,37,37
"Compare_File_128",1,37,37.00,37.00,37,37
"Compare_File_3180",1,37,37.00,37.00,37,37
"Compare_File_2773",1,37,37.00,37.00,37,37
"Compare_File_3410",1,37,37.00,37.00,37,37
"Compare_File_1760",1,37,37.00,37.00,37,37
"Compare_File_1993",1,37,37.00,37.00,37,37
"Compare_File_3215",1,37,37.00,37.00,37,37
"Compare_File_3449",1,37,37.00,37.00,37,37
"Compare_File_2038",1,37,37.00,37.00,37,37
"Compare_File_3563",1,37,37.00,37.00,37,37
"Compare_File_1497",1,37,37.00,37.00,37,37
"Compare_File_809",1,37,37.00,37.00,37,37
"Compare_File_546",1,37,37.00,37.00,37,37
"Compare_File_581",1,37,37.00,37.00,37,37
"Compare_File_1350",1,37,37.00,37.00,37,37
"Compare_File_2289",1,37,37.00,37.00,37,37
"Compare_File_1342",1,37,37.00,37.00,37,37
"Compare_File_2417",1,37,37.00,37.00,37,37
"Compare_File_1425",1,37,37.00,37.00,37,37
"Compare_File_109",1,37,37.00,37.00,37,37
"Compare_File_1461",1,37,37.00,37.00,37,37
"Compare_File_1376",1,37,37.00,37.00,37,37
"Compare_File_1345",1,37,37.00,37.00,37,37
"Compare_File_3592",1,37,37.00,37.00,37,37
"Compare_File_960",1,37,37.00,37.00,37,37
"Compare_File_123",1,37,37.00,37.00,37,37
"Compare_File_3819",1,37,37.00,37.00,37,37
"Compare_File_510",1,37,37.00,37.00,37,37
"Compare_File_1765",1,36,36.00,36.00,36,36
"Compare_File_2636",1,36,36.00,36.00,36,36
"Compare_File_2468",1,36,36.00,36.00,36,36
"Compare_File_2610",1,36,36.00,36.00,36,36
"Compare_File_910",1,36,36.00,36.00,36,36
"Compare_File_3320",1,36,36.00,36.00,36,36
"Compare_File_3126",1,36,36.00,36.00,36,36
"Compare_File_2737",1,36,36.00,36.00,36,36
"Compare_File_1403",1,36,36.00,36.00,36,36
"Compare_File_1424",1,36,36.00,36.00,36,36
"Compare_File_2813",1,36,36.00,36.00,36,36
"Compare_File_3441",1,36,36.00,36.00,36,36
"Compare_File_2534",1,36,36.00,36.00,36,36
"Compare_File_3697",1,36,36.00,36.00,36,36
"Compare_File_3360",1,36,36.00,36.00,36,36
"Compare_File_212",1,36,36.00,36.00,36,36
"Compare_File_1617",1,36,36.00,36.00,36,36
"Compare_File_1257",1,36,36.00,36.00,36,36
"Compare_File_2703",1,36,36.00,36.00,36,36
"Compare_File_3071",1,36,36.00,36.00,36,36
"Compare_File_2595",1,36,36.00,36.00,36,36
"Compare_File_3261",1,36,36.00,36.00,36,36
"Compare_File_1614",1,36,36.00,36.00,36,36
"Compare_File_3165",1,36,36.00,36.00,36,36
"Compare_File_2116",1,36,36.00,36.00,36,36
"Compare_File_2246",1,36,36.00,36.00,36,36
"Compare_File_3629",1,36,36.00,36.00,36,36
"Compare_File_687",1,36,36.00,36.00,36,36
"Compare_File_548",1,36,36.00,36.00,36,36
"Compare_File_2590",1,36,36.00,36.00,36,36
"Compare_File_2049",1,36,36.00,36.00,36,36
"Compare_File_2854",1,36,36.00,36.00,36,36
"Compare_File_3250",1,36,36.00,36.00,36,36
"Compare_File_2428",1,36,36.00,36.00,36,36
"Compare_File_551",1,36,36.00,36.00,36,36
"Compare_File_3417",1,36,36.00,36.00,36,36
"Compare_File_3649",1,36,36.00,36.00,36,36
"Compare_File_1716",1,36,36.00,36.00,36,36
"Compare_File_949",1,36,36.00,36.00,36,36
"Compare_File_457",1,35,35.00,35.00,35,35
"Compare_File_3164",1,35,35.00,35.00,35,35
"Compare_File_1430",1,35,35.00,35.00,35,35
"Compare_File_925",1,35,35.00,35.00,35,35
"Compare_File_480",1,35,35.00,35.00,35,35
"Compare_File_3387",1,35,35.00,35.00,35,35
"Compare_File_2953",1,35,35.00,35.00,35,35
"Compare_File_1541",1,35,35.00,35.00,35,35
"Compare_File_721",1,35,35.00,35.00,35,35
"Compare_File_2563",1,35,35.00,35.00,35,35
"Compare_File_2589",1,35,35.00,35.00,35,35
"Compare_File_731",1,35,35.00,35.00,35,35
"Compare_File_446",1,35,35.00,35.00,35,35
"Compare_File_1214",1,35,35.00,35.00,35,35
"Compare_File_818",1,35,35.00,35.00,35,35
"Compare_File_2270",1,35,35.00,35.00,35,35
"Compare_File_2956",1,35,35.00,35.00,35,35
"Compare_File_180",1,35,35.00,35.00,35,35
"Compare_File_1281",1,35,35.00,35.00,35,35
"Compare_File_3093",1,35,35.00,35.00,35,35
"Compare_File_82",1,35,35.00,35.00,35,35
"Compare_File_2284",1,35,35.00,35.00,35,35
"Compare_File_1649",1,35,35.00,35.00,35,35
"Compare_File_107",1,35,35.00,35.00,35,35
"Compare_File_242",1,35,35.00,35.00,35,35
"Compare_File_2839",1,35,35.00,35.00,35,35
"Compare_File_1477",1,35,35.00,35.00,35,35
"Compare_File_3192",1,35,35.00,35.00,35,35
"Compare_File_2896",1,35,35.00,35.00,35,35
"Compare_File_935",1,35,35.00,35.00,35,35
"Compare_File_1663",1,35,35.00,35.00,35,35
"Compare_File_3284",1,35,35.00,35.00,35,35
"Compare_File_3331",1,35,35.00,35.00,35,35
"Compare_File_2744",1,35,35.00,35.00,35,35
"Compare_File_1643",1,35,35.00,35.00,35,35
"Compare_File_3919",1,35,35.00,35.00,35,35
"Compare_File_2602",1,35,35.00,35.00,35,35
"Compare_File_1697",1,35,35.00,35.00,35,35
"Compare_File_209",1,35,35.00,35.00,35,35
"Compare_File_2328",1,35,35.00,35.00,35,35
"Compare_File_1889",1,35,35.00,35.00,35,35
"Compare_File_2719",1,35,35.00,35.00,35,35
"Compare_File_1615",1,35,35.00,35.00,35,35
"Compare_File_84",1,34,34.00,34.00,34,34
"Compare_File_2779",1,34,34.00,34.00,34,34
"Compare_File_2660",1,34,34.00,34.00,34,34
"Compare_File_1411",1,34,34.00,34.00,34,34
"Compare_File_2758",1,34,34.00,34.00,34,34
"Compare_File_1036",1,34,34.00,34.00,34,34
"Compare_File_3181",1,34,34.00,34.00,34,34
"Compare_File_2623",1,34,34.00,34.00,34,34
"Compare_File_912",1,34,34.00,34.00,34,34
"Compare_File_760",1,34,34.00,34.00,34,34
"Compare_File_612",1,34,34.00,34.00,34,34
"Compare_File_3833",1,34,34.00,34.00,34,34
"Compare_File_733",1,34,34.00,34.00,34,34
"Compare_File_2152",1,34,34.00,34.00,34,34
"Compare_File_987",1,34,34.00,34.00,34,34
"Compare_File_2077",1,34,34.00,34.00,34,34
"Compare_File_3386",1,34,34.00,34.00,34,34
"Compare_File_2135",1,34,34.00,34.00,34,34
"Compare_File_3157",1,34,34.00,34.00,34,34
"Compare_File_3419",1,34,34.00,34.00,34,34
"Compare_File_140",1,34,34.00,34.00,34,34
"Compare_File_714",1,34,34.00,34.00,34,34
"Compare_File_2649",1,34,34.00,34.00,34,34
"Compare_File_1662",1,34,34.00,34.00,34,34
"Compare_File_2902",1,34,34.00,34.00,34,34
"Compare_File_2892",1,34,34.00,34.00,34,34
"Compare_File_1779",1,34,34.00,34.00,34,34
"Compare_File_3557",1,34,34.00,34.00,34,34
"Compare_File_1968",1,34,34.00,34.00,34,34
"Compare_File_3652",1,34,34.00,34.00,34,34
"Compare_File_658",1,34,34.00,34.00,34,34
"Compare_File_2300",1,34,34.00,34.00,34,34
"Compare_File_2734",1,34,34.00,34.00,34,34
"Compare_File_2778",1,33,33.00,33.00,33,33
"Compare_File_108",1,33,33.00,33.00,33,33
"Compare_File_1237",1,33,33.00,33.00,33,33
"Compare_File_2196",1,33,33.00,33.00,33,33
"Compare_File_3928",1,33,33.00,33.00,33,33
"Compare_File_1004",1,33,33.00,33.00,33,33
"Compare_File_1745",1,33,33.00,33.00,33,33
"Compare_File_1805",1,33,33.00,33.00,33,33
"Compare_File_2141",1,33,33.00,33.00,33,33
"Compare_File_3101",1,33,33.00,33.00,33,33
"Compare_File_920",1,33,33.00,33.00,33,33
"Compare_File_1205",1,33,33.00,33.00,33,33
"Compare_File_2615",1,33,33.00,33.00,33,33
"Compare_File_2467",1,33,33.00,33.00,33,33
"Compare_File_2496",1,33,33.00,33.00,33,33
"Compare_File_2063",1,33,33.00,33.00,33,33
"Compare_File_1160",1,33,33.00,33.00,33,33
"Compare_File_2037",1,33,33.00,33.00,33,33
"Compare_File_2174",1,33,33.00,33.00,33,33
"Compare_File_3311",1,33,33.00,33.00,33,33
"Compare_File_3282",1,33,33.00,33.00,33,33
"Compare_File_466",1,33,33.00,33.00,33,33
"Compare_File_3309",1,33,33.00,33.00,33,33
"Compare_File_2693",1,33,33.00,33.00,33,33
"Compare_File_726",1,33,33.00,33.00,33,33
"Compare_File_2234",1,33,33.00,33.00,33,33
"Compare_File_2806",1,33,33.00,33.00,33,33
"Compare_File_518",1,33,33.00,33.00,33,33
"Compare_File_2661",1,33,33.00,33.00,33,33
"Compare_File_118",1,33,33.00,33.00,33,33
"Compare_File_478",1,33,33.00,33.00,33,33
"Compare_File_2736",1,33,33.00,33.00,33,33
"Compare_File_1965",1,33,33.00,33.00,33,33
"Compare_File_3656",1,33,33.00,33.00,33,33
"Compare_File_2684",1,33,33.00,33.00,33,33
"Compare_File_2997",1,33,33.00,33.00,33,33
"Compare_File_148",1,33,33.00,33.00,33,33
"Compare_File_1836",1,33,33.00,33.00,33,33
"Compare_File_235",1,33,33.00,33.00,33,33
"Compare_File_2401",1,33,33.00,33.00,33,33
"Compare_File_196",1,33,33.00,33.00,33,33
"Compare_File_2946",1,33,33.00,33.00,33,33
"Compare_File_1011",1,33,33.00,33.00,33,33
"Compare_File_2571",1,33,33.00,33.00,33,33
"Compare_File_3436",1,33,33.00,33.00,33,33
"Compare_File_1398",1,33,33.00,33.00,33,33
"Compare_File_2042",1,33,33.00,33.00,33,33
"Compare_File_3123",1,33,33.00,33.00,33,33
"Compare_File_3319",1,33,33.00,33.00,33,33
"Compare_File_978",1,33,33.00,33.00,33,33
"Compare_File_3211",1,33,33.00,33.00,33,33
"Compare_File_1948",1,33,33.00,33.00,33,33
"Compare_File_2215",1,33,33.00,33.00,33,33
"Compare_File_2492",1,32,32.00,32.00,32,32
"Compare_File_203",1,32,32.00,32.00,32,32
"Compare_File_3631",1,32,32.00,32.00,32,32
"Compare_File_2526",1,32,32.00,32.00,32,32
"Compare_File_737",1,32,32.00,32.00,32,32
"Compare_File_2616",1,32,32.00,32.00,32,32
"Compare_File_3425",1,32,32.00,32.00,32,32
"Compare_File_1307",1,32,32.00,32.00,32,32
"Compare_File_138",1,32,32.00,32.00,32,32
"Compare_File_2765",1,32,32.00,32.00,32,32
"Compare_File_2177",1,32,32.00,32.00,32,32
"Compare_File_1338",1,32,32.00,32.00,32,32
"Compare_File_692",1,32,32.00,32.00,32,32
"Compare_File_2780",1,32,32.00,32.00,32,32
"Compare_File_2278",1,32,32.00,32.00,32,32
"Compare_File_1699",1,32,32.00,32.00,32,32
"Compare_File_1381",1,32,32.00,32.00,32,32
"Compare_File_3473",1,32,32.00,32.00,32,32
"Compare_File_2217",1,32,32.00,32.00,32,32
"Compare_File_2760",1,32,32.00,32.00,32,32
"Compare_File_611",1,32,32.00,32.00,32,32
"Compare_File_2172",1,32,32.00,32.00,32,32
"Compare_File_2993",1,32,32.00,32.00,32,32
"Compare_File_1978",1,32,32.00,32.00,32,32
"Compare_File_647",1,32,32.00,32.00,32,32
"Compare_File_465",1,32,32.00,32.00,32,32
"Compare_File_333",1,32,32.00,32.00,32,32
"Compare_File_2064",1,32,32.00,32.00,32,32
"Compare_File_2887",1,32,32.00,32.00,32,32
"Compare_File_3304",1,32,32.00,32.00,32,32
"Compare_File_3633",1,32,32.00,32.00,32,32
"Compare_File_3506",1,32,32.00,32.00,32,32
"Compare_File_164",1,32,32.00,32.00,32,32
"Compare_File_2927",1,32,32.00,32.00,32,32
"Compare_File_1622",1,32,32.00,32.00,32,32
"Compare_File_1818",1,32,32.00,32.00,32,32
"Compare_File_720",1,32,32.00,32.00,32,32
"Compare_File_3659",1,32,32.00,32.00,32,32
"Compare_File_2690",1,32,32.00,32.00,32,32
"Compare_File_1428",1,32,32.00,32.00,32,32
"Compare_File_1073",1,32,32.00,32.00,32,32
"Compare_File_680",1,32,32.00,32.00,32,32
"Compare_File_2153",1,32,32.00,32.00,32,32
"Compare_File_644",1,32,32.00,32.00,32,32
"Compare_File_3956",1,32,32.00,32.00,32,32
"Compare_File_2670",1,32,32.00,32.00,32,32
"Compare_File_1992",1,32,32.00,32.00,32,32
"Compare_File_2392",1,32,32.00,32.00,32,32
"Compare_File_3017",1,32,32.00,32.00,32,32
"Compare_File_3380",1,32,32.00,32.00,32,32
"Compare_File_768",1,32,32.00,32.00,32,32
"Compare_File_1762",1,32,32.00,32.00,32,32
"Compare_File_1654",1,32,32.00,32.00,32,32
"Compare_File_1909",1,32,32.00,32.00,32,32
"Compare_File_2242",1,32,32.00,32.00,32,32
"Compare_File_1924",1,32,32.00,32.00,32,32
"Compare_File_2050",1,32,32.00,32.00,32,32
"Compare_File_958",1,32,32.00,32.00,32,32
"Compare_File_2101",1,32,32.00,32.00,32,32
"Compare_File_1526",1,32,32.00,32.00,32,32
"Compare_File_1079",1,32,32.00,32.00,32,32
"Compare_File_2204",1,32,32.00,32.00,32,32
"Compare_File_2329",1,32,32.00,32.00,32,32
"Compare_File_1651",1,31,31.00,31.00,31,31
"Compare_File_1056",1,31,31.00,31.00,31,31
"Compare_File_2106",1,31,31.00,31.00,31,31
"Compare_File_1474",1,31,31.00,31.00,31,31
"Compare_File_2875",1,31,31.00,31.00,31,31
"Compare_File_2011",1,31,31.00,31.00,31,31
"Compare_File_2238",1,31,31.00,31.00,31,31
"Compare_File_2705",1,31,31.00,31.00,31,31
"Compare_File_701",1,31,31.00,31.00,31,31
"Compare_File_2685",1,31,31.00,31.00,31,31
"Compare_File_2312",1,31,31.00,31.00,31,31
"Compare_File_2728",1,31,31.00,31.00,31,31
"Compare_File_498",1,31,31.00,31.00,31,31
"Compare_File_1848",1,31,31.00,31.00,31,31
"Compare_File_2869",1,31,31.00,31.00,31,31
"Compare_File_186",1,31,31.00,31.00,31,31
"Compare_File_129",1,31,31.00,31.00,31,31
"Compare_File_3000",1,31,31.00,31.00,31,31
"Compare_File_1735",1,31,31.00,31.00,31,31
"Compare_File_76",1,31,31.00,31.00,31,31
"Compare_File_2386",1,31,31.00,31.00,31,31
"Compare_File_835",1,31,31.00,31.00,31,31
"Compare_File_1076",1,31,31.00,31.00,31,31
"Compare_File_1263",1,31,31.00,31.00,31,31
"Compare_File_2446",1,31,31.00,31.00,31,31
"Compare_File_2550",1,31,31.00,31.00,31,31
"Compare_File_1971",1,31,31.00,31.00,31,31
"Compare_File_1370",1,31,31.00,31.00,31,31
"Compare_File_2418",1,31,31.00,31.00,31,31
"Compare_File_3555",1,31,31.00,31.00,31,31
"Compare_File_2831",1,31,31.00,31.00,31,31
"Compare_File_1384",1,31,31.00,31.00,31,31
"Compare_File_2769",1,31,31.00,31.00,31,31
"Compare_File_606",1,31,31.00,31.00,31,31
"Compare_File_1722",1,31,31.00,31.00,31,31
"Compare_File_792",1,31,31.00,31.00,31,31
"Compare_File_2687",1,31,31.00,31.00,31,31
"Compare_File_2214",1,31,31.00,31.00,31,31
"Compare_File_1279",1,31,31.00,31.00,31,31
"Compare_File_1254",1,31,31.00,31.00,31,31
"Compare_File_2830",1,31,31.00,31.00,31,31
"Compare_File_1646",1,31,31.00,31.00,31,31
"Compare_File_3198",1,31,31.00,31.00,31,31
"Compare_File_3043",1,31,31.00,31.00,31,31
"Compare_File_1248",1,31,31.00,31.00,31,31
"Compare_File_1755",1,31,31.00,31.00,31,31
"Compare_File_1457",1,31,31.00,31.00,31,31
"Compare_File_2501",1,31,31.00,31.00,31,31
"Compare_File_2950",1,31,31.00,31.00,31,31
"Compare_File_607",1,31,31.00,31.00,31,31
"Compare_File_3799",1,31,31.00,31.00,31,31
"Compare_File_3222",1,31,31.00,31.00,31,31
"Compare_File_176",1,31,31.00,31.00,31,31
"Compare_File_2614",1,31,31.00,31.00,31,31
"Compare_File_2766",1,31,31.00,31.00,31,31
"Compare_File_417",1,31,31.00,31.00,31,31
"Compare_File_2516",1,31,31.00,31.00,31,31
"Compare_File_3091",1,31,31.00,31.00,31,31
"Compare_File_3785",1,31,31.00,31.00,31,31
"Compare_File_1833",1,31,31.00,31.00,31,31
"Compare_File_2711",1,31,31.00,31.00,31,31
"Compare_File_2408",1,31,31.00,31.00,31,31
"Compare_File_133",1,31,31.00,31.00,31,31
"Compare_File_2498",1,31,31.00,31.00,31,31
"Compare_File_2901",1,31,31.00,31.00,31,31
"Compare_File_1059",1,30,30.00,30.00,30,30
"Compare_File_933",1,30,30.00,30.00,30,30
"Compare_File_2556",1,30,30.00,30.00,30,30
"Compare_File_623",1,30,30.00,30.00,30,30
"Compare_File_2066",1,30,30.00,30.00,30,30
"Compare_File_3156",1,30,30.00,30.00,30,30
"Compare_File_90",1,30,30.00,30.00,30,30
"Compare_File_3702",1,30,30.00,30.00,30,30
"Compare_File_3014",1,30,30.00,30.00,30,30
"Compare_File_3645",1,30,30.00,30.00,30,30
"Compare_File_2368",1,30,30.00,30.00,30,30
"Compare_File_3042",1,30,30.00,30.00,30,30
"Compare_File_155",1,30,30.00,30.00,30,30
"Compare_File_2581",1,30,30.00,30.00,30,30
"Compare_File_3097",1,30,30.00,30.00,30,30
"Compare_File_1761",1,30,30.00,30.00,30,30
"Compare_File_2860",1,30,30.00,30.00,30,30
"Compare_File_2272",1,30,30.00,30.00,30,30
"Compare_File_3822",1,30,30.00,30.00,30,30
"Compare_File_3032",1,30,30.00,30.00,30,30
"Compare_File_1845",1,30,30.00,30.00,30,30
"Compare_File_3800",1,30,30.00,30.00,30,30
"Compare_File_1389",1,30,30.00,30.00,30,30
"Compare_File_238",1,30,30.00,30.00,30,30
"Compare_File_1500",1,30,30.00,30.00,30,30
"Compare_File_3166",1,30,30.00,30.00,30,30
"Compare_File_1838",1,30,30.00,30.00,30,30
"Compare_File_622",1,30,30.00,30.00,30,30
"Compare_File_559",1,30,30.00,30.00,30,30
"Compare_File_587",1,30,30.00,30.00,30,30
"Compare_File_3218",1,30,30.00,30.00,30,30
"Compare_File_1743",1,30,30.00,30.00,30,30
"Compare_File_2435",1,30,30.00,30.00,30,30
"Compare_File_2471",1,30,30.00,30.00,30,30
"Compare_File_2160",1,30,30.00,30.00,30,30
"Compare_File_2577",1,30,30.00,30.00,30,30
"Compare_File_187",1,30,30.00,30.00,30,30
"Compare_File_79",1,30,30.00,30.00,30,30
"Compare_File_2250",1,30,30.00,30.00,30,30
"Compare_File_424",1,30,30.00,30.00,30,30
"Compare_File_2437",1,30,30.00,30.00,30,30
"Compare_File_2574",1,30,30.00,30.00,30,30
"Compare_File_1401",1,30,30.00,30.00,30,30
"Compare_File_1058",1,30,30.00,30.00,30,30
"Compare_File_943",1,30,30.00,30.00,30,30
"Compare_File_2874",1,30,30.00,30.00,30,30
"Compare_File_1946",1,30,30.00,30.00,30,30
"Compare_File_3190",1,30,30.00,30.00,30,30
"Compare_File_2917",1,30,30.00,30.00,30,30
"Compare_File_1042",1,30,30.00,30.00,30,30
"Compare_File_1821",1,30,30.00,30.00,30,30
"Compare_File_1713",1,30,30.00,30.00,30,30
"Compare_File_976",1,30,30.00,30.00,30,30
"Compare_File_2271",1,30,30.00,30.00,30,30
"Compare_File_3231",1,30,30.00,30.00,30,30
"Compare_File_2189",1,30,30.00,30.00,30,30
"Compare_File_996",1,30,30.00,30.00,30,30
"Compare_File_2014",1,30,30.00,30.00,30,30
"Compare_File_2585",1,30,30.00,30.00,30,30
"Compare_File_561",1,30,30.00,30.00,30,30
"Compare_File_3497",1,30,30.00,30.00,30,30
"Compare_File_2142",1,30,30.00,30.00,30,30
"Compare_File_3979",1,30,30.00,30.00,30,30
"Compare_File_2456",1,30,30.00,30.00,30,30
"Compare_File_493",1,30,30.00,30.00,30,30
"Compare_File_1589",1,29,29.00,29.00,29,29
"Compare_File_2643",1,29,29.00,29.00,29,29
"Compare_File_2688",1,29,29.00,29.00,29,29
"Compare_File_545",1,29,29.00,29.00,29,29
"Compare_File_1085",1,29,29.00,29.00,29,29
"Compare_File_405",1,29,29.00,29.00,29,29
"Compare_File_2360",1,29,29.00,29.00,29,29
"Compare_File_3039",1,29,29.00,29.00,29,29
"Compare_File_2299",1,29,29.00,29.00,29,29
"Compare_File_1270",1,29,29.00,29.00,29,29
"Compare_File_2475",1,29,29.00,29.00,29,29
"Compare_File_2935",1,29,29.00,29.00,29,29
"Compare_File_3692",1,29,29.00,29.00,29,29
"Compare_File_3402",1,29,29.00,29.00,29,29
"Compare_File_3317",1,29,29.00,29.00,29,29
"Compare_File_1724",1,29,29.00,29.00,29,29
"Compare_File_111",1,29,29.00,29.00,29,29
"Compare_File_2985",1,29,29.00,29.00,29,29
"Compare_File_3329",1,29,29.00,29.00,29,29
"Compare_File_911",1,29,29.00,29.00,29,29
"Compare_File_2455",1,29,29.00,29.00,29,29
"Compare_File_1239",1,29,29.00,29.00,29,29
"Compare_File_2732",1,29,29.00,29.00,29,29
"Compare_File_2834",1,29,29.00,29.00,29,29
"Compare_File_1265",1,29,29.00,29.00,29,29
"Compare_File_2788",1,29,29.00,29.00,29,29
"Compare_File_1355",1,29,29.00,29.00,29,29
"Compare_File_2480",1,29,29.00,29.00,29,29
"Compare_File_3158",1,29,29.00,29.00,29,29
"Compare_File_134",1,29,29.00,29.00,29,29
"Compare_File_1202",1,29,29.00,29.00,29,29
"Compare_File_2119",1,29,29.00,29.00,29,29
"Compare_File_1934",1,29,29.00,29.00,29,29
"Compare_File_204",1,29,29.00,29.00,29,29
"Compare_File_2330",1,29,29.00,29.00,29,29
"Compare_File_1670",1,29,29.00,29.00,29,29
"Compare_File_2814",1,29,29.00,29.00,29,29
"Compare_File_3604",1,29,29.00,29.00,29,29
"Compare_File_2761",1,29,29.00,29.00,29,29
"Compare_File_1917",1,29,29.00,29.00,29,29
"Compare_File_1652",1,29,29.00,29.00,29,29
"Compare_File_3273",1,29,29.00,29.00,29,29
"Compare_File_3825",1,29,29.00,29.00,29,29
"Compare_File_325",1,29,29.00,29.00,29,29
"Compare_File_496",1,29,29.00,29.00,29,29
"Compare_File_439",1,29,29.00,29.00,29,29
"Compare_File_2955",1,29,29.00,29.00,29,29
"Compare_File_574",1,29,29.00,29.00,29,29
"Compare_File_1933",1,29,29.00,29.00,29,29
"Compare_File_2355",1,29,29.00,29.00,29,29
"Compare_File_2669",1,29,29.00,29.00,29,29
"Compare_File_2448",1,29,29.00,29.00,29,29
"Compare_File_2866",1,29,29.00,29.00,29,29
"Compare_File_3359",1,29,29.00,29.00,29,29
"Compare_File_1974",1,29,29.00,29.00,29,29
"Compare_File_2319",1,29,29.00,29.00,29,29
"Compare_File_1089",1,29,29.00,29.00,29,29
"Compare_File_3595",1,29,29.00,29.00,29,29
"Compare_File_2416",1,29,29.00,29.00,29,29
"Compare_File_3277",1,29,29.00,29.00,29,29
"Compare_File_706",1,29,29.00,29.00,29,29
"Compare_File_3239",1,29,29.00,29.00,29,29
"Compare_File_2812",1,29,29.00,29.00,29,29
"Compare_File_713",1,29,29.00,29.00,29,29
"Compare_File_2188",1,29,29.00,29.00,29,29
"Compare_File_1960",1,29,29.00,29.00,29,29
"Compare_File_3107",1,29,29.00,29.00,29,29
"Compare_File_2683",1,29,29.00,29.00,29,29
"Compare_File_705",1,29,29.00,29.00,29,29
"Compare_File_601",1,29,29.00,29.00,29,29
"Compare_File_3634",1,29,29.00,29.00,29,29
"Compare_File_404",1,29,29.00,29.00,29,29
"Compare_File_1758",1,29,29.00,29.00,29,29
"Compare_File_2755",1,29,29.00,29.00,29,29
"Compare_File_3288",1,29,29.00,29.00,29,29
"Compare_File_483",1,29,29.00,29.00,29,29
"Compare_File_3013",1,29,29.00,29.00,29,29
"Compare_File_1105",1,29,29.00,29.00,29,29
"Compare_File_2807",1,29,29.00,29.00,29,29
"Compare_File_525",1,29,29.00,29.00,29,29
"Compare_File_2611",1,29,29.00,29.00,29,29
"Compare_File_2019",1,28,28.00,28.00,28,28
"Compare_File_696",1,28,28.00,28.00,28,28
"Compare_File_2323",1,28,28.00,28.00,28,28
"Compare_File_2909",1,28,28.00,28.00,28,28
"Compare_File_2607",1,28,28.00,28.00,28,28
"Compare_File_1139",1,28,28.00,28.00,28,28
"Compare_File_954",1,28,28.00,28.00,28,28
"Compare_File_1647",1,28,28.00,28.00,28,28
"Compare_File_2624",1,28,28.00,28.00,28,28
"Compare_File_1183",1,28,28.00,28.00,28,28
"Compare_File_1225",1,28,28.00,28.00,28,28
"Compare_File_2184",1,28,28.00,28.00,28,28
"Compare_File_3396",1,28,28.00,28.00,28,28
"Compare_File_2890",1,28,28.00,28.00,28,28
"Compare_File_254",1,28,28.00,28.00,28,28
"Compare_File_697",1,28,28.00,28.00,28,28
"Compare_File_1009",1,28,28.00,28.00,28,28
"Compare_File_2035",1,28,28.00,28.00,28,28
"Compare_File_2474",1,28,28.00,28.00,28,28
"Compare_File_542",1,28,28.00,28.00,28,28
"Compare_File_2561",1,28,28.00,28.00,28,28
"Compare_File_2632",1,28,28.00,28.00,28,28
"Compare_File_2982",1,28,28.00,28.00,28,28
"Compare_File_2315",1,28,28.00,28.00,28,28
"Compare_File_2100",1,28,28.00,28.00,28,28
"Compare_File_2754",1,28,28.00,28.00,28,28
"Compare_File_141",1,28,28.00,28.00,28,28
"Compare_File_1208",1,28,28.00,28.00,28,28
"Compare_File_3299",1,28,28.00,28.00,28,28
"Compare_File_1996",1,28,28.00,28.00,28,28
"Compare_File_797",1,28,28.00,28.00,28,28
"Compare_File_1752",1,28,28.00,28.00,28,28
"Compare_File_2173",1,28,28.00,28.00,28,28
"Compare_File_3195",1,28,28.00,28.00,28,28
"Compare_File_2301",1,28,28.00,28.00,28,28
"Compare_File_182",1,28,28.00,28.00,28,28
"Compare_File_1731",1,28,28.00,28.00,28,28
"Compare_File_1920",1,28,28.00,28.00,28,28
"Compare_File_3543",1,28,28.00,28.00,28,28
"Compare_File_3517",1,28,28.00,28.00,28,28
"Compare_File_860",1,28,28.00,28.00,28,28
"Compare_File_3826",1,28,28.00,28.00,28,28
"Compare_File_338",1,28,28.00,28.00,28,28
"Compare_File_794",1,28,28.00,28.00,28,28
"Compare_File_2743",1,28,28.00,28.00,28,28
"Compare_File_2167",1,28,28.00,28.00,28,28
"Compare_File_1913",1,28,28.00,28.00,28,28
"Compare_File_2730",1,28,28.00,28.00,28,28
"Compare_File_2194",1,28,28.00,28.00,28,28
"Compare_File_3030",1,28,28.00,28.00,28,28
"Compare_File_1807",1,28,28.00,28.00,28,28
"Compare_File_1734",1,28,28.00,28.00,28,28
"Compare_File_2650",1,28,28.00,28.00,28,28
"Compare_File_2034",1,28,28.00,28.00,28,28
"Compare_File_88",1,28,28.00,28.00,28,28
"Compare_File_3044",1,28,28.00,28.00,28,28
"Compare_File_1377",1,28,28.00,28.00,28,28
"Compare_File_89",1,28,28.00,28.00,28,28
"Compare_File_1282",1,28,28.00,28.00,28,28
"Compare_File_455",1,28,28.00,28.00,28,28
"Compare_File_3500",1,28,28.00,28.00,28,28
"Compare_File_2410",1,28,28.00,28.00,28,28
"Compare_File_2499",1,28,28.00,28.00,28,28
"Compare_File_759",1,28,28.00,28.00,28,28
"Compare_File_1141",1,28,28.00,28.00,28,28
"Compare_File_1201",1,28,28.00,28.00,28,28
"Compare_File_923",1,28,28.00,28.00,28,28
"Compare_File_3255",1,28,28.00,28.00,28,28
"Compare_File_2155",1,28,28.00,28.00,28,28
"Compare_File_1787",1,27,27.00,27.00,27,27
"Compare_File_1941",1,27,27.00,27.00,27,27
"Compare_File_2502",1,27,27.00,27.00,27,27
"Compare_File_2954",1,27,27.00,27.00,27,27
"Compare_File_1633",1,27,27.00,27.00,27,27
"Compare_File_1506",1,27,27.00,27.00,27,27
"Compare_File_2096",1,27,27.00,27.00,27,27
"Compare_File_990",1,27,27.00,27.00,27,27
"Compare_File_179",1,27,27.00,27.00,27,27
"Compare_File_2449",1,27,27.00,27.00,27,27
"Compare_File_2809",1,27,27.00,27.00,27,27
"Compare_File_2891",1,27,27.00,27.00,27,27
"Compare_File_249",1,27,27.00,27.00,27,27
"Compare_File_1782",1,27,27.00,27.00,27,27
"Compare_File_2679",1,27,27.00,27.00,27,27
"Compare_File_2399",1,27,27.00,27.00,27,27
"Compare_File_2406",1,27,27.00,27.00,27,27
"Compare_File_1190",1,27,27.00,27.00,27,27
"Compare_File_2335",1,27,27.00,27.00,27,27
"Compare_File_2716",1,27,27.00,27.00,27,27
"Compare_File_575",1,27,27.00,27.00,27,27
"Compare_File_407",1,27,27.00,27.00,27,27
"Compare_File_1842",1,27,27.00,27.00,27,27
"Compare_File_1963",1,27,27.00,27.00,27,27
"Compare_File_360",1,27,27.00,27.00,27,27
"Compare_File_2372",1,27,27.00,27.00,27,27
"Compare_File_922",1,27,27.00,27.00,27,27
"Compare_File_2621",1,27,27.00,27.00,27,27
"Compare_File_3973",1,27,27.00,27.00,27,27
"Compare_File_1942",1,27,27.00,27.00,27,27
"Compare_File_1989",1,27,27.00,27.00,27,27
"Compare_File_3011",1,27,27.00,27.00,27,27
"Compare_File_2543",1,27,27.00,27.00,27,27
"Compare_File_256",1,27,27.00,27.00,27,27
"Compare_File_3066",1,27,27.00,27.00,27,27
"Compare_File_2675",1,27,27.00,27.00,27,27
"Compare_File_1231",1,27,27.00,27.00,27,27
"Compare_File_2454",1,27,27.00,27.00,27,27
"Compare_File_2682",1,27,27.00,27.00,27,27
"Compare_File_437",1,27,27.00,27.00,27,27
"Compare_File_934",1,27,27.00,27.00,27,27
"Compare_File_2366",1,27,27.00,27.00,27,27
"Compare_File_1803",1,27,27.00,27.00,27,27
"Compare_File_3046",1,27,27.00,27.00,27,27
"Compare_File_250",1,27,27.00,27.00,27,27
"Compare_File_1684",1,27,27.00,27.00,27,27
"Compare_File_2673",1,27,27.00,27.00,27,27
"Compare_File_3035",1,27,27.00,27.00,27,27
"Compare_File_944",1,27,27.00,27.00,27,27
"Compare_File_2740",1,27,27.00,27.00,27,27
"Compare_File_1182",1,27,27.00,27.00,27,27
"Compare_File_1824",1,27,27.00,27.00,27,27
"Compare_File_2867",1,27,27.00,27.00,27,27
"Compare_File_1648",1,27,27.00,27.00,27,27
"Compare_File_3029",1,27,27.00,27.00,27,27
"Compare_File_530",1,27,27.00,27.00,27,27
"Compare_File_2318",1,27,27.00,27.00,27,27
"Compare_File_1928",1,27,27.00,27.00,27,27
"Compare_File_2389",1,27,27.00,27.00,27,27
"Compare_File_2996",1,27,27.00,27.00,27,27
"Compare_File_659",1,27,27.00,27.00,27,27
"Compare_File_1908",1,27,27.00,27.00,27,27
"Compare_File_2818",1,27,27.00,27.00,27,27
"Compare_File_1329",1,27,27.00,27.00,27,27
"Compare_File_1456",1,27,27.00,27.00,27,27
"Compare_File_2731",1,27,27.00,27.00,27,27
"Compare_File_3022",1,27,27.00,27.00,27,27
"Compare_File_2995",1,27,27.00,27.00,27,27
"Compare_File_1973",1,27,27.00,27.00,27,27
"Compare_File_1196",1,27,27.00,27.00,27,27
"Compare_File_549",1,27,27.00,27.00,27,27
"Compare_File_3838",1,27,27.00,27.00,27,27
"Compare_File_924",1,27,27.00,27.00,27,27
"Compare_File_1003",1,27,27.00,27.00,27,27
"Compare_File_3090",1,27,27.00,27.00,27,27
"Compare_File_3159",1,27,27.00,27.00,27,27
"Compare_File_2872",1,27,27.00,27.00,27,27
"Compare_File_494",1,27,27.00,27.00,27,27
"Compare_File_1987",1,27,27.00,27.00,27,27
"Compare_File_1245",1,27,27.00,27.00,27,27
"Compare_File_2692",1,27,27.00,27.00,27,27
"Compare_File_970",1,27,27.00,27.00,27,27
"Compare_File_2097",1,27,27.00,27.00,27,27
"Compare_File_743",1,27,27.00,27.00,27,27
"Compare_File_3378",1,27,27.00,27.00,27,27
"Compare_File_1802",1,26,26.00,26.00,26,26
"Compare_File_624",1,26,26.00,26.00,26,26
"Compare_File_1226",1,26,26.00,26.00,26,26
"Compare_File_260",1,26,26.00,26.00,26,26
"Compare_File_25",1,26,26.00,26.00,26,26
"Compare_File_1932",1,26,26.00,26.00,26,26
"Compare_File_1542",1,26,26.00,26.00,26,26
"Compare_File_1729",1,26,26.00,26.00,26,26
"Compare_File_781",1,26,26.00,26.00,26,26
"Compare_File_2462",1,26,26.00,26.00,26,26
"Compare_File_556",1,26,26.00,26.00,26,26
"Compare_File_563",1,26,26.00,26.00,26,26
"Compare_File_2881",1,26,26.00,26.00,26,26
"Compare_File_2575",1,26,26.00,26.00,26,26
"Compare_File_2544",1,26,26.00,26.00,26,26
"Compare_File_2618",1,26,26.00,26.00,26,26
"Compare_File_2391",1,26,26.00,26.00,26,26
"Compare_File_2414",1,26,26.00,26.00,26,26
"Compare_File_1198",1,26,26.00,26.00,26,26
"Compare_File_1144",1,26,26.00,26.00,26,26
"Compare_File_3297",1,26,26.00,26.00,26,26
"Compare_File_608",1,26,26.00,26.00,26,26
"Compare_File_3031",1,26,26.00,26.00,26,26
"Compare_File_2932",1,26,26.00,26.00,26,26
"Compare_File_3106",1,26,26.00,26.00,26,26
"Compare_File_2525",1,26,26.00,26.00,26,26
"Compare_File_568",1,26,26.00,26.00,26,26
"Compare_File_185",1,26,26.00,26.00,26,26
"Compare_File_3495",1,26,26.00,26.00,26,26
"Compare_File_2745",1,26,26.00,26.00,26,26
"Compare_File_2447",1,26,26.00,26.00,26,26
"Compare_File_1896",1,26,26.00,26.00,26,26
"Compare_File_655",1,26,26.00,26.00,26,26
"Compare_File_2374",1,26,26.00,26.00,26,26
"Compare_File_2307",1,26,26.00,26.00,26,26
"Compare_File_2884",1,26,26.00,26.00,26,26
"Compare_File_2419",1,26,26.00,26.00,26,26
"Compare_File_2522",1,26,26.00,26.00,26,26
"Compare_File_2848",1,26,26.00,26.00,26,26
"Compare_File_2926",1,26,26.00,26.00,26,26
"Compare_File_1078",1,26,26.00,26.00,26,26
"Compare_File_614",1,26,26.00,26.00,26,26
"Compare_File_725",1,26,26.00,26.00,26,26
"Compare_File_3802",1,26,26.00,26.00,26,26
"Compare_File_1899",1,26,26.00,26.00,26,26
"Compare_File_3226",1,26,26.00,26.00,26,26
"Compare_File_2277",1,26,26.00,26.00,26,26
"Compare_File_2099",1,26,26.00,26.00,26,26
"Compare_File_1336",1,26,26.00,26.00,26,26
"Compare_File_3379",1,26,26.00,26.00,26,26
"Compare_File_2911",1,26,26.00,26.00,26,26
"Compare_File_2018",1,26,26.00,26.00,26,26
"Compare_File_1775",1,26,26.00,26.00,26,26
"Compare_File_2748",1,26,26.00,26.00,26,26
"Compare_File_832",1,26,26.00,26.00,26,26
"Compare_File_1995",1,26,26.00,26.00,26,26
"Compare_File_803",1,26,26.00,26.00,26,26
"Compare_File_738",1,26,26.00,26.00,26,26
"Compare_File_2545",1,26,26.00,26.00,26,26
"Compare_File_2527",1,26,26.00,26.00,26,26
"Compare_File_974",1,26,26.00,26.00,26,26
"Compare_File_1789",1,26,26.00,26.00,26,26
"Compare_File_3172",1,26,26.00,26.00,26,26
"Compare_File_3234",1,26,26.00,26.00,26,26
"Compare_File_3397",1,26,26.00,26.00,26,26
"Compare_File_1321",1,26,26.00,26.00,26,26
"Compare_File_2262",1,26,26.00,26.00,26,26
"Compare_File_243",1,26,26.00,26.00,26,26
"Compare_File_503",1,26,26.00,26.00,26,26
"Compare_File_3533",1,26,26.00,26.00,26,26
"Compare_File_1081",1,26,26.00,26.00,26,26
"Compare_File_3574",1,26,26.00,26.00,26,26
"Compare_File_2147",1,26,26.00,26.00,26,26
"Compare_File_2870",1,26,26.00,26.00,26,26
"Compare_File_2084",1,26,26.00,26.00,26,26
"Compare_File_853",1,26,26.00,26.00,26,26
"Compare_File_438",1,26,26.00,26.00,26,26
"Compare_File_1961",1,26,26.00,26.00,26,26
"Compare_File_2387",1,26,26.00,26.00,26,26
"Compare_File_1391",1,26,26.00,26.00,26,26
"Compare_File_2681",1,26,26.00,26.00,26,26
"Compare_File_1969",1,26,26.00,26.00,26,26
"Compare_File_2240",1,26,26.00,26.00,26,26
"Compare_File_1795",1,26,26.00,26.00,26,26
"Compare_File_2006",1,26,26.00,26.00,26,26
"Compare_File_3997",1,26,26.00,26.00,26,26
"Compare_File_2638",1,26,26.00,26.00,26,26
"Compare_File_1177",1,25,25.00,25.00,25,25
"Compare_File_2547",1,25,25.00,25.00,25,25
"Compare_File_1327",1,25,25.00,25.00,25,25
"Compare_File_335",1,25,25.00,25.00,25,25
"Compare_File_2991",1,25,25.00,25.00,25,25
"Compare_File_1363",1,25,25.00,25.00,25,25
"Compare_File_2125",1,25,25.00,25.00,25,25
"Compare_File_2828",1,25,25.00,25.00,25,25
"Compare_File_1040",1,25,25.00,25.00,25,25
"Compare_File_2495",1,25,25.00,25.00,25,25
"Compare_File_1732",1,25,25.00,25.00,25,25
"Compare_File_1037",1,25,25.00,25.00,25,25
"Compare_File_766",1,25,25.00,25.00,25,25
"Compare_File_1386",1,25,25.00,25.00,25,25
"Compare_File_3992",1,25,25.00,25.00,25,25
"Compare_File_2487",1,25,25.00,25.00,25,25
"Compare_File_555",1,25,25.00,25.00,25,25
"Compare_File_2465",1,25,25.00,25.00,25,25
"Compare_File_2554",1,25,25.00,25.00,25,25
"Compare_File_1912",1,25,25.00,25.00,25,25
"Compare_File_3110",1,25,25.00,25.00,25,25
"Compare_File_91",1,25,25.00,25.00,25,25
"Compare_File_337",1,25,25.00,25.00,25,25
"Compare_File_2861",1,25,25.00,25.00,25,25
"Compare_File_2904",1,25,25.00,25.00,25,25
"Compare_File_610",1,25,25.00,25.00,25,25
"Compare_File_2876",1,25,25.00,25.00,25,25
"Compare_File_2721",1,25,25.00,25.00,25,25
"Compare_File_2024",1,25,25.00,25.00,25,25
"Compare_File_984",1,25,25.00,25.00,25,25
"Compare_File_816",1,25,25.00,25.00,25,25
"Compare_File_1460",1,25,25.00,25.00,25,25
"Compare_File_464",1,25,25.00,25.00,25,25
"Compare_File_147",1,25,25.00,25.00,25,25
"Compare_File_2237",1,25,25.00,25.00,25,25
"Compare_File_175",1,25,25.00,25.00,25,25
"Compare_File_2439",1,25,25.00,25.00,25,25
"Compare_File_1831",1,25,25.00,25.00,25,25
"Compare_File_767",1,25,25.00,25.00,25,25
"Compare_File_1625",1,25,25.00,25.00,25,25
"Compare_File_3426",1,25,25.00,25.00,25,25
"Compare_File_1152",1,25,25.00,25.00,25,25
"Compare_File_3125",1,25,25.00,25.00,25,25
"Compare_File_1687",1,25,25.00,25.00,25,25
"Compare_File_2192",1,25,25.00,25.00,25,25
"Compare_File_2364",1,25,25.00,25.00,25,25
"Compare_File_1289",1,25,25.00,25.00,25,25
"Compare_File_516",1,25,25.00,25.00,25,25
"Compare_File_409",1,25,25.00,25.00,25,25
"Compare_File_3184",1,25,25.00,25.00,25,25
"Compare_File_1459",1,25,25.00,25.00,25,25
"Compare_File_2612",1,25,25.00,25.00,25,25
"Compare_File_2644",1,25,25.00,25.00,25,25
"Compare_File_3291",1,25,25.00,25.00,25,25
"Compare_File_2052",1,25,25.00,25.00,25,25
"Compare_File_3431",1,25,25.00,25.00,25,25
"Compare_File_642",1,25,25.00,25.00,25,25
"Compare_File_3369",1,25,25.00,25.00,25,25
"Compare_File_1262",1,25,25.00,25.00,25,25
"Compare_File_959",1,25,25.00,25.00,25,25
"Compare_File_1766",1,25,25.00,25.00,25,25
"Compare_File_3112",1,25,25.00,25.00,25,25
"Compare_File_3287",1,25,25.00,25.00,25,25
"Compare_File_2044",1,25,25.00,25.00,25,25
"Compare_File_1260",1,25,25.00,25.00,25,25
"Compare_File_971",1,25,25.00,25.00,25,25
"Compare_File_451",1,25,25.00,25.00,25,25
"Compare_File_3217",1,25,25.00,25.00,25,25
"Compare_File_2263",1,25,25.00,25.00,25,25
"Compare_File_3403",1,25,25.00,25.00,25,25
"Compare_File_1365",1,25,25.00,25.00,25,25
"Compare_File_173",1,25,25.00,25.00,25,25
"Compare_File_747",1,25,25.00,25.00,25,25
"Compare_File_2445",1,25,25.00,25.00,25,25
"Compare_File_973",1,25,25.00,25.00,25,25
"Compare_File_3173",1,25,25.00,25.00,25,25
"Compare_File_3546",1,25,25.00,25.00,25,25
"Compare_File_3831",1,25,25.00,25.00,25,25
"Compare_File_2846",1,25,25.00,25.00,25,25
"Compare_File_3228",1,25,25.00,25.00,25,25
"Compare_File_1638",1,25,25.00,25.00,25,25
"Compare_File_1945",1,25,25.00,25.00,25,25
"Compare_File_833",1,25,25.00,25.00,25,25
"Compare_File_1502",1,25,25.00,25.00,25,25
"Compare_File_1778",1,25,25.00,25.00,25,25
"Compare_File_965",1,25,25.00,25.00,25,25
"Compare_File_3283",1,25,25.00,25.00,25,25
"Compare_File_2710",1,25,25.00,25.00,25,25
"Compare_File_2395",1,25,25.00,25.00,25,25
"Compare_File_2657",1,25,25.00,25.00,25,25
"Compare_File_1495",1,25,25.00,25.00,25,25
"Compare_File_2702",1,25,25.00,25.00,25,25
"Compare_File_2674",1,25,25.00,25.00,25,25
"Compare_File_2461",1,25,25.00,25.00,25,25
"Compare_File_1720",1,25,25.00,25.00,25,25
"Compare_File_3832",1,25,25.00,25.00,25,25
"Compare_File_2821",1,25,25.00,25.00,25,25
"Compare_File_1539",1,25,25.00,25.00,25,25
"Compare_File_2564",1,25,25.00,25.00,25,25
"Compare_File_172",1,24,24.00,24.00,24,24
"Compare_File_125",1,24,24.00,24.00,24,24
"Compare_File_3268",1,24,24.00,24.00,24,24
"Compare_File_2936",1,24,24.00,24.00,24,24
"Compare_File_3401",1,24,24.00,24.00,24,24
"Compare_File_3005",1,24,24.00,24.00,24,24
"Compare_File_1272",1,24,24.00,24.00,24,24
"Compare_File_528",1,24,24.00,24.00,24,24
"Compare_File_434",1,24,24.00,24.00,24,24
"Compare_File_1108",1,24,24.00,24.00,24,24
"Compare_File_2478",1,24,24.00,24.00,24,24
"Compare_File_2473",1,24,24.00,24.00,24,24
"Compare_File_327",1,24,24.00,24.00,24,24
"Compare_File_2264",1,24,24.00,24.00,24,24
"Compare_File_2356",1,24,24.00,24.00,24,24
"Compare_File_2877",1,24,24.00,24.00,24,24
"Compare_File_2079",1,24,24.00,24.00,24,24
"Compare_File_1454",1,24,24.00,24.00,24,24
"Compare_File_191",1,24,24.00,24.00,24,24
"Compare_File_1168",1,24,24.00,24.00,24,24
"Compare_File_3980",1,24,24.00,24.00,24,24
"Compare_File_3523",1,24,24.00,24.00,24,24
"Compare_File_1258",1,24,24.00,24.00,24,24
"Compare_File_2120",1,24,24.00,24.00,24,24
"Compare_File_122",1,24,24.00,24.00,24,24
"Compare_File_2941",1,24,24.00,24.00,24,24
"Compare_File_2651",1,24,24.00,24.00,24,24
"Compare_File_208",1,24,24.00,24.00,24,24
"Compare_File_653",1,24,24.00,24.00,24,24
"Compare_File_2633",1,24,24.00,24.00,24,24
"Compare_File_1910",1,24,24.00,24.00,24,24
"Compare_File_2261",1,24,24.00,24.00,24,24
"Compare_File_3492",1,24,24.00,24.00,24,24
"Compare_File_506",1,24,24.00,24.00,24,24
"Compare_File_1203",1,24,24.00,24.00,24,24
"Compare_File_168",1,24,24.00,24.00,24,24
"Compare_File_2701",1,24,24.00,24.00,24,24
"Compare_File_1091",1,24,24.00,24.00,24,24
"Compare_File_1140",1,24,24.00,24.00,24,24
"Compare_File_762",1,24,24.00,24.00,24,24
"Compare_File_2021",1,24,24.00,24.00,24,24
"Compare_File_2709",1,24,24.00,24.00,24,24
"Compare_File_2656",1,24,24.00,24.00,24,24
"Compare_File_2938",1,24,24.00,24.00,24,24
"Compare_File_1421",1,24,24.00,24.00,24,24
"Compare_File_1832",1,24,24.00,24.00,24,24
"Compare_File_3406",1,24,24.00,24.00,24,24
"Compare_File_830",1,24,24.00,24.00,24,24
"Compare_File_1764",1,24,24.00,24.00,24,24
"Compare_File_159",1,24,24.00,24.00,24,24
"Compare_File_1501",1,24,24.00,24.00,24,24
"Compare_File_2865",1,24,24.00,24.00,24,24
"Compare_File_3133",1,24,24.00,24.00,24,24
"Compare_File_2485",1,24,24.00,24.00,24,24
"Compare_File_2463",1,24,24.00,24.00,24,24
"Compare_File_2479",1,24,24.00,24.00,24,24
"Compare_File_1041",1,24,24.00,24.00,24,24
"Compare_File_3363",1,24,24.00,24.00,24,24
"Compare_File_728",1,24,24.00,24.00,24,24
"Compare_File_2346",1,24,24.00,24.00,24,24
"Compare_File_502",1,24,24.00,24.00,24,24
"Compare_File_146",1,24,24.00,24.00,24,24
"Compare_File_2440",1,24,24.00,24.00,24,24
"Compare_File_2906",1,24,24.00,24.00,24,24
"Compare_File_3037",1,24,24.00,24.00,24,24
"Compare_File_1147",1,24,24.00,24.00,24,24
"Compare_File_423",1,24,24.00,24.00,24,24
"Compare_File_964",1,24,24.00,24.00,24,24
"Compare_File_3004",1,24,24.00,24.00,24,24
"Compare_File_858",1,24,24.00,24.00,24,24
"Compare_File_252",1,24,24.00,24.00,24,24
"Compare_File_3805",1,24,24.00,24.00,24,24
"Compare_File_2653",1,24,24.00,24.00,24,24
"Compare_File_449",1,24,24.00,24.00,24,24
"Compare_File_2494",1,24,24.00,24.00,24,24
"Compare_File_3578",1,24,24.00,24.00,24,24
"Compare_File_1921",1,24,24.00,24.00,24,24
"Compare_File_1631",1,24,24.00,24.00,24,24
"Compare_File_1189",1,24,24.00,24.00,24,24
"Compare_File_415",1,24,24.00,24.00,24,24
"Compare_File_2443",1,24,24.00,24.00,24,24
"Compare_File_433",1,24,24.00,24.00,24,24
"Compare_File_1259",1,24,24.00,24.00,24,24
"Compare_File_989",1,24,24.00,24.00,24,24
"Compare_File_823",1,24,24.00,24.00,24,24
"Compare_File_3460",1,24,24.00,24.00,24,24
"Compare_File_1097",1,24,24.00,24.00,24,24
"Compare_File_1770",1,24,24.00,24.00,24,24
"Compare_File_2905",1,24,24.00,24.00,24,24
"Compare_File_1901",1,24,24.00,24.00,24,24
"Compare_File_560",1,24,24.00,24.00,24,24
"Compare_File_3124",1,24,24.00,24.00,24,24
"Compare_File_1820",1,24,24.00,24.00,24,24
"Compare_File_2835",1,24,24.00,24.00,24,24
"Compare_File_539",1,24,24.00,24.00,24,24
"Compare_File_3310",1,24,24.00,24.00,24,24
"Compare_File_1688",1,24,24.00,24.00,24,24
"Compare_File_1530",1,24,24.00,24.00,24,24
"Compare_File_932",1,24,24.00,24.00,24,24
"Compare_File_1238",1,24,24.00,24.00,24,24
"Compare_File_2827",1,24,24.00,24.00,24,24
"Compare_File_777",1,24,24.00,24.00,24,24
"Compare_File_2631",1,24,24.00,24.00,24,24
"Compare_File_2095",1,24,24.00,24.00,24,24
"Compare_File_3153",1,24,24.00,24.00,24,24
"Compare_File_1407",1,24,24.00,24.00,24,24
"Compare_File_2365",1,24,24.00,24.00,24,24
"Compare_File_1714",1,24,24.00,24.00,24,24
"Compare_File_2483",1,24,24.00,24.00,24,24
"Compare_File_931",1,24,24.00,24.00,24,24
"Compare_File_2929",1,24,24.00,24.00,24,24
"Compare_File_676",1,24,24.00,24.00,24,24
"Compare_File_2020",1,24,24.00,24.00,24,24
"Compare_File_3803",1,24,24.00,24.00,24,24
"Compare_File_2267",1,24,24.00,24.00,24,24
"Compare_File_621",1,24,24.00,24.00,24,24
"Compare_File_736",1,24,24.00,24.00,24,24
"Compare_File_1706",1,24,24.00,24.00,24,24
"Compare_File_3572",1,24,24.00,24.00,24,24
"Compare_File_2413",1,24,24.00,24.00,24,24
"Compare_File_1093",1,24,24.00,24.00,24,24
"Compare_File_414",1,24,24.00,24.00,24,24
"Compare_File_2829",1,24,24.00,24.00,24,24
"Compare_File_1371",1,24,24.00,24.00,24,24
"Compare_File_718",1,23,23.00,23.00,23,23
"Compare_File_1825",1,23,23.00,23.00,23,23
"Compare_File_2820",1,23,23.00,23.00,23,23
"Compare_File_3509",1,23,23.00,23.00,23,23
"Compare_File_2559",1,23,23.00,23.00,23,23
"Compare_File_1994",1,23,23.00,23.00,23,23
"Compare_File_517",1,23,23.00,23.00,23,23
"Compare_File_3130",1,23,23.00,23.00,23,23
"Compare_File_3775",1,23,23.00,23.00,23,23
"Compare_File_2143",1,23,23.00,23.00,23,23
"Compare_File_1290",1,23,23.00,23.00,23,23
"Compare_File_1841",1,23,23.00,23.00,23,23
"Compare_File_1632",1,23,23.00,23.00,23,23
"Compare_File_3026",1,23,23.00,23.00,23,23
"Compare_File_2324",1,23,23.00,23.00,23,23
"Compare_File_2398",1,23,23.00,23.00,23,23
"Compare_File_2309",1,23,23.00,23.00,23,23
"Compare_File_2642",1,23,23.00,23.00,23,23
"Compare_File_1788",1,23,23.00,23.00,23,23
"Compare_File_2531",1,23,23.00,23.00,23,23
"Compare_File_813",1,23,23.00,23.00,23,23
"Compare_File_3408",1,23,23.00,23.00,23,23
"Compare_File_1837",1,23,23.00,23.00,23,23
"Compare_File_340",1,23,23.00,23.00,23,23
"Compare_File_1522",1,23,23.00,23.00,23,23
"Compare_File_956",1,23,23.00,23.00,23,23
"Compare_File_672",1,23,23.00,23.00,23,23
"Compare_File_719",1,23,23.00,23.00,23,23
"Compare_File_963",1,23,23.00,23.00,23,23
"Compare_File_1296",1,23,23.00,23.00,23,23
"Compare_File_3229",1,23,23.00,23.00,23,23
"Compare_File_2825",1,23,23.00,23.00,23,23
"Compare_File_87",1,23,23.00,23.00,23,23
"Compare_File_1939",1,23,23.00,23.00,23,23
"Compare_File_2882",1,23,23.00,23.00,23,23
"Compare_File_2898",1,23,23.00,23.00,23,23
"Compare_File_3023",1,23,23.00,23.00,23,23
"Compare_File_3376",1,23,23.00,23.00,23,23
"Compare_File_3434",1,23,23.00,23.00,23,23
"Compare_File_2694",1,23,23.00,23.00,23,23
"Compare_File_557",1,23,23.00,23.00,23,23
"Compare_File_253",1,23,23.00,23.00,23,23
"Compare_File_628",1,23,23.00,23.00,23,23
"Compare_File_645",1,23,23.00,23.00,23,23
"Compare_File_2348",1,23,23.00,23.00,23,23
"Compare_File_1740",1,23,23.00,23.00,23,23
"Compare_File_1927",1,23,23.00,23.00,23,23
"Compare_File_3276",1,23,23.00,23.00,23,23
"Compare_File_898",1,23,23.00,23.00,23,23
"Compare_File_2051",1,23,23.00,23.00,23,23
"Compare_File_541",1,23,23.00,23.00,23,23
"Compare_File_993",1,23,23.00,23.00,23,23
"Compare_File_1044",1,23,23.00,23.00,23,23
"Compare_File_2043",1,23,23.00,23.00,23,23
"Compare_File_2157",1,23,23.00,23.00,23,23
"Compare_File_1010",1,23,23.00,23.00,23,23
"Compare_File_2359",1,23,23.00,23.00,23,23
"Compare_File_2895",1,23,23.00,23.00,23,23
"Compare_File_2601",1,23,23.00,23.00,23,23
"Compare_File_2397",1,23,23.00,23.00,23,23
"Compare_File_2756",1,23,23.00,23.00,23,23
"Compare_File_1536",1,23,23.00,23.00,23,23
"Compare_File_710",1,23,23.00,23.00,23,23
"Compare_File_1013",1,23,23.00,23.00,23,23
"Compare_File_1922",1,23,23.00,23.00,23,23
"Compare_File_2939",1,23,23.00,23.00,23,23
"Compare_File_1730",1,23,23.00,23.00,23,23
"Compare_File_2600",1,23,23.00,23.00,23,23
"Compare_File_1255",1,23,23.00,23.00,23,23
"Compare_File_458",1,23,23.00,23.00,23,23
"Compare_File_2295",1,23,23.00,23.00,23,23
"Compare_File_2124",1,23,23.00,23.00,23,23
"Compare_File_2533",1,23,23.00,23.00,23,23
"Compare_File_2016",1,23,23.00,23.00,23,23
"Compare_File_848",1,23,23.00,23.00,23,23
"Compare_File_2942",1,23,23.00,23.00,23,23
"Compare_File_2823",1,23,23.00,23.00,23,23
"Compare_File_1812",1,23,23.00,23.00,23,23
"Compare_File_605",1,23,23.00,23.00,23,23
"Compare_File_1084",1,23,23.00,23.00,23,23
"Compare_File_2083",1,23,23.00,23.00,23,23
"Compare_File_824",1,23,23.00,23.00,23,23
"Compare_File_2934",1,23,23.00,23.00,23,23
"Compare_File_1095",1,23,23.00,23.00,23,23
"Compare_File_3597",1,23,23.00,23.00,23,23
"Compare_File_1286",1,23,23.00,23.00,23,23
"Compare_File_3036",1,23,23.00,23.00,23,23
"Compare_File_2605",1,23,23.00,23.00,23,23
"Compare_File_2002",1,23,23.00,23.00,23,23
"Compare_File_1410",1,23,23.00,23.00,23,23
"Compare_File_2819",1,23,23.00,23.00,23,23
"Compare_File_1163",1,23,23.00,23.00,23,23
"Compare_File_2695",1,23,23.00,23.00,23,23
"Compare_File_3064",1,23,23.00,23.00,23,23
"Compare_File_1792",1,23,23.00,23.00,23,23
"Compare_File_532",1,23,23.00,23.00,23,23
"Compare_File_1719",1,23,23.00,23.00,23,23
"Compare_File_1169",1,23,23.00,23.00,23,23
"Compare_File_1229",1,23,23.00,23.00,23,23
"Compare_File_2586",1,23,23.00,23.00,23,23
"Compare_File_2560",1,23,23.00,23.00,23,23
"Compare_File_1178",1,23,23.00,23.00,23,23
"Compare_File_2305",1,23,23.00,23.00,23,23
"Compare_File_3806",1,23,23.00,23.00,23,23
"Compare_File_3301",1,23,23.00,23.00,23,23
"Compare_File_854",1,23,23.00,23.00,23,23
"Compare_File_1793",1,23,23.00,23.00,23,23
"Compare_File_1096",1,23,23.00,23.00,23,23
"Compare_File_1170",1,23,23.00,23.00,23,23
"Compare_File_3704",1,23,23.00,23.00,23,23
"Compare_File_2422",1,23,23.00,23.00,23,23
"Compare_File_825",1,23,23.00,23.00,23,23
"Compare_File_897",1,23,23.00,23.00,23,23
"Compare_File_1741",1,23,23.00,23.00,23,23
"Compare_File_2433",1,23,23.00,23.00,23,23
"Compare_File_2491",1,23,23.00,23.00,23,23
"Compare_File_666",1,23,23.00,23.00,23,23
"Compare_File_673",1,23,23.00,23.00,23,23
"Compare_File_1066",1,23,23.00,23.00,23,23
"Compare_File_2316",1,23,23.00,23.00,23,23
"Compare_File_1047",1,23,23.00,23.00,23,23
"Compare_File_2567",1,23,23.00,23.00,23,23
"Compare_File_2457",1,23,23.00,23.00,23,23
"Compare_File_422",1,23,23.00,23.00,23,23
"Compare_File_2655",1,23,23.00,23.00,23,23
"Compare_File_554",1,23,23.00,23.00,23,23
"Compare_File_450",1,23,23.00,23.00,23,23
"Compare_File_3501",1,23,23.00,23.00,23,23
"Compare_File_3194",1,23,23.00,23.00,23,23
"Compare_File_1326",1,23,23.00,23.00,23,23
"Compare_File_764",1,23,23.00,23.00,23,23
"Compare_File_508",1,23,23.00,23.00,23,23
"Compare_File_154",1,23,23.00,23.00,23,23
"Compare_File_771",1,23,23.00,23.00,23,23
"Compare_File_2427",1,23,23.00,23.00,23,23
"Compare_File_1291",1,23,23.00,23.00,23,23
"Compare_File_3102",1,23,23.00,23.00,23,23
"Compare_File_1369",1,22,22.00,22.00,22,22
"Compare_File_1774",1,22,22.00,22.00,22,22
"Compare_File_2897",1,22,22.00,22.00,22,22
"Compare_File_1394",1,22,22.00,22.00,22,22
"Compare_File_1915",1,22,22.00,22.00,22,22
"Compare_File_1982",1,22,22.00,22.00,22,22
"Compare_File_2999",1,22,22.00,22.00,22,22
"Compare_File_2158",1,22,22.00,22.00,22,22
"Compare_File_1400",1,22,22.00,22.00,22,22
"Compare_File_156",1,22,22.00,22.00,22,22
"Compare_File_3028",1,22,22.00,22.00,22,22
"Compare_File_3235",1,22,22.00,22.00,22,22
"Compare_File_1903",1,22,22.00,22.00,22,22
"Compare_File_626",1,22,22.00,22.00,22,22
"Compare_File_3365",1,22,22.00,22.00,22,22
"Compare_File_3804",1,22,22.00,22.00,22,22
"Compare_File_1656",1,22,22.00,22.00,22,22
"Compare_File_511",1,22,22.00,22.00,22,22
"Compare_File_2696",1,22,22.00,22.00,22,22
"Compare_File_2510",1,22,22.00,22.00,22,22
"Compare_File_1850",1,22,22.00,22.00,22,22
"Compare_File_2357",1,22,22.00,22.00,22,22
"Compare_File_2114",1,22,22.00,22.00,22,22
"Compare_File_1628",1,22,22.00,22.00,22,22
"Compare_File_2291",1,22,22.00,22.00,22,22
"Compare_File_991",1,22,22.00,22.00,22,22
"Compare_File_2678",1,22,22.00,22.00,22,22
"Compare_File_1086",1,22,22.00,22.00,22,22
"Compare_File_150",1,22,22.00,22.00,22,22
"Compare_File_3155",1,22,22.00,22.00,22,22
"Compare_File_2542",1,22,22.00,22.00,22,22
"Compare_File_2511",1,22,22.00,22.00,22,22
"Compare_File_3502",1,22,22.00,22.00,22,22
"Compare_File_2481",1,22,22.00,22.00,22,22
"Compare_File_983",1,22,22.00,22.00,22,22
"Compare_File_2040",1,22,22.00,22.00,22,22
"Compare_File_3332",1,22,22.00,22.00,22,22
"Compare_File_1301",1,22,22.00,22.00,22,22
"Compare_File_770",1,22,22.00,22.00,22,22
"Compare_File_2287",1,22,22.00,22.00,22,22
"Compare_File_1388",1,22,22.00,22.00,22,22
"Compare_File_2029",1,22,22.00,22.00,22,22
"Compare_File_950",1,22,22.00,22.00,22,22
"Compare_File_489",1,22,22.00,22.00,22,22
"Compare_File_3134",1,22,22.00,22.00,22,22
"Compare_File_1107",1,22,22.00,22.00,22,22
"Compare_File_1772",1,22,22.00,22.00,22,22
"Compare_File_1830",1,22,22.00,22.00,22,22
"Compare_File_2517",1,22,22.00,22.00,22,22
"Compare_File_1171",1,22,22.00,22.00,22,22
"Compare_File_2947",1,22,22.00,22.00,22,22
"Compare_File_957",1,22,22.00,22.00,22,22
"Compare_File_788",1,22,22.00,22.00,22,22
"Compare_File_1061",1,22,22.00,22.00,22,22
"Compare_File_2168",1,22,22.00,22.00,22,22
"Compare_File_2352",1,22,22.00,22.00,22,22
"Compare_File_1634",1,22,22.00,22.00,22,22
"Compare_File_2514",1,22,22.00,22.00,22,22
"Compare_File_3132",1,22,22.00,22.00,22,22
"Compare_File_2424",1,22,22.00,22.00,22,22
"Compare_File_1292",1,22,22.00,22.00,22,22
"Compare_File_1319",1,22,22.00,22.00,22,22
"Compare_File_536",1,22,22.00,22.00,22,22
"Compare_File_2493",1,22,22.00,22.00,22,22
"Compare_File_1464",1,22,22.00,22.00,22,22
"Compare_File_2637",1,22,22.00,22.00,22,22
"Compare_File_2322",1,22,22.00,22.00,22,22
"Compare_File_1194",1,22,22.00,22.00,22,22
"Compare_File_1707",1,22,22.00,22.00,22,22
"Compare_File_136",1,22,22.00,22.00,22,22
"Compare_File_3056",1,22,22.00,22.00,22,22
"Compare_File_2001",1,22,22.00,22.00,22,22
"Compare_File_3496",1,22,22.00,22.00,22,22
"Compare_File_2412",1,22,22.00,22.00,22,22
"Compare_File_3474",1,22,22.00,22.00,22,22
"Compare_File_1905",1,22,22.00,22.00,22,22
"Compare_File_840",1,22,22.00,22.00,22,22
"Compare_File_2186",1,22,22.00,22.00,22,22
"Compare_File_1452",1,22,22.00,22.00,22,22
"Compare_File_3423",1,22,22.00,22.00,22,22
"Compare_File_2148",1,22,22.00,22.00,22,22
"Compare_File_2608",1,22,22.00,22.00,22,22
"Compare_File_206",1,22,22.00,22.00,22,22
"Compare_File_2512",1,22,22.00,22.00,22,22
"Compare_File_1109",1,22,22.00,22.00,22,22
"Compare_File_3447",1,22,22.00,22.00,22,22
"Compare_File_1491",1,22,22.00,22.00,22,22
"Compare_File_2513",1,22,22.00,22.00,22,22
"Compare_File_2749",1,22,22.00,22.00,22,22
"Compare_File_1193",1,22,22.00,22.00,22,22
"Compare_File_426",1,22,22.00,22.00,22,22
"Compare_File_3505",1,22,22.00,22.00,22,22
"Compare_File_2313",1,22,22.00,22.00,22,22
"Compare_File_1285",1,22,22.00,22.00,22,22
"Compare_File_671",1,22,22.00,22.00,22,22
"Compare_File_2362",1,22,22.00,22.00,22,22
"Compare_File_2524",1,22,22.00,22.00,22,22
"Compare_File_901",1,22,22.00,22.00,22,22
"Compare_File_3191",1,22,22.00,22.00,22,22
"Compare_File_207",1,22,22.00,22.00,22,22
"Compare_File_558",1,22,22.00,22.00,22,22
"Compare_File_2452",1,22,22.00,22.00,22,22
"Compare_File_3295",1,22,22.00,22.00,22,22
"Compare_File_329",1,22,22.00,22.00,22,22
"Compare_File_602",1,22,22.00,22.00,22,22
"Compare_File_1936",1,22,22.00,22.00,22,22
"Compare_File_357",1,22,22.00,22.00,22,22
"Compare_File_2005",1,22,22.00,22.00,22,22
"Compare_File_492",1,22,22.00,22.00,22,22
"Compare_File_1074",1,22,22.00,22.00,22,22
"Compare_File_3661",1,22,22.00,22.00,22,22
"Compare_File_1232",1,22,22.00,22.00,22,22
"Compare_File_1991",1,22,22.00,22.00,22,22
"Compare_File_741",1,22,22.00,22.00,22,22
"Compare_File_1294",1,22,22.00,22.00,22,22
"Compare_File_919",1,22,22.00,22.00,22,22
"Compare_File_3772",1,22,22.00,22.00,22,22
"Compare_File_2156",1,22,22.00,22.00,22,22
"Compare_File_2646",1,22,22.00,22.00,22,22
"Compare_File_1098",1,22,22.00,22.00,22,22
"Compare_File_2026",1,22,22.00,22.00,22,22
"Compare_File_1068",1,22,22.00,22.00,22,22
"Compare_File_665",1,22,22.00,22.00,22,22
"Compare_File_845",1,22,22.00,22.00,22,22
"Compare_File_1166",1,22,22.00,22.00,22,22
"Compare_File_533",1,22,22.00,22.00,22,22
"Compare_File_1054",1,22,22.00,22.00,22,22
"Compare_File_2321",1,22,22.00,22.00,22,22
"Compare_File_115",1,22,22.00,22.00,22,22
"Compare_File_96",1,22,22.00,22.00,22,22
"Compare_File_572",1,22,22.00,22.00,22,22
"Compare_File_2747",1,22,22.00,22.00,22,22
"Compare_File_1904",1,22,22.00,22.00,22,22
"Compare_File_660",1,22,22.00,22.00,22,22
"Compare_File_855",1,22,22.00,22.00,22,22
"Compare_File_2680",1,22,22.00,22.00,22,22
"Compare_File_1537",1,21,21.00,21.00,21,21
"Compare_File_169",1,21,21.00,21.00,21,21
"Compare_File_3622",1,21,21.00,21.00,21,21
"Compare_File_3041",1,21,21.00,21.00,21,21
"Compare_File_2345",1,21,21.00,21.00,21,21
"Compare_File_442",1,21,21.00,21.00,21,21
"Compare_File_822",1,21,21.00,21.00,21,21
"Compare_File_2308",1,21,21.00,21.00,21,21
"Compare_File_1694",1,21,21.00,21.00,21,21
"Compare_File_1146",1,21,21.00,21.00,21,21
"Compare_File_2530",1,21,21.00,21.00,21,21
"Compare_File_961",1,21,21.00,21.00,21,21
"Compare_File_789",1,21,21.00,21.00,21,21
"Compare_File_972",1,21,21.00,21.00,21,21
"Compare_File_730",1,21,21.00,21.00,21,21
"Compare_File_1723",1,21,21.00,21.00,21,21
"Compare_File_814",1,21,21.00,21.00,21,21
"Compare_File_3271",1,21,21.00,21.00,21,21
"Compare_File_1051",1,21,21.00,21.00,21,21
"Compare_File_1708",1,21,21.00,21.00,21,21
"Compare_File_1192",1,21,21.00,21.00,21,21
"Compare_File_2822",1,21,21.00,21.00,21,21
"Compare_File_1315",1,21,21.00,21.00,21,21
"Compare_File_1834",1,21,21.00,21.00,21,21
"Compare_File_330",1,21,21.00,21.00,21,21
"Compare_File_2293",1,21,21.00,21.00,21,21
"Compare_File_773",1,21,21.00,21.00,21,21
"Compare_File_3175",1,21,21.00,21.00,21,21
"Compare_File_2166",1,21,21.00,21.00,21,21
"Compare_File_917",1,21,21.00,21.00,21,21
"Compare_File_2940",1,21,21.00,21.00,21,21
"Compare_File_1826",1,21,21.00,21.00,21,21
"Compare_File_2105",1,21,21.00,21.00,21,21
"Compare_File_233",1,21,21.00,21.00,21,21
"Compare_File_3548",1,21,21.00,21.00,21,21
"Compare_File_2442",1,21,21.00,21.00,21,21
"Compare_File_1366",1,21,21.00,21.00,21,21
"Compare_File_3169",1,21,21.00,21.00,21,21
"Compare_File_2298",1,21,21.00,21.00,21,21
"Compare_File_3515",1,21,21.00,21.00,21,21
"Compare_File_1783",1,21,21.00,21.00,21,21
"Compare_File_758",1,21,21.00,21.00,21,21
"Compare_File_210",1,21,21.00,21.00,21,21
"Compare_File_1471",1,21,21.00,21.00,21,21
"Compare_File_703",1,21,21.00,21.00,21,21
"Compare_File_332",1,21,21.00,21.00,21,21
"Compare_File_1637",1,21,21.00,21.00,21,21
"Compare_File_1284",1,21,21.00,21.00,21,21
"Compare_File_435",1,21,21.00,21.00,21,21
"Compare_File_114",1,21,21.00,21.00,21,21
"Compare_File_2423",1,21,21.00,21.00,21,21
"Compare_File_1520",1,21,21.00,21.00,21,21
"Compare_File_1367",1,21,21.00,21.00,21,21
"Compare_File_994",1,21,21.00,21.00,21,21
"Compare_File_3170",1,21,21.00,21.00,21,21
"Compare_File_1463",1,21,21.00,21.00,21,21
"Compare_File_2519",1,21,21.00,21.00,21,21
"Compare_File_1998",1,21,21.00,21.00,21,21
"Compare_File_2776",1,21,21.00,21.00,21,21
"Compare_File_2004",1,21,21.00,21.00,21,21
"Compare_File_1404",1,21,21.00,21.00,21,21
"Compare_File_2438",1,21,21.00,21.00,21,21
"Compare_File_3999",1,21,21.00,21.00,21,21
"Compare_File_2849",1,21,21.00,21.00,21,21
"Compare_File_3275",1,21,21.00,21.00,21,21
"Compare_File_1302",1,21,21.00,21.00,21,21
"Compare_File_2826",1,21,21.00,21.00,21,21
"Compare_File_1794",1,21,21.00,21.00,21,21
"Compare_File_116",1,21,21.00,21.00,21,21
"Compare_File_2488",1,21,21.00,21.00,21,21
"Compare_File_3969",1,21,21.00,21.00,21,21
"Compare_File_1508",1,21,21.00,21.00,21,21
"Compare_File_1185",1,21,21.00,21.00,21,21
"Compare_File_1049",1,21,21.00,21.00,21,21
"Compare_File_198",1,21,21.00,21.00,21,21
"Compare_File_899",1,21,21.00,21.00,21,21
"Compare_File_1738",1,21,21.00,21.00,21,21
"Compare_File_900",1,21,21.00,21.00,21,21
"Compare_File_3108",1,21,21.00,21.00,21,21
"Compare_File_2704",1,21,21.00,21.00,21,21
"Compare_File_2033",1,21,21.00,21.00,21,21
"Compare_File_2672",1,21,21.00,21.00,21,21
"Compare_File_2107",1,21,21.00,21.00,21,21
"Compare_File_328",1,21,21.00,21.00,21,21
"Compare_File_2333",1,21,21.00,21.00,21,21
"Compare_File_784",1,21,21.00,21.00,21,21
"Compare_File_2557",1,21,21.00,21.00,21,21
"Compare_File_2302",1,21,21.00,21.00,21,21
"Compare_File_1271",1,21,21.00,21.00,21,21
"Compare_File_1373",1,21,21.00,21.00,21,21
"Compare_File_2698",1,21,21.00,21.00,21,21
"Compare_File_189",1,21,21.00,21.00,21,21
"Compare_File_501",1,21,21.00,21.00,21,21
"Compare_File_573",1,21,21.00,21.00,21,21
"Compare_File_1050",1,21,21.00,21.00,21,21
"Compare_File_2090",1,21,21.00,21.00,21,21
"Compare_File_1235",1,21,21.00,21.00,21,21
"Compare_File_2292",1,21,21.00,21.00,21,21
"Compare_File_1039",1,21,21.00,21.00,21,21
"Compare_File_3488",1,21,21.00,21.00,21,21
"Compare_File_1396",1,21,21.00,21.00,21,21
"Compare_File_454",1,21,21.00,21.00,21,21
"Compare_File_1110",1,21,21.00,21.00,21,21
"Compare_File_2847",1,21,21.00,21.00,21,21
"Compare_File_643",1,21,21.00,21.00,21,21
"Compare_File_1181",1,21,21.00,21.00,21,21
"Compare_File_3375",1,21,21.00,21.00,21,21
"Compare_File_3111",1,21,21.00,21.00,21,21
"Compare_File_2429",1,21,21.00,21.00,21,21
"Compare_File_3435",1,21,21.00,21.00,21,21
"Compare_File_497",1,21,21.00,21.00,21,21
"Compare_File_742",1,21,21.00,21.00,21,21
"Compare_File_2914",1,21,21.00,21.00,21,21
"Compare_File_3001",1,21,21.00,21.00,21,21
"Compare_File_826",1,21,21.00,21.00,21,21
"Compare_File_1988",1,21,21.00,21.00,21,21
"Compare_File_1008",1,21,21.00,21.00,21,21
"Compare_File_3485",1,21,21.00,21.00,21,21
"Compare_File_3186",1,21,21.00,21.00,21,21
"Compare_File_674",1,21,21.00,21.00,21,21
"Compare_File_2507",1,21,21.00,21.00,21,21
"Compare_File_2350",1,21,21.00,21.00,21,21
"Compare_File_2648",1,21,21.00,21.00,21,21
"Compare_File_734",1,21,21.00,21.00,21,21
"Compare_File_3608",1,21,21.00,21.00,21,21
"Compare_File_2552",1,21,21.00,21.00,21,21
"Compare_File_2658",1,21,21.00,21.00,21,21
"Compare_File_1784",1,21,21.00,21.00,21,21
"Compare_File_1801",1,21,21.00,21.00,21,21
"Compare_File_1828",1,21,21.00,21.00,21,21
"Compare_File_1462",1,21,21.00,21.00,21,21
"Compare_File_412",1,21,21.00,21.00,21,21
"Compare_File_341",1,21,21.00,21.00,21,21
"Compare_File_2504",1,21,21.00,21.00,21,21
"Compare_File_1473",1,21,21.00,21.00,21,21
"Compare_File_2235",1,21,21.00,21.00,21,21
"Compare_File_1822",1,21,21.00,21.00,21,21
"Compare_File_201",1,21,21.00,21.00,21,21
"Compare_File_2425",1,21,21.00,21.00,21,21
"Compare_File_2746",1,21,21.00,21.00,21,21
"Compare_File_1538",1,21,21.00,21.00,21,21
"Compare_File_1531",1,21,21.00,21.00,21,21
"Compare_File_939",1,21,21.00,21.00,21,21
"Compare_File_1916",1,21,21.00,21.00,21,21
"Compare_File_2490",1,21,21.00,21.00,21,21
"Compare_File_3292",1,21,21.00,21.00,21,21
"Compare_File_2163",1,21,21.00,21.00,21,21
"Compare_File_2548",1,21,21.00,21.00,21,21
"Compare_File_3486",1,21,21.00,21.00,21,21
"Compare_File_798",1,21,21.00,21.00,21,21
"Compare_File_2317",1,21,21.00,21.00,21,21
"Compare_File_2089",1,21,21.00,21.00,21,21
"Compare_File_1256",1,21,21.00,21.00,21,21
"Compare_File_995",1,21,21.00,21.00,21,21
"Compare_File_812",1,21,21.00,21.00,21,21
"Compare_File_569",1,21,21.00,21.00,21,21
"Compare_File_2515",1,21,21.00,21.00,21,21
"Compare_File_1046",1,21,21.00,21.00,21,21
"Compare_File_2988",1,21,21.00,21.00,21,21
"Compare_File_2376",1,20,20.00,20.00,20,20
"Compare_File_2549",1,20,20.00,20.00,20,20
"Compare_File_3586",1,20,20.00,20.00,20,20
"Compare_File_3598",1,20,20.00,20.00,20,20
"Compare_File_553",1,20,20.00,20.00,20,20
"Compare_File_3591",1,20,20.00,20.00,20,20
"Compare_File_3846",1,20,20.00,20.00,20,20
"Compare_File_639",1,20,20.00,20.00,20,20
"Compare_File_3279",1,20,20.00,20.00,20,20
"Compare_File_2426",1,20,20.00,20.00,20,20
"Compare_File_850",1,20,20.00,20.00,20,20
"Compare_File_678",1,20,20.00,20.00,20,20
"Compare_File_1466",1,20,20.00,20.00,20,20
"Compare_File_192",1,20,20.00,20.00,20,20
"Compare_File_2032",1,20,20.00,20.00,20,20
"Compare_File_3491",1,20,20.00,20.00,20,20
"Compare_File_1776",1,20,20.00,20.00,20,20
"Compare_File_1489",1,20,20.00,20.00,20,20
"Compare_File_953",1,20,20.00,20.00,20,20
"Compare_File_2562",1,20,20.00,20.00,20,20
"Compare_File_3007",1,20,20.00,20.00,20,20
"Compare_File_979",1,20,20.00,20.00,20,20
"Compare_File_3483",1,20,20.00,20.00,20,20
"Compare_File_3499",1,20,20.00,20.00,20,20
"Compare_File_504",1,20,20.00,20.00,20,20
"Compare_File_2128",1,20,20.00,20.00,20,20
"Compare_File_654",1,20,20.00,20.00,20,20
"Compare_File_2082",1,20,20.00,20.00,20,20
"Compare_File_1065",1,20,20.00,20.00,20,20
"Compare_File_3627",1,20,20.00,20.00,20,20
"Compare_File_2706",1,20,20.00,20.00,20,20
"Compare_File_661",1,20,20.00,20.00,20,20
"Compare_File_3821",1,20,20.00,20.00,20,20
"Compare_File_852",1,20,20.00,20.00,20,20
"Compare_File_3089",1,20,20.00,20.00,20,20
"Compare_File_2453",1,20,20.00,20.00,20,20
"Compare_File_2393",1,20,20.00,20.00,20,20
"Compare_File_1712",1,20,20.00,20.00,20,20
"Compare_File_1799",1,20,20.00,20.00,20,20
"Compare_File_514",1,20,20.00,20.00,20,20
"Compare_File_1626",1,20,20.00,20.00,20,20
"Compare_File_2753",1,20,20.00,20.00,20,20
"Compare_File_1322",1,20,20.00,20.00,20,20
"Compare_File_1691",1,20,20.00,20.00,20,20
"Compare_File_800",1,20,20.00,20.00,20,20
"Compare_File_1099",1,20,20.00,20.00,20,20
"Compare_File_3294",1,20,20.00,20.00,20,20
"Compare_File_402",1,20,20.00,20.00,20,20
"Compare_File_3556",1,20,20.00,20.00,20,20
"Compare_File_339",1,20,20.00,20.00,20,20
"Compare_File_1528",1,20,20.00,20.00,20,20
"Compare_File_975",1,20,20.00,20.00,20,20
"Compare_File_1512",1,20,20.00,20.00,20,20
"Compare_File_1521",1,20,20.00,20.00,20,20
"Compare_File_3324",1,20,20.00,20.00,20,20
"Compare_File_751",1,20,20.00,20.00,20,20
"Compare_File_929",1,20,20.00,20.00,20,20
"Compare_File_1318",1,20,20.00,20.00,20,20
"Compare_File_846",1,20,20.00,20.00,20,20
"Compare_File_152",1,20,20.00,20.00,20,20
"Compare_File_2036",1,20,20.00,20.00,20,20
"Compare_File_3554",1,20,20.00,20.00,20,20
"Compare_File_3616",1,20,20.00,20.00,20,20
"Compare_File_1104",1,20,20.00,20.00,20,20
"Compare_File_802",1,20,20.00,20.00,20,20
"Compare_File_448",1,20,20.00,20.00,20,20
"Compare_File_650",1,20,20.00,20.00,20,20
"Compare_File_1274",1,20,20.00,20.00,20,20
"Compare_File_2532",1,20,20.00,20.00,20,20
"Compare_File_421",1,20,20.00,20.00,20,20
"Compare_File_1176",1,20,20.00,20.00,20,20
"Compare_File_2030",1,20,20.00,20.00,20,20
"Compare_File_980",1,20,20.00,20.00,20,20
"Compare_File_1102",1,20,20.00,20.00,20,20
"Compare_File_403",1,20,20.00,20.00,20,20
"Compare_File_668",1,20,20.00,20.00,20,20
"Compare_File_1914",1,20,20.00,20.00,20,20
"Compare_File_2699",1,20,20.00,20.00,20,20
"Compare_File_756",1,20,20.00,20.00,20,20
"Compare_File_1507",1,20,20.00,20.00,20,20
"Compare_File_3596",1,20,20.00,20.00,20,20
"Compare_File_1188",1,20,20.00,20.00,20,20
"Compare_File_1236",1,20,20.00,20.00,20,20
"Compare_File_3174",1,20,20.00,20.00,20,20
"Compare_File_1395",1,20,20.00,20.00,20,20
"Compare_File_3438",1,20,20.00,20.00,20,20
"Compare_File_918",1,20,20.00,20.00,20,20
"Compare_File_1162",1,20,20.00,20.00,20,20
"Compare_File_3270",1,20,20.00,20.00,20,20
"Compare_File_1851",1,20,20.00,20.00,20,20
"Compare_File_1101",1,20,20.00,20.00,20,20
"Compare_File_902",1,20,20.00,20.00,20,20
"Compare_File_2508",1,20,20.00,20.00,20,20
"Compare_File_3514",1,20,20.00,20.00,20,20
"Compare_File_1929",1,20,20.00,20.00,20,20
"Compare_File_1639",1,20,20.00,20.00,20,20
"Compare_File_927",1,20,20.00,20.00,20,20
"Compare_File_3550",1,20,20.00,20.00,20,20
"Compare_File_199",1,20,20.00,20.00,20,20
"Compare_File_1490",1,20,20.00,20.00,20,20
"Compare_File_2129",1,20,20.00,20.00,20,20
"Compare_File_1692",1,20,20.00,20.00,20,20
"Compare_File_521",1,20,20.00,20.00,20,20
"Compare_File_1317",1,20,20.00,20.00,20,20
"Compare_File_849",1,20,20.00,20.00,20,20
"Compare_File_1413",1,20,20.00,20.00,20,20
"Compare_File_1515",1,20,20.00,20.00,20,20
"Compare_File_937",1,20,20.00,20.00,20,20
"Compare_File_2863",1,20,20.00,20.00,20,20
"Compare_File_3437",1,20,20.00,20.00,20,20
"Compare_File_627",1,20,20.00,20.00,20,20
"Compare_File_1852",1,20,20.00,20.00,20,20
"Compare_File_3265",1,20,20.00,20.00,20,20
"Compare_File_567",1,20,20.00,20.00,20,20
"Compare_File_167",1,20,20.00,20.00,20,20
"Compare_File_1503",1,20,20.00,20.00,20,20
"Compare_File_2193",1,20,20.00,20.00,20,20
"Compare_File_1937",1,20,20.00,20.00,20,20
"Compare_File_1324",1,20,20.00,20.00,20,20
"Compare_File_699",1,20,20.00,20.00,20,20
"Compare_File_195",1,20,20.00,20.00,20,20
"Compare_File_3104",1,20,20.00,20.00,20,20
"Compare_File_820",1,20,20.00,20.00,20,20
"Compare_File_1230",1,20,20.00,20.00,20,20
"Compare_File_1742",1,20,20.00,20.00,20,20
"Compare_File_411",1,20,20.00,20.00,20,20
"Compare_File_526",1,20,20.00,20.00,20,20
"Compare_File_3274",1,20,20.00,20.00,20,20
"Compare_File_1299",1,20,20.00,20.00,20,20
"Compare_File_632",1,20,20.00,20.00,20,20
"Compare_File_2229",1,20,20.00,20.00,20,20
"Compare_File_1510",1,20,20.00,20.00,20,20
"Compare_File_3176",1,20,20.00,20.00,20,20
"Compare_File_782",1,20,20.00,20.00,20,20
"Compare_File_2023",1,20,20.00,20.00,20,20
"Compare_File_1304",1,19,19.00,19.00,19,19
"Compare_File_915",1,19,19.00,19.00,19,19
"Compare_File_1753",1,19,19.00,19.00,19,19
"Compare_File_1518",1,19,19.00,19.00,19,19
"Compare_File_1511",1,19,19.00,19.00,19,19
"Compare_File_3428",1,19,19.00,19.00,19,19
"Compare_File_2000",1,19,19.00,19.00,19,19
"Compare_File_847",1,19,19.00,19.00,19,19
"Compare_File_3995",1,19,19.00,19.00,19,19
"Compare_File_1165",1,19,19.00,19.00,19,19
"Compare_File_2952",1,19,19.00,19.00,19,19
"Compare_File_477",1,19,19.00,19.00,19,19
"Compare_File_3571",1,19,19.00,19.00,19,19
"Compare_File_709",1,19,19.00,19.00,19,19
"Compare_File_857",1,19,19.00,19.00,19,19
"Compare_File_3476",1,19,19.00,19.00,19,19
"Compare_File_1517",1,19,19.00,19.00,19,19
"Compare_File_2720",1,19,19.00,19.00,19,19
"Compare_File_1754",1,19,19.00,19.00,19,19
"Compare_File_1374",1,19,19.00,19.00,19,19
"Compare_File_748",1,19,19.00,19.00,19,19
"Compare_File_928",1,19,19.00,19.00,19,19
"Compare_File_1094",1,19,19.00,19.00,19,19
"Compare_File_669",1,19,19.00,19.00,19,19
"Compare_File_1234",1,19,19.00,19.00,19,19
"Compare_File_2604",1,19,19.00,19.00,19,19
"Compare_File_194",1,19,19.00,19.00,19,19
"Compare_File_1756",1,19,19.00,19.00,19,19
"Compare_File_3456",1,19,19.00,19.00,19,19
"Compare_File_617",1,19,19.00,19.00,19,19
"Compare_File_3778",1,19,19.00,19.00,19,19
"Compare_File_904",1,19,19.00,19.00,19,19
"Compare_File_358",1,19,19.00,19.00,19,19
"Compare_File_2659",1,19,19.00,19.00,19,19
"Compare_File_2112",1,19,19.00,19.00,19,19
"Compare_File_2915",1,19,19.00,19.00,19,19
"Compare_File_513",1,19,19.00,19.00,19,19
"Compare_File_3784",1,19,19.00,19.00,19,19
"Compare_File_2131",1,19,19.00,19.00,19,19
"Compare_File_2351",1,19,19.00,19.00,19,19
"Compare_File_986",1,19,19.00,19.00,19,19
"Compare_File_1785",1,19,19.00,19.00,19,19
"Compare_File_942",1,19,19.00,19.00,19,19
"Compare_File_1246",1,19,19.00,19.00,19,19
"Compare_File_1751",1,19,19.00,19.00,19,19
"Compare_File_255",1,19,19.00,19.00,19,19
"Compare_File_2505",1,19,19.00,19.00,19,19
"Compare_File_2777",1,19,19.00,19.00,19,19
"Compare_File_3303",1,19,19.00,19.00,19,19
"Compare_File_1472",1,19,19.00,19.00,19,19
"Compare_File_985",1,19,19.00,19.00,19,19
"Compare_File_1513",1,19,19.00,19.00,19,19
"Compare_File_1159",1,19,19.00,19.00,19,19
"Compare_File_754",1,19,19.00,19.00,19,19
"Compare_File_326",1,19,19.00,19.00,19,19
"Compare_File_3475",1,19,19.00,19.00,19,19
"Compare_File_1527",1,19,19.00,19.00,19,19
"Compare_File_2111",1,19,19.00,19.00,19,19
"Compare_File_2609",1,19,19.00,19.00,19,19
"Compare_File_2266",1,19,19.00,19.00,19,19
"Compare_File_1313",1,19,19.00,19.00,19,19
"Compare_File_507",1,19,19.00,19.00,19,19
"Compare_File_2520",1,19,19.00,19.00,19,19
"Compare_File_1362",1,19,19.00,19.00,19,19
"Compare_File_2228",1,19,19.00,19.00,19,19
"Compare_File_1070",1,19,19.00,19.00,19,19
"Compare_File_3542",1,19,19.00,19.00,19,19
"Compare_File_1164",1,19,19.00,19.00,19,19
"Compare_File_634",1,19,19.00,19.00,19,19
"Compare_File_2265",1,19,19.00,19.00,19,19
"Compare_File_1835",1,19,19.00,19.00,19,19
"Compare_File_3306",1,19,19.00,19.00,19,19
"Compare_File_2171",1,19,19.00,19.00,19,19
"Compare_File_527",1,19,19.00,19.00,19,19
"Compare_File_677",1,19,19.00,19.00,19,19
"Compare_File_1422",1,19,19.00,19.00,19,19
"Compare_File_1781",1,19,19.00,19.00,19,19
"Compare_File_1535",1,19,19.00,19.00,19,19
"Compare_File_1827",1,19,19.00,19.00,19,19
"Compare_File_2529",1,19,19.00,19.00,19,19
"Compare_File_1840",1,19,19.00,19.00,19,19
"Compare_File_1224",1,19,19.00,19.00,19,19
"Compare_File_509",1,19,19.00,19.00,19,19
"Compare_File_831",1,19,19.00,19.00,19,19
"Compare_File_1175",1,19,19.00,19.00,19,19
"Compare_File_2361",1,19,19.00,19.00,19,19
"Compare_File_1297",1,19,19.00,19.00,19,19
"Compare_File_259",1,19,19.00,19.00,19,19
"Compare_File_2486",1,19,19.00,19.00,19,19
"Compare_File_636",1,19,19.00,19.00,19,19
"Compare_File_137",1,19,19.00,19.00,19,19
"Compare_File_1681",1,19,19.00,19.00,19,19
"Compare_File_2707",1,19,19.00,19.00,19,19
"Compare_File_2092",1,19,19.00,19.00,19,19
"Compare_File_1075",1,19,19.00,19.00,19,19
"Compare_File_1469",1,19,19.00,19.00,19,19
"Compare_File_618",1,19,19.00,19.00,19,19
"Compare_File_3691",1,19,19.00,19.00,19,19
"Compare_File_2336",1,19,19.00,19.00,19,19
"Compare_File_1300",1,19,19.00,19.00,19,19
"Compare_File_940",1,19,19.00,19.00,19,19
"Compare_File_1405",1,19,19.00,19.00,19,19
"Compare_File_1468",1,19,19.00,19.00,19,19
"Compare_File_630",1,19,19.00,19.00,19,19
"Compare_File_1000",1,19,19.00,19.00,19,19
"Compare_File_202",1,19,19.00,19.00,19,19
"Compare_File_523",1,19,19.00,19.00,19,19
"Compare_File_1080",1,19,19.00,19.00,19,19
"Compare_File_1660",1,19,19.00,19.00,19,19
"Compare_File_170",1,19,19.00,19.00,19,19
"Compare_File_1642",1,19,19.00,19.00,19,19
"Compare_File_648",1,19,19.00,19.00,19,19
"Compare_File_515",1,19,19.00,19.00,19,19
"Compare_File_856",1,19,19.00,19.00,19,19
"Compare_File_1685",1,19,19.00,19.00,19,19
"Compare_File_619",1,19,19.00,19.00,19,19
"Compare_File_3508",1,19,19.00,19.00,19,19
"Compare_File_2031",1,19,19.00,19.00,19,19
"Compare_File_1218",1,19,19.00,19.00,19,19
"Compare_File_3429",1,19,19.00,19.00,19,19
"Compare_File_1269",1,19,19.00,19.00,19,19
"Compare_File_3524",1,19,19.00,19.00,19,19
"Compare_File_3560",1,18,18.00,18.00,18,18
"Compare_File_804",1,18,18.00,18.00,18,18
"Compare_File_631",1,18,18.00,18.00,18,18
"Compare_File_746",1,18,18.00,18.00,18,18
"Compare_File_774",1,18,18.00,18.00,18,18
"Compare_File_3507",1,18,18.00,18.00,18,18
"Compare_File_520",1,18,18.00,18.00,18,18
"Compare_File_670",1,18,18.00,18.00,18,18
"Compare_File_2247",1,18,18.00,18.00,18,18
"Compare_File_651",1,18,18.00,18.00,18,18
"Compare_File_1364",1,18,18.00,18.00,18,18
"Compare_File_1072",1,18,18.00,18.00,18,18
"Compare_File_538",1,18,18.00,18.00,18,18
"Compare_File_799",1,18,18.00,18.00,18,18
"Compare_File_3674",1,18,18.00,18.00,18,18
"Compare_File_1682",1,18,18.00,18.00,18,18
"Compare_File_3585",1,18,18.00,18.00,18,18
"Compare_File_3328",1,18,18.00,18.00,18,18
"Compare_File_487",1,18,18.00,18.00,18,18
"Compare_File_1505",1,18,18.00,18.00,18,18
"Compare_File_1038",1,18,18.00,18.00,18,18
"Compare_File_2304",1,18,18.00,18.00,18,18
"Compare_File_3469",1,18,18.00,18.00,18,18
"Compare_File_1397",1,18,18.00,18.00,18,18
"Compare_File_1064",1,18,18.00,18.00,18,18
"Compare_File_3680",1,18,18.00,18.00,18,18
"Compare_File_418",1,18,18.00,18.00,18,18
"Compare_File_1173",1,18,18.00,18.00,18,18
"Compare_File_1295",1,18,18.00,18.00,18,18
"Compare_File_3405",1,18,18.00,18.00,18,18
"Compare_File_2290",1,18,18.00,18.00,18,18
"Compare_File_1689",1,18,18.00,18.00,18,18
"Compare_File_193",1,18,18.00,18.00,18,18
"Compare_File_1918",1,18,18.00,18.00,18,18
"Compare_File_1186",1,18,18.00,18.00,18,18
"Compare_File_656",1,18,18.00,18.00,18,18
"Compare_File_534",1,18,18.00,18.00,18,18
"Compare_File_3986",1,18,18.00,18.00,18,18
"Compare_File_2930",1,18,18.00,18.00,18,18
"Compare_File_1906",1,18,18.00,18.00,18,18
"Compare_File_1197",1,18,18.00,18.00,18,18
"Compare_File_211",1,18,18.00,18.00,18,18
"Compare_File_1288",1,18,18.00,18.00,18,18
"Compare_File_772",1,18,18.00,18.00,18,18
"Compare_File_3458",1,18,18.00,18.00,18,18
"Compare_File_3012",1,18,18.00,18.00,18,18
"Compare_File_1588",1,18,18.00,18.00,18,18
"Compare_File_1695",1,18,18.00,18.00,18,18
"Compare_File_753",1,18,18.00,18.00,18,18
"Compare_File_3525",1,18,18.00,18.00,18,18
"Compare_File_3481",1,18,18.00,18.00,18,18
"Compare_File_3272",1,18,18.00,18.00,18,18
"Compare_File_3430",1,18,18.00,18.00,18,18
"Compare_File_641",1,18,18.00,18.00,18,18
"Compare_File_1797",1,18,18.00,18.00,18,18
"Compare_File_821",1,18,18.00,18.00,18,18
"Compare_File_998",1,18,18.00,18.00,18,18
"Compare_File_1103",1,18,18.00,18.00,18,18
"Compare_File_2231",1,18,18.00,18.00,18,18
"Compare_File_1409",1,18,18.00,18.00,18,18
"Compare_File_205",1,18,18.00,18.00,18,18
"Compare_File_566",1,18,18.00,18.00,18,18
"Compare_File_3849",1,18,18.00,18.00,18,18
"Compare_File_1320",1,18,18.00,18.00,18,18
"Compare_File_3432",1,18,18.00,18.00,18,18
"Compare_File_1627",1,18,18.00,18.00,18,18
"Compare_File_750",1,18,18.00,18.00,18,18
"Compare_File_3612",1,18,18.00,18.00,18,18
"Compare_File_2588",1,18,18.00,18.00,18,18
"Compare_File_410",1,18,18.00,18.00,18,18
"Compare_File_851",1,18,18.00,18.00,18,18
"Compare_File_635",1,18,18.00,18.00,18,18
"Compare_File_2115",1,18,18.00,18.00,18,18
"Compare_File_757",1,18,18.00,18.00,18,18
"Compare_File_453",1,18,18.00,18.00,18,18
"Compare_File_3099",1,18,18.00,18.00,18,18
"Compare_File_3045",1,18,18.00,18.00,18,18
"Compare_File_2314",1,18,18.00,18.00,18,18
"Compare_File_2130",1,18,18.00,18.00,18,18
"Compare_File_596",1,18,18.00,18.00,18,18
"Compare_File_3687",1,18,18.00,18.00,18,18
"Compare_File_2103",1,18,18.00,18.00,18,18
"Compare_File_1323",1,18,18.00,18.00,18,18
"Compare_File_1771",1,18,18.00,18.00,18,18
"Compare_File_1276",1,18,18.00,18.00,18,18
"Compare_File_463",1,18,18.00,18.00,18,18
"Compare_File_570",1,18,18.00,18.00,18,18
"Compare_File_1247",1,18,18.00,18.00,18,18
"Compare_File_1187",1,18,18.00,18.00,18,18
"Compare_File_2118",1,18,18.00,18.00,18,18
"Compare_File_1986",1,18,18.00,18.00,18,18
"Compare_File_1149",1,18,18.00,18.00,18,18
"Compare_File_3472",1,18,18.00,18.00,18,18
"Compare_File_1275",1,18,18.00,18.00,18,18
"Compare_File_787",1,18,18.00,18.00,18,18
"Compare_File_1303",1,18,18.00,18.00,18,18
"Compare_File_3668",1,18,18.00,18.00,18,18
"Compare_File_190",1,18,18.00,18.00,18,18
"Compare_File_603",1,18,18.00,18.00,18,18
"Compare_File_1431",1,18,18.00,18.00,18,18
"Compare_File_1467",1,17,17.00,17.00,17,17
"Compare_File_1048",1,17,17.00,17.00,17,17
"Compare_File_2170",1,17,17.00,17.00,17,17
"Compare_File_3650",1,17,17.00,17.00,17,17
"Compare_File_3603",1,17,17.00,17.00,17,17
"Compare_File_3516",1,17,17.00,17.00,17,17
"Compare_File_1780",1,17,17.00,17.00,17,17
"Compare_File_1174",1,17,17.00,17.00,17,17
"Compare_File_3840",1,17,17.00,17.00,17,17
"Compare_File_2303",1,17,17.00,17.00,17,17
"Compare_File_633",1,17,17.00,17.00,17,17
"Compare_File_594",1,17,17.00,17.00,17,17
"Compare_File_2093",1,17,17.00,17.00,17,17
"Compare_File_522",1,17,17.00,17.00,17,17
"Compare_File_841",1,17,17.00,17.00,17,17
"Compare_File_1145",1,17,17.00,17.00,17,17
"Compare_File_261",1,17,17.00,17.00,17,17
"Compare_File_1052",1,17,17.00,17.00,17,17
"Compare_File_1853",1,17,17.00,17.00,17,17
"Compare_File_638",1,17,17.00,17.00,17,17
"Compare_File_505",1,17,17.00,17.00,17,17
"Compare_File_749",1,17,17.00,17.00,17,17
"Compare_File_1919",1,17,17.00,17.00,17,17
"Compare_File_1686",1,17,17.00,17.00,17,17
"Compare_File_3465",1,17,17.00,17.00,17,17
"Compare_File_2296",1,17,17.00,17.00,17,17
"Compare_File_2127",1,17,17.00,17.00,17,17
"Compare_File_2944",1,17,17.00,17.00,17,17
"Compare_File_3326",1,17,17.00,17.00,17,17
"Compare_File_769",1,17,17.00,17.00,17,17
"Compare_File_598",1,17,17.00,17.00,17,17
"Compare_File_3623",1,17,17.00,17.00,17,17
"Compare_File_1151",1,17,17.00,17.00,17,17
"Compare_File_3327",1,17,17.00,17.00,17,17
"Compare_File_3511",1,17,17.00,17.00,17,17
"Compare_File_779",1,17,17.00,17.00,17,17
"Compare_File_1115",1,17,17.00,17.00,17,17
"Compare_File_745",1,17,17.00,17.00,17,17
"Compare_File_1314",1,17,17.00,17.00,17,17
"Compare_File_3841",1,17,17.00,17.00,17,17
"Compare_File_652",1,17,17.00,17.00,17,17
"Compare_File_3982",1,17,17.00,17.00,17,17
"Compare_File_1516",1,17,17.00,17.00,17,17
"Compare_File_3776",1,17,17.00,17.00,17,17
"Compare_File_1587",1,17,17.00,17.00,17,17
"Compare_File_599",1,17,17.00,17.00,17,17
"Compare_File_783",1,17,17.00,17.00,17,17
"Compare_File_3848",1,17,17.00,17.00,17,17
"Compare_File_1630",1,17,17.00,17.00,17,17
"Compare_File_775",1,17,17.00,17.00,17,17
"Compare_File_408",1,17,17.00,17.00,17,17
"Compare_File_3558",1,17,17.00,17.00,17,17
"Compare_File_3520",1,17,17.00,17.00,17,17
"Compare_File_3479",1,17,17.00,17.00,17,17
"Compare_File_1161",1,17,17.00,17.00,17,17
"Compare_File_1221",1,17,17.00,17.00,17,17
"Compare_File_1390",1,17,17.00,17.00,17,17
"Compare_File_2109",1,17,17.00,17.00,17,17
"Compare_File_595",1,17,17.00,17.00,17,17
"Compare_File_1750",1,17,17.00,17.00,17,17
"Compare_File_637",1,17,17.00,17.00,17,17
"Compare_File_1150",1,17,17.00,17.00,17,17
"Compare_File_1060",1,17,17.00,17.00,17,17
"Compare_File_3666",1,17,17.00,17.00,17,17
"Compare_File_838",1,17,17.00,17.00,17,17
"Compare_File_1985",1,16,16.00,16.00,16,16
"Compare_File_3573",1,16,16.00,16.00,16,16
"Compare_File_3504",1,16,16.00,16.00,16,16
"Compare_File_1252",1,16,16.00,16.00,16,16
"Compare_File_3611",1,16,16.00,16.00,16,16
"Compare_File_3470",1,16,16.00,16.00,16,16
"Compare_File_1533",1,16,16.00,16.00,16,16
"Compare_File_843",1,16,16.00,16.00,16,16
"Compare_File_778",1,16,16.00,16.00,16,16
"Compare_File_3462",1,16,16.00,16.00,16,16
"Compare_File_3593",1,16,16.00,16.00,16,16
"Compare_File_3844",1,16,16.00,16.00,16,16
"Compare_File_2931",1,16,16.00,16.00,16,16
"Compare_File_247",1,16,16.00,16.00,16,16
"Compare_File_1057",1,16,16.00,16.00,16,16
"Compare_File_3700",1,16,16.00,16.00,16,16
"Compare_File_3694",1,16,16.00,16.00,16,16
"Compare_File_3519",1,16,16.00,16.00,16,16
"Compare_File_3278",1,16,16.00,16.00,16,16
"Compare_File_3701",1,16,16.00,16.00,16,16
"Compare_File_3480",1,16,16.00,16.00,16,16
"Compare_File_981",1,16,16.00,16.00,16,16
"Compare_File_565",1,16,16.00,16.00,16,16
"Compare_File_3482",1,16,16.00,16.00,16,16
"Compare_File_1251",1,16,16.00,16.00,16,16
"Compare_File_2164",1,16,16.00,16.00,16,16
"Compare_File_3463",1,16,16.00,16.00,16,16
"Compare_File_428",1,16,16.00,16.00,16,16
"Compare_File_3672",1,16,16.00,16.00,16,16
"Compare_File_3512",1,16,16.00,16.00,16,16
"Compare_File_780",1,16,16.00,16.00,16,16
"Compare_File_2233",1,16,16.00,16.00,16,16
"Compare_File_3684",1,16,16.00,16.00,16,16
"Compare_File_597",1,16,16.00,16.00,16,16
"Compare_File_2232",1,15,15.00,15.00,15,15
"Compare_File_3477",1,15,15.00,15.00,15,15
"Compare_File_2784",1,15,15.00,15.00,15,15
"Compare_File_3683",1,15,15.00,15.00,15,15
"Compare_File_3663",1,15,15.00,15.00,15,15
"Compare_File_3576",1,15,15.00,15.00,15,15
"Compare_File_547",1,15,15.00,15.00,15,15
"Compare_File_805",1,15,15.00,15.00,15,15
"Compare_File_2787",1,15,15.00,15.00,15,15
"Compare_File_1111",1,15,15.00,15.00,15,15
"Compare_File_2506",1,15,15.00,15.00,15,15
"Compare_File_3619",1,15,15.00,15.00,15,15
"Compare_File_3610",1,15,15.00,15.00,15,15
"Compare_File_3544",1,15,15.00,15.00,15,15
"Compare_File_3685",1,15,15.00,15.00,15,15
"Compare_File_3679",1,15,15.00,15.00,15,15
"Compare_File_3774",1,15,15.00,15.00,15,15
"Compare_File_1677",1,15,15.00,15.00,15,15
"Compare_File_3570",1,15,15.00,15.00,15,15
"Compare_File_616",1,15,15.00,15.00,15,15
"Compare_File_3693",1,15,15.00,15.00,15,15
"Compare_File_3777",1,15,15.00,15.00,15,15
"Compare_File_3522",1,15,15.00,15.00,15,15
"Compare_File_3493",1,15,15.00,15.00,15,15
"Compare_File_3845",1,15,15.00,15.00,15,15
"Compare_File_3605",1,15,15.00,15.00,15,15
"Compare_File_3847",1,15,15.00,15.00,15,15
"Compare_File_1071",1,15,15.00,15.00,15,15
"Compare_File_3695",1,15,15.00,15.00,15,15
"Compare_File_429",1,14,14.00,14.00,14,14
"Compare_File_1676",1,14,14.00,14.00,14,14
"Compare_File_2503",1,14,14.00,14.00,14,14
"Compare_File_2230",1,14,14.00,14.00,14,14
"Compare_File_3540",1,14,14.00,14.00,14,14
"Compare_File_3602",1,14,14.00,14.00,14,14
"Compare_File_3972",1,14,14.00,14.00,14,14
"Compare_File_3643",1,14,14.00,14.00,14,14
"Compare_File_3773",1,14,14.00,14.00,14,14
"Compare_File_3487",1,14,14.00,14.00,14,14
"Compare_File_3450",1,14,14.00,14.00,14,14
"Compare_File_3696",1,14,14.00,14.00,14,14
"Compare_File_3453",1,14,14.00,14.00,14,14
"Compare_File_3615",1,14,14.00,14.00,14,14
"Compare_File_3467",1,14,14.00,14.00,14,14
"Compare_File_837",1,14,14.00,14.00,14,14
"Compare_File_3589",1,14,14.00,14.00,14,14
"Compare_File_3561",1,14,14.00,14.00,14,14
"Compare_File_3621",1,14,14.00,14.00,14,14
"Compare_File_3675",1,14,14.00,14.00,14,14
"Compare_File_3788",1,14,14.00,14.00,14,14
"Compare_File_3584",1,14,14.00,14.00,14,14
"Compare_File_3566",1,14,14.00,14.00,14,14
"Compare_File_3682",1,14,14.00,14.00,14,14
"Compare_File_3791",1,14,14.00,14.00,14,14
"Compare_File_3601",1,14,14.00,14.00,14,14
"Compare_File_3628",1,14,14.00,14.00,14,14
"Compare_File_1402",1,14,14.00,14.00,14,14
"Compare_File_3471",1,14,14.00,14.00,14,14
"Compare_File_3990",1,14,14.00,14.00,14,14
"Compare_File_3689",1,14,14.00,14.00,14,14
"Compare_File_3690",1,14,14.00,14.00,14,14
"Compare_File_3583",1,14,14.00,14.00,14,14
"Compare_File_3606",1,14,14.00,14.00,14,14
"Compare_File_3686",1,14,14.00,14.00,14,14
"Compare_File_3971",1,14,14.00,14.00,14,14
"Compare_File_3641",1,14,14.00,14.00,14,14
"Compare_File_1453",1,14,14.00,14.00,14,14
"Compare_File_1393",1,14,14.00,14.00,14,14
"Compare_File_3665",1,13,13.00,13.00,13,13
"Compare_File_667",1,13,13.00,13.00,13,13
"Compare_File_3568",1,13,13.00,13.00,13,13
"Compare_File_1790",1,13,13.00,13.00,13,13
"Compare_File_1701",1,13,13.00,13.00,13,13
"Compare_File_3569",1,13,13.00,13.00,13,13
"Compare_File_3974",1,13,13.00,13.00,13,13
"Compare_File_3789",1,13,13.00,13.00,13,13
"Compare_File_3681",1,13,13.00,13.00,13,13
"Compare_File_3594",1,13,13.00,13.00,13,13
"Compare_File_3655",1,13,13.00,13.00,13,13
"Compare_File_3551",1,13,13.00,13.00,13,13
"Compare_File_844",1,13,13.00,13.00,13,13
"Compare_File_3988",1,13,13.00,13.00,13,13
"Compare_File_3468",1,13,13.00,13.00,13,13
"Compare_File_3559",1,13,13.00,13.00,13,13
"Compare_File_3991",1,13,13.00,13.00,13,13
"Compare_File_3503",1,13,13.00,13.00,13,13
"Compare_File_3580",1,13,13.00,13.00,13,13
"Compare_File_3562",1,13,13.00,13.00,13,13
"Compare_File_3987",1,13,13.00,13.00,13,13
"Compare_File_1392",1,13,13.00,13.00,13,13
"Compare_File_3647",1,13,13.00,13.00,13,13
"Compare_File_3466",1,13,13.00,13.00,13,13
"Compare_File_3790",1,13,13.00,13.00,13,13
"Compare_File_3620",1,13,13.00,13.00,13,13
"Compare_File_3626",1,13,13.00,13.00,13,13
"Compare_File_3842",1,13,13.00,13.00,13,13
"Compare_File_3981",1,13,13.00,13.00,13,13
"Compare_File_3565",1,13,13.00,13.00,13,13
"Compare_File_3989",1,13,13.00,13.00,13,13
"Compare_File_3698",1,13,13.00,13.00,13,13
"Compare_File_1679",1,13,13.00,13.00,13,13
"Compare_File_3464",1,13,13.00,13.00,13,13
"Compare_File_3552",1,12,12.00,12.00,12,12
"Compare_File_3599",1,12,12.00,12.00,12,12
"Compare_File_3657",1,12,12.00,12.00,12,12
"Compare_File_3567",1,12,12.00,12.00,12,12
"Compare_File_3654",1,12,12.00,12.00,12,12
"Compare_File_3771",1,12,12.00,12.00,12,12
"Compare_File_3688",1,12,12.00,12.00,12,12
"Compare_File_1690",1,12,12.00,12.00,12,12
"Compare_File_3660",1,12,12.00,12.00,12,12
"Compare_File_3618",1,12,12.00,12.00,12,12
"Compare_File_3581",1,12,12.00,12.00,12,12
"Compare_File_3985",1,12,12.00,12.00,12,12
"Compare_File_3664",1,12,12.00,12.00,12,12
"Compare_File_1767",1,12,12.00,12.00,12,12
"Compare_File_3613",1,12,12.00,12.00,12,12
"Compare_File_3454",1,12,12.00,12.00,12,12
"Compare_File_3577",1,12,12.00,12.00,12,12
"Compare_File_3699",1,12,12.00,12.00,12,12
"Compare_File_3998",1,12,12.00,12.00,12,12
"Compare_File_3451",1,12,12.00,12.00,12,12
"Compare_File_3448",1,12,12.00,12.00,12,12
"Compare_File_3459",1,12,12.00,12.00,12,12
"Compare_File_3670",1,12,12.00,12.00,12,12
"Compare_File_3786",1,12,12.00,12.00,12,12
"Compare_File_3590",1,12,12.00,12.00,12,12
"Compare_File_1678",1,11,11.00,11.00,11,11
"Compare_File_3614",1,11,11.00,11.00,11,11
"Compare_File_3983",1,11,11.00,11.00,11,11
"Compare_File_3461",1,11,11.00,11.00,11,11
"Compare_File_3607",1,11,11.00,11.00,11,11
"Compare_File_3671",1,11,11.00,11.00,11,11
"Compare_File_3676",1,11,11.00,11.00,11,11
"Process_Results",1,11,11.00,11.00,11,11
"Compare_File_3993",1,11,11.00,11.00,11,11
"Compare_File_3975",1,11,11.00,11.00,11,11
"Compare_File_3600",1,11,11.00,11.00,11,11
"Compare_File_3617",1,11,11.00,11.00,11,11
"Compare_File_3996",1,11,11.00,11.00,11,11
"Compare_File_3677",1,11,11.00,11.00,11,11
"Compare_File_3452",1,10,10.00,10.00,10,10
"Compare_File_3587",1,10,10.00,10.00,10,10
"Compare_File_3553",1,10,10.00,10.00,10,10
"Compare_File_3630",1,10,10.00,10.00,10,10
"Compare_File_3624",1,10,10.00,10.00,10,10
"Compare_File_3667",1,10,10.00,10.00,10,10
"Compare_File_3994",1,10,10.00,10.00,10,10
"Compare_File_3976",1,10,10.00,10.00,10,10
"Compare_File_3455",1,10,10.00,10.00,10,10
"Compare_File_3625",1,10,10.00,10.00,10,10
"Compare_File_3588",1,10,10.00,10.00,10,10
"Sort_Files",1,4,4.00,4.00,4,4
"Calculate_Avg_FileSize",1,1,1.00,1.00,1,1
"Folder_Stats",1,0,0.00,0.00,0,0
