Operation,CallCount,TotalTimeMs,AverageTimeMs,MedianTimeMs,MinTimeMs,MaxTimeMs
"CompareFilesWithCaching",8000,796408,99.55,69.00,13,2708
"Compare_Objects",8000,300120,37.52,26.00,2,463
"Deserialize_Old_ComplexOrderResponse_Xml",8000,214677,26.83,11.00,1,1743
"Deserialize_New_ComplexOrderResponse_Xml",8000,179898,22.49,11.00,0,2665
"Parallel_Comparison",2,36210,18105.00,18105.00,11911,24299
"CompareFolderUploadsAsync",1,30438,30438.00,30438.00,30438,30438
"Generate_File_Hash",16000,4651,0.29,0.00,0,140
"Compare_File_1",2,3166,1583.00,1583.00,1423,1743
"Compare_File_23",2,2942,1471.00,1471.00,1292,1650
"Compare_File_2294",2,2804,1402.00,1402.00,90,2714
"Compare_File_12",2,2517,1258.50,1258.50,774,1743
"Compare_File_5",2,2452,1226.00,1226.00,814,1638
"Compare_File_17",2,2413,1206.50,1206.50,744,1669
"Compare_File_11",2,2379,1189.50,1189.50,857,1522
"Compare_File_3",2,2371,1185.50,1185.50,654,1717
"Compare_File_0",2,2341,1170.50,1170.50,793,1548
"Compare_File_7",2,2331,1165.50,1165.50,66,2265
"Compare_File_9",2,2272,1136.00,1136.00,676,1596
"Compare_File_1325",2,2265,1132.50,1132.50,156,2109
"Compare_File_20",2,2231,1115.50,1115.50,774,1457
"Compare_File_2",2,2186,1093.00,1093.00,705,1481
"Compare_File_13",2,2125,1062.50,1062.50,660,1465
"Compare_File_4",2,2125,1062.50,1062.50,679,1446
"Compare_File_108",2,2090,1045.00,1045.00,65,2025
"Compare_File_531",2,2041,1020.50,1020.50,167,1874
"Compare_File_1355",2,2028,1014.00,1014.00,83,1945
"Compare_File_167",2,1990,995.00,995.00,931,1059
"Compare_File_112",2,1908,954.00,954.00,103,1805
"Compare_File_113",2,1897,948.50,948.50,803,1094
"Compare_File_429",2,1884,942.00,942.00,234,1650
"Compare_File_1284",2,1881,940.50,940.50,85,1796
"Compare_File_577",2,1848,924.00,924.00,80,1768
"Compare_File_19",2,1827,913.50,913.50,84,1743
"Compare_File_393",2,1794,897.00,897.00,201,1593
"Compare_File_6",2,1778,889.00,889.00,35,1743
"Compare_File_8",2,1773,886.50,886.50,66,1707
"Compare_File_37",2,1731,865.50,865.50,744,987
"Compare_File_29",2,1720,860.00,860.00,818,902
"Compare_File_14",2,1703,851.50,851.50,54,1649
"Compare_File_24",2,1676,838.00,838.00,31,1645
"Compare_File_18",2,1675,837.50,837.50,98,1577
"Compare_File_59",2,1668,834.00,834.00,728,940
"Compare_File_556",2,1645,822.50,822.50,198,1447
"Compare_File_3394",2,1641,820.50,820.50,51,1590
"Compare_File_44",2,1638,819.00,819.00,801,837
"Compare_File_21",2,1633,816.50,816.50,99,1534
"Compare_File_10",2,1614,807.00,807.00,38,1576
"Compare_File_324",2,1614,807.00,807.00,24,1590
"Compare_File_22",2,1571,785.50,785.50,35,1536
"Compare_File_40",2,1546,773.00,773.00,639,907
"Compare_File_1144",2,1542,771.00,771.00,105,1437
"Compare_File_15",2,1540,770.00,770.00,54,1486
"Compare_File_31",2,1524,762.00,762.00,88,1436
"Compare_File_16",2,1523,761.50,761.50,62,1461
"Compare_File_197",2,1516,758.00,758.00,205,1311
"Compare_File_45",2,1508,754.00,754.00,737,771
"Compare_File_406",2,1501,750.50,750.50,82,1419
"Compare_File_26",2,1481,740.50,740.50,674,807
"Compare_File_506",2,1460,730.00,730.00,78,1382
"Compare_File_568",2,1455,727.50,727.50,72,1383
"Compare_File_204",2,1423,711.50,711.50,165,1258
"Compare_File_909",2,1423,711.50,711.50,55,1368
"Compare_File_1304",2,1417,708.50,708.50,144,1273
"Compare_File_84",2,1397,698.50,698.50,83,1314
"Compare_File_2588",2,1388,694.00,694.00,37,1351
"Compare_File_146",2,1384,692.00,692.00,126,1258
"Compare_File_326",2,1335,667.50,667.50,35,1300
"Compare_File_88",2,1334,667.00,667.00,109,1225
"Compare_File_111",2,1331,665.50,665.50,171,1160
"Compare_File_120",2,1304,652.00,652.00,64,1240
"Compare_File_153",2,1284,642.00,642.00,259,1025
"Compare_File_119",2,1270,635.00,635.00,83,1187
"Compare_File_151",2,1251,625.50,625.50,79,1172
"Compare_File_147",2,1225,612.50,612.50,109,1116
"Compare_File_34",2,1191,595.50,595.50,79,1112
"Compare_File_233",2,1181,590.50,590.50,33,1148
"Compare_File_191",2,1162,581.00,581.00,42,1120
"Compare_File_171",2,1129,564.50,564.50,45,1084
"Compare_File_165",2,1128,564.00,564.00,45,1083
"Compare_File_178",2,1120,560.00,560.00,42,1078
"Compare_File_123",2,1107,553.50,553.50,70,1037
"Compare_File_121",2,1098,549.00,549.00,68,1030
"Compare_File_85",2,1094,547.00,547.00,68,1026
"Compare_File_252",2,1093,546.50,546.50,22,1071
"Compare_File_196",2,1075,537.50,537.50,48,1027
"Compare_File_193",2,1067,533.50,533.50,63,1004
"Compare_File_170",2,1061,530.50,530.50,72,989
"Compare_File_90",2,1057,528.50,528.50,90,967
"Compare_File_188",2,1056,528.00,528.00,34,1022
"Compare_File_110",2,1055,527.50,527.50,39,1016
"Compare_File_54",2,1053,526.50,526.50,81,972
"Compare_File_41",2,1053,526.50,526.50,160,893
"Compare_File_172",2,1051,525.50,525.50,43,1008
"Compare_File_161",2,1051,525.50,525.50,54,997
"Compare_File_215",2,1050,525.00,525.00,74,976
"Compare_File_149",2,1047,523.50,523.50,57,990
"Compare_File_223",2,1045,522.50,522.50,59,986
"Compare_File_61",2,1038,519.00,519.00,70,968
"Compare_File_60",2,1035,517.50,517.50,95,940
"Compare_File_194",2,1026,513.00,513.00,41,985
"Compare_File_208",2,1023,511.50,511.50,87,936
"Compare_File_201",2,1018,509.00,509.00,36,982
"Compare_File_28",2,1006,503.00,503.00,53,953
"Compare_File_155",2,1004,502.00,502.00,72,932
"Compare_File_212",2,1004,502.00,502.00,55,949
"Compare_File_102",2,1004,502.00,502.00,108,896
"Compare_File_3833",2,998,499.00,499.00,58,940
"Compare_File_50",2,995,497.50,497.50,214,781
"Compare_File_241",2,989,494.50,494.50,32,957
"Compare_File_187",2,985,492.50,492.50,46,939
"Compare_File_33",2,984,492.00,492.00,90,894
"Compare_File_98",2,978,489.00,489.00,95,883
"Compare_File_77",2,978,489.00,489.00,50,928
"Compare_File_255",2,972,486.00,486.00,15,957
"Compare_File_63",2,968,484.00,484.00,77,891
"Compare_File_27",2,958,479.00,479.00,44,914
"Compare_File_203",2,957,478.50,478.50,25,932
"Compare_File_175",2,956,478.00,478.00,33,923
"Compare_File_148",2,955,477.50,477.50,58,897
"Compare_File_1116",2,944,472.00,472.00,196,748
"Compare_File_189",2,928,464.00,464.00,46,882
"Compare_File_239",2,917,458.50,458.50,20,897
"Compare_File_43",2,911,455.50,455.50,109,802
"Compare_File_192",2,896,448.00,448.00,33,863
"Compare_File_166",2,883,441.50,441.50,35,848
"Compare_File_133",2,881,440.50,440.50,30,851
"Compare_File_25",2,879,439.50,439.50,44,835
"Compare_File_57",2,858,429.00,429.00,207,651
"Compare_File_100",2,813,406.50,406.50,98,715
"Compare_File_36",2,799,399.50,399.50,102,697
"Compare_File_49",2,793,396.50,396.50,53,740
"Compare_File_53",2,777,388.50,388.50,103,674
"Compare_File_3921",2,646,323.00,323.00,45,601
"Generate_Config_Fingerprint",8004,611,0.08,0.00,0,30
"Compare_File_563",2,596,298.00,298.00,89,507
"Compare_File_2785",2,563,281.50,281.50,66,497
"Compare_File_3274",2,529,264.50,264.50,43,486
"Compare_File_552",2,494,247.00,247.00,62,432
"Compare_File_1454",2,480,240.00,240.00,47,433
"Compare_File_657",2,478,239.00,239.00,61,417
"Compare_File_635",2,468,234.00,234.00,86,382
"Compare_File_2700",2,459,229.50,229.50,52,407
"Compare_File_1115",2,453,226.50,226.50,198,255
"Compare_File_944",2,438,219.00,219.00,36,402
"Compare_File_537",2,425,212.50,212.50,62,363
"Compare_File_3072",2,419,209.50,209.50,61,358
"Compare_File_1812",2,410,205.00,205.00,188,222
"Compare_File_565",2,409,204.50,204.50,93,316
"Compare_File_3582",2,405,202.50,202.50,56,349
"Compare_File_554",2,400,200.00,200.00,59,341
"Compare_File_943",2,398,199.00,199.00,34,364
"Compare_File_1263",2,395,197.50,197.50,84,311
"Compare_File_3256",2,394,197.00,197.00,49,345
"Compare_File_1668",2,394,197.00,197.00,42,352
"Compare_File_498",2,392,196.00,196.00,58,334
"Compare_File_3784",2,392,196.00,196.00,51,341
"Compare_File_3438",2,392,196.00,196.00,62,330
"Compare_File_2765",2,391,195.50,195.50,38,353
"Compare_File_710",2,390,195.00,195.00,49,341
"Compare_File_3285",2,389,194.50,194.50,45,344
"Compare_File_474",2,385,192.50,192.50,54,331
"Compare_File_1246",2,384,192.00,192.00,43,341
"Compare_File_1949",2,379,189.50,189.50,49,330
"Compare_File_1089",2,376,188.00,188.00,49,327
"Compare_File_282",2,376,188.00,188.00,184,192
"Compare_File_1659",2,366,183.00,183.00,51,315
"Compare_File_2783",2,361,180.50,180.50,94,267
"Compare_File_1395",2,361,180.50,180.50,171,190
"Compare_File_1090",2,359,179.50,179.50,44,315
"Compare_File_2768",2,359,179.50,179.50,75,284
"Compare_File_1893",2,355,177.50,177.50,40,315
"Compare_File_559",2,352,176.00,176.00,118,234
"Compare_File_2900",2,350,175.00,175.00,49,301
"Compare_File_694",2,349,174.50,174.50,31,318
"Compare_File_3253",2,349,174.50,174.50,39,310
"Compare_File_58",2,341,170.50,170.50,103,238
"Compare_File_3650",2,340,170.00,170.00,49,291
"Compare_File_3297",2,340,170.00,170.00,76,264
"Compare_File_1388",2,340,170.00,170.00,41,299
"Compare_File_1127",2,336,168.00,168.00,56,280
"Compare_File_2907",2,335,167.50,167.50,44,291
"Compare_File_435",2,335,167.50,167.50,39,296
"Compare_File_3267",2,334,167.00,167.00,40,294
"Compare_File_1947",2,333,166.50,166.50,107,226
"Compare_File_1670",2,333,166.50,166.50,53,280
"Compare_File_118",2,333,166.50,166.50,84,249
"Compare_File_3418",2,332,166.00,166.00,65,267
"Compare_File_2983",2,328,164.00,164.00,39,289
"Compare_File_1869",2,327,163.50,163.50,80,247
"Compare_File_667",2,325,162.50,162.50,133,192
"Compare_File_2509",2,325,162.50,162.50,59,266
"Compare_File_3731",2,324,162.00,162.00,54,270
"Compare_File_281",2,323,161.50,161.50,137,186
"Compare_File_3276",2,321,160.50,160.50,73,248
"Compare_File_605",2,321,160.50,160.50,54,267
"Compare_File_560",2,321,160.50,160.50,114,207
"Compare_File_3263",2,321,160.50,160.50,49,272
"Compare_File_2355",2,318,159.00,159.00,80,238
"Compare_File_2972",2,317,158.50,158.50,56,261
"Compare_File_858",2,316,158.00,158.00,23,293
"Compare_File_3286",2,315,157.50,157.50,45,270
"Compare_File_473",2,315,157.50,157.50,32,283
"Compare_File_3162",2,313,156.50,156.50,54,259
"Compare_File_3201",2,313,156.50,156.50,67,246
"Compare_File_3412",2,313,156.50,156.50,59,254
"Compare_File_1169",2,312,156.00,156.00,92,220
"Compare_File_62",2,312,156.00,156.00,114,198
"Compare_File_1141",2,312,156.00,156.00,38,274
"Compare_File_1188",2,310,155.00,155.00,55,255
"Compare_File_2280",2,310,155.00,155.00,69,241
"Compare_File_2164",2,310,155.00,155.00,55,255
"Compare_File_3299",2,306,153.00,153.00,38,268
"Compare_File_3273",2,306,153.00,153.00,49,257
"Compare_File_3280",2,306,153.00,153.00,60,246
"Compare_File_2453",2,305,152.50,152.50,75,230
"Compare_File_2740",2,304,152.00,152.00,54,250
"Compare_File_3867",2,304,152.00,152.00,55,249
"Compare_File_777",2,304,152.00,152.00,39,265
"Compare_File_443",2,303,151.50,151.50,48,255
"Compare_File_1470",2,303,151.50,151.50,35,268
"Compare_File_445",2,303,151.50,151.50,134,169
"Compare_File_117",2,302,151.00,151.00,89,213
"Compare_File_289",2,302,151.00,151.00,145,157
"Compare_File_1750",2,302,151.00,151.00,50,252
"Compare_File_1672",2,299,149.50,149.50,55,244
"Compare_File_1189",2,299,149.50,149.50,47,252
"Compare_File_2176",2,299,149.50,149.50,44,255
"Compare_File_1875",2,299,149.50,149.50,87,212
"Compare_File_2170",2,298,149.00,149.00,61,237
"Compare_File_1271",2,298,149.00,149.00,86,212
"Compare_File_682",2,297,148.50,148.50,39,258
"Compare_File_615",2,296,148.00,148.00,65,231
"Compare_File_566",2,296,148.00,148.00,133,163
"Compare_File_636",2,296,148.00,148.00,42,254
"Compare_File_150",2,295,147.50,147.50,67,228
"Compare_File_1690",2,295,147.50,147.50,84,211
"Compare_File_2365",2,295,147.50,147.50,55,240
"Compare_File_3278",2,294,147.00,147.00,47,247
"Compare_File_3563",2,293,146.50,146.50,52,241
"Compare_File_1462",2,293,146.50,146.50,47,246
"Compare_File_2718",2,293,146.50,146.50,44,249
"Compare_File_3700",2,292,146.00,146.00,68,224
"Compare_File_3417",2,292,146.00,146.00,32,260
"Compare_File_837",2,291,145.50,145.50,99,192
"Compare_File_3525",2,291,145.50,145.50,78,213
"Compare_File_3284",2,291,145.50,145.50,53,238
"Compare_File_2439",2,290,145.00,145.00,50,240
"Compare_File_836",2,290,145.00,145.00,55,235
"Compare_File_386",2,290,145.00,145.00,47,243
"Compare_File_876",2,288,144.00,144.00,59,229
"Compare_File_3350",2,287,143.50,143.50,57,230
"Compare_File_361",2,287,143.50,143.50,55,232
"Compare_File_3310",2,287,143.50,143.50,61,226
"Compare_File_3456",2,286,143.00,143.00,37,249
"Compare_File_1243",2,285,142.50,142.50,52,233
"Compare_File_3347",2,285,142.50,142.50,66,219
"Compare_File_1598",2,284,142.00,142.00,68,216
"Compare_File_169",2,283,141.50,141.50,38,245
"Compare_File_1394",2,283,141.50,141.50,103,180
"Compare_File_3163",2,283,141.50,141.50,69,214
"Compare_File_2876",2,283,141.50,141.50,55,228
"Compare_File_3281",2,282,141.00,141.00,44,238
"Compare_File_3420",2,282,141.00,141.00,62,220
"Compare_File_462",2,281,140.50,140.50,52,229
"Compare_File_195",2,281,140.50,140.50,35,246
"Compare_File_3445",2,281,140.50,140.50,41,240
"Compare_File_284",2,280,140.00,140.00,106,174
"Compare_File_2849",2,280,140.00,140.00,44,236
"Compare_File_2017",2,280,140.00,140.00,48,232
"Compare_File_3755",2,279,139.50,139.50,67,212
"Compare_File_1649",2,279,139.50,139.50,58,221
"Compare_File_3272",2,279,139.50,139.50,44,235
"Compare_File_3419",2,279,139.50,139.50,42,237
"Compare_File_3271",2,278,139.00,139.00,50,228
"Compare_File_283",2,278,139.00,139.00,118,160
"Compare_File_2053",2,278,139.00,139.00,60,218
"Compare_File_923",2,278,139.00,139.00,54,224
"Compare_File_658",2,278,139.00,139.00,95,183
"Compare_File_56",2,277,138.50,138.50,101,176
"Compare_File_2204",2,277,138.50,138.50,60,217
"Compare_File_163",2,276,138.00,138.00,75,201
"Compare_File_64",2,276,138.00,138.00,59,217
"Compare_File_564",2,276,138.00,138.00,90,186
"Compare_File_1681",2,276,138.00,138.00,41,235
"Compare_File_3322",2,276,138.00,138.00,39,237
"Compare_File_550",2,275,137.50,137.50,58,217
"Compare_File_867",2,275,137.50,137.50,51,224
"Compare_File_705",2,275,137.50,137.50,41,234
"Compare_File_2720",2,274,137.00,137.00,40,234
"Compare_File_2757",2,273,136.50,136.50,68,205
"Compare_File_3282",2,271,135.50,135.50,46,225
"Compare_File_1673",2,270,135.00,135.00,120,150
"Compare_File_3698",2,270,135.00,135.00,48,222
"Compare_File_3325",2,270,135.00,135.00,67,203
"Compare_File_2619",2,269,134.50,134.50,51,218
"Compare_File_3300",2,269,134.50,134.50,57,212
"Compare_File_1791",2,268,134.00,134.00,49,219
"Compare_File_2419",2,268,134.00,134.00,49,219
"Compare_File_286",2,268,134.00,134.00,114,154
"Compare_File_3637",2,268,134.00,134.00,43,225
"Compare_File_3277",2,268,134.00,134.00,62,206
"Compare_File_3279",2,267,133.50,133.50,53,214
"Compare_File_97",2,267,133.50,133.50,133,134
"Compare_File_1922",2,266,133.00,133.00,67,199
"Compare_File_2231",2,266,133.00,133.00,45,221
"Compare_File_1562",2,266,133.00,133.00,36,230
"Compare_File_1850",2,265,132.50,132.50,73,192
"Compare_File_3561",2,265,132.50,132.50,37,228
"Compare_File_3200",2,265,132.50,132.50,51,214
"Compare_File_1399",2,265,132.50,132.50,48,217
"Compare_File_3268",2,264,132.00,132.00,47,217
"Compare_File_371",2,264,132.00,132.00,45,219
"Compare_File_3154",2,264,132.00,132.00,54,210
"Compare_File_122",2,264,132.00,132.00,67,197
"Compare_File_287",2,263,131.50,131.50,80,183
"Compare_File_1973",2,263,131.50,131.50,70,193
"Compare_File_520",2,262,131.00,131.00,65,197
"Compare_File_840",2,262,131.00,131.00,124,138
"Compare_File_2078",2,262,131.00,131.00,52,210
"Compare_File_3799",2,262,131.00,131.00,51,211
"Compare_File_1117",2,262,131.00,131.00,76,186
"Compare_File_2864",2,261,130.50,130.50,62,199
"Compare_File_143",2,261,130.50,130.50,88,173
"Compare_File_3177",2,261,130.50,130.50,48,213
"Compare_File_3540",2,260,130.00,130.00,70,190
"Compare_File_1164",2,260,130.00,130.00,86,174
"Compare_File_3424",2,260,130.00,130.00,51,209
"Compare_File_2554",2,259,129.50,129.50,48,211
"Compare_File_428",2,259,129.50,129.50,47,212
"Compare_File_3401",2,258,129.00,129.00,38,220
"Compare_File_3402",2,258,129.00,129.00,68,190
"Compare_File_3604",2,258,129.00,129.00,42,216
"Compare_File_3938",2,258,129.00,129.00,56,202
"Compare_File_3421",2,258,129.00,129.00,60,198
"Compare_File_129",2,257,128.50,128.50,38,219
"Compare_File_3311",2,257,128.50,128.50,47,210
"Compare_File_1114",2,257,128.50,128.50,55,202
"Compare_File_2741",2,256,128.00,128.00,58,198
"Compare_File_3126",2,256,128.00,128.00,60,196
"Compare_File_941",2,256,128.00,128.00,49,207
"Compare_File_206",2,256,128.00,128.00,93,163
"Compare_File_1929",2,256,128.00,128.00,53,203
"Compare_File_2491",2,256,128.00,128.00,75,181
"Compare_File_2762",2,255,127.50,127.50,79,176
"Compare_File_511",2,255,127.50,127.50,103,152
"Compare_File_285",2,255,127.50,127.50,83,172
"Compare_File_2738",2,255,127.50,127.50,44,211
"Compare_File_3560",2,254,127.00,127.00,48,206
"Compare_File_822",2,254,127.00,127.00,45,209
"Compare_File_514",2,254,127.00,127.00,80,174
"Compare_File_1265",2,254,127.00,127.00,104,150
"Compare_File_2217",2,254,127.00,127.00,45,209
"Compare_File_839",2,254,127.00,127.00,58,196
"Compare_File_643",2,254,127.00,127.00,76,178
"Compare_File_1490",2,254,127.00,127.00,39,215
"Compare_File_2050",2,254,127.00,127.00,52,202
"Compare_File_1709",2,253,126.50,126.50,33,220
"Compare_File_516",2,253,126.50,126.50,71,182
"Compare_File_379",2,253,126.50,126.50,54,199
"Compare_File_380",2,253,126.50,126.50,57,196
"Compare_File_1539",2,253,126.50,126.50,75,178
"Compare_File_238",2,252,126.00,126.00,99,153
"Compare_File_2684",2,252,126.00,126.00,40,212
"Compare_File_3565",2,252,126.00,126.00,51,201
"Compare_File_1467",2,251,125.50,125.50,72,179
"Compare_File_3303",2,251,125.50,125.50,58,193
"Compare_File_2981",2,251,125.50,125.50,46,205
"Compare_File_3081",2,250,125.00,125.00,47,203
"Compare_File_1839",2,250,125.00,125.00,53,197
"Compare_File_1315",2,249,124.50,124.50,64,185
"Compare_File_3702",2,249,124.50,124.50,45,204
"Compare_File_3427",2,249,124.50,124.50,56,193
"Compare_File_683",2,249,124.50,124.50,47,202
"Compare_File_3435",2,249,124.50,124.50,41,208
"Compare_File_479",2,249,124.50,124.50,29,220
"Compare_File_3629",2,248,124.00,124.00,44,204
"Compare_File_454",2,248,124.00,124.00,65,183
"Compare_File_1093",2,248,124.00,124.00,35,213
"Compare_File_1994",2,247,123.50,123.50,52,195
"Compare_File_2488",2,247,123.50,123.50,67,180
"Compare_File_3458",2,247,123.50,123.50,56,191
"Compare_File_3716",2,247,123.50,123.50,61,186
"Compare_File_1587",2,247,123.50,123.50,56,191
"Compare_File_160",2,247,123.50,123.50,62,185
"Compare_File_1152",2,246,123.00,123.00,43,203
"Compare_File_159",2,246,123.00,123.00,33,213
"Compare_File_1650",2,246,123.00,123.00,31,215
"Compare_File_2634",2,246,123.00,123.00,46,200
"Compare_File_92",2,246,123.00,123.00,122,124
"Compare_File_3739",2,245,122.50,122.50,120,125
"Compare_File_3442",2,245,122.50,122.50,61,184
"Compare_File_2736",2,245,122.50,122.50,48,197
"Compare_File_425",2,245,122.50,122.50,46,199
"Compare_File_2594",2,245,122.50,122.50,52,193
"Compare_File_2747",2,245,122.50,122.50,46,199
"Compare_File_765",2,244,122.00,122.00,46,198
"Compare_File_3538",2,244,122.00,122.00,62,182
"Compare_File_604",2,244,122.00,122.00,61,183
"Compare_File_3029",2,244,122.00,122.00,46,198
"Compare_File_202",2,244,122.00,122.00,21,223
"Compare_File_3635",2,243,121.50,121.50,61,182
"Compare_File_1167",2,243,121.50,121.50,82,161
"Compare_File_2228",2,243,121.50,121.50,61,182
"Compare_File_3423",2,243,121.50,121.50,64,179
"Compare_File_3287",2,243,121.50,121.50,45,198
"Compare_File_927",2,243,121.50,121.50,38,205
"Compare_File_1075",2,243,121.50,121.50,53,190
"Compare_File_2627",2,243,121.50,121.50,45,198
"Compare_File_3572",2,243,121.50,121.50,33,210
"Compare_File_1620",2,242,121.00,121.00,40,202
"Compare_File_920",2,242,121.00,121.00,38,204
"Compare_File_3611",2,242,121.00,121.00,49,193
"Compare_File_2474",2,242,121.00,121.00,64,178
"Compare_File_2656",2,242,121.00,121.00,73,169
"Compare_File_2910",2,242,121.00,121.00,40,202
"Compare_File_2630",2,242,121.00,121.00,47,195
"Compare_File_387",2,242,121.00,121.00,37,205
"Compare_File_364",2,241,120.50,120.50,41,200
"Compare_File_125",2,241,120.50,120.50,40,201
"Compare_File_3885",2,241,120.50,120.50,41,200
"Compare_File_1191",2,241,120.50,120.50,67,174
"Compare_File_1022",2,241,120.50,120.50,37,204
"Compare_File_1347",2,241,120.50,120.50,79,162
"Compare_File_2595",2,241,120.50,120.50,81,160
"Compare_File_1835",2,241,120.50,120.50,40,201
"Compare_File_1162",2,241,120.50,120.50,98,143
"Compare_File_2749",2,241,120.50,120.50,46,195
"Compare_File_422",2,241,120.50,120.50,56,185
"Compare_File_766",2,240,120.00,120.00,33,207
"Compare_File_3365",2,240,120.00,120.00,46,194
"Compare_File_2678",2,240,120.00,120.00,46,194
"Compare_File_3392",2,240,120.00,120.00,57,183
"Compare_File_1723",2,239,119.50,119.50,81,158
"Compare_File_2884",2,239,119.50,119.50,48,191
"Compare_File_3150",2,239,119.50,119.50,47,192
"Compare_File_3941",2,239,119.50,119.50,65,174
"Compare_File_1571",2,239,119.50,119.50,40,199
"Compare_File_438",2,239,119.50,119.50,67,172
"Compare_File_631",2,238,119.00,119.00,76,162
"Compare_File_969",2,238,119.00,119.00,42,196
"Compare_File_373",2,238,119.00,119.00,56,182
"Compare_File_91",2,238,119.00,119.00,94,144
"Compare_File_288",2,238,119.00,119.00,102,136
"Compare_File_821",2,238,119.00,119.00,43,195
"Compare_File_1163",2,238,119.00,119.00,112,126
"Compare_File_3577",2,238,119.00,119.00,58,180
"Compare_File_940",2,238,119.00,119.00,38,200
"Compare_File_3661",2,238,119.00,119.00,48,190
"Compare_File_3069",2,238,119.00,119.00,66,172
"Compare_File_3390",2,237,118.50,118.50,52,185
"Compare_File_1148",2,237,118.50,118.50,38,199
"Compare_File_3237",2,237,118.50,118.50,46,191
"Compare_File_946",2,237,118.50,118.50,45,192
"Compare_File_55",2,237,118.50,118.50,73,164
"Compare_File_3104",2,237,118.50,118.50,59,178
"Compare_File_459",2,236,118.00,118.00,65,171
"Compare_File_841",2,236,118.00,118.00,108,128
"Compare_File_939",2,236,118.00,118.00,41,195
"Compare_File_2821",2,236,118.00,118.00,50,186
"Compare_File_2426",2,235,117.50,117.50,59,176
"Compare_File_885",2,235,117.50,117.50,34,201
"Compare_File_864",2,235,117.50,117.50,68,167
"Compare_File_1970",2,235,117.50,117.50,38,197
"Compare_File_685",2,235,117.50,117.50,40,195
"Compare_File_2804",2,235,117.50,117.50,57,178
"Compare_File_447",2,235,117.50,117.50,78,157
"Compare_File_128",2,234,117.00,117.00,39,195
"Compare_File_1249",2,234,117.00,117.00,54,180
"Compare_File_1283",2,234,117.00,117.00,92,142
"Compare_File_507",2,234,117.00,117.00,56,178
"Compare_File_1396",2,234,117.00,117.00,63,171
"Compare_File_3485",2,234,117.00,117.00,56,178
"Compare_File_1593",2,234,117.00,117.00,60,174
"Compare_File_510",2,234,117.00,117.00,68,166
"Compare_File_318",2,233,116.50,116.50,55,178
"Compare_File_2698",2,233,116.50,116.50,52,181
"Compare_File_823",2,233,116.50,116.50,38,195
"Compare_File_3658",2,232,116.00,116.00,43,189
"Compare_File_3358",2,232,116.00,116.00,50,182
"Compare_File_1550",2,232,116.00,116.00,47,185
"Compare_File_3680",2,232,116.00,116.00,46,186
"Compare_File_437",2,232,116.00,116.00,34,198
"Compare_File_2330",2,232,116.00,116.00,43,189
"Compare_File_2748",2,232,116.00,116.00,50,182
"Compare_File_2279",2,232,116.00,116.00,71,161
"Compare_File_1170",2,232,116.00,116.00,83,149
"Compare_File_825",2,232,116.00,116.00,35,197
"Compare_File_1125",2,232,116.00,116.00,60,172
"Compare_File_2746",2,232,116.00,116.00,56,176
"Compare_File_961",2,231,115.50,115.50,62,169
"Compare_File_3444",2,231,115.50,115.50,46,185
"Compare_File_2750",2,231,115.50,115.50,70,161
"Compare_File_2158",2,231,115.50,115.50,59,172
"Compare_File_3342",2,231,115.50,115.50,53,178
"Compare_File_3248",2,231,115.50,115.50,43,188
"Compare_File_35",2,231,115.50,115.50,104,127
"Compare_File_3125",2,231,115.50,115.50,66,165
"Compare_File_46",2,231,115.50,115.50,95,136
"Compare_File_1235",2,231,115.50,115.50,47,184
"Compare_File_618",2,231,115.50,115.50,63,168
"Compare_File_1619",2,231,115.50,115.50,55,176
"Compare_File_1801",2,231,115.50,115.50,72,159
"Compare_File_3349",2,230,115.00,115.00,65,165
"Compare_File_3425",2,230,115.00,115.00,67,163
"Compare_File_3939",2,230,115.00,115.00,52,178
"Compare_File_932",2,230,115.00,115.00,46,184
"Compare_File_842",2,229,114.50,114.50,83,146
"Compare_File_3110",2,229,114.50,114.50,53,176
"Compare_File_395",2,229,114.50,114.50,47,182
"Compare_File_2661",2,229,114.50,114.50,80,149
"Compare_File_1731",2,229,114.50,114.50,52,177
"Compare_File_1156",2,229,114.50,114.50,77,152
"Compare_File_3043",2,229,114.50,114.50,53,176
"Compare_File_1639",2,229,114.50,114.50,50,179
"Compare_File_3532",2,229,114.50,114.50,76,153
"Compare_File_65",2,229,114.50,114.50,84,145
"Compare_File_3524",2,229,114.50,114.50,71,158
"Compare_File_3410",2,228,114.00,114.00,45,183
"Compare_File_2696",2,228,114.00,114.00,41,187
"Compare_File_2717",2,228,114.00,114.00,53,175
"Compare_File_2051",2,228,114.00,114.00,53,175
"Compare_File_1440",2,228,114.00,114.00,61,167
"Compare_File_1054",2,228,114.00,114.00,54,174
"Compare_File_3422",2,227,113.50,113.50,72,155
"Compare_File_2800",2,227,113.50,113.50,50,177
"Compare_File_3053",2,227,113.50,113.50,42,185
"Compare_File_93",2,227,113.50,113.50,103,124
"Compare_File_663",2,227,113.50,113.50,29,198
"Compare_File_3884",2,227,113.50,113.50,60,167
"Compare_File_1149",2,227,113.50,113.50,96,131
"Compare_File_300",2,227,113.50,113.50,92,135
"Compare_File_2230",2,226,113.00,113.00,59,167
"Compare_File_1447",2,226,113.00,113.00,76,150
"Compare_File_436",2,226,113.00,113.00,36,190
"Compare_File_807",2,226,113.00,113.00,43,183
"Compare_File_942",2,226,113.00,113.00,32,194
"Compare_File_3046",2,226,113.00,113.00,49,177
"Compare_File_2362",2,226,113.00,113.00,59,167
"Compare_File_970",2,226,113.00,113.00,43,183
"Compare_File_2758",2,225,112.50,112.50,85,140
"Compare_File_1903",2,225,112.50,112.50,64,161
"Compare_File_1873",2,225,112.50,112.50,92,133
"Compare_File_1513",2,225,112.50,112.50,42,183
"Compare_File_728",2,225,112.50,112.50,33,192
"Compare_File_745",2,225,112.50,112.50,72,153
"Compare_File_209",2,225,112.50,112.50,94,131
"Compare_File_2542",2,224,112.00,112.00,57,167
"Compare_File_3923",2,224,112.00,112.00,54,170
"Compare_File_3597",2,224,112.00,112.00,43,181
"Compare_File_3777",2,224,112.00,112.00,59,165
"Compare_File_3168",2,224,112.00,112.00,38,186
"Compare_File_2319",2,224,112.00,112.00,46,178
"Compare_File_1900",2,224,112.00,112.00,53,171
"Compare_File_1216",2,224,112.00,112.00,45,179
"Compare_File_757",2,224,112.00,112.00,48,176
"Compare_File_508",2,224,112.00,112.00,62,162
"Compare_File_3586",2,223,111.50,111.50,42,181
"Compare_File_938",2,223,111.50,111.50,55,168
"Compare_File_2546",2,223,111.50,111.50,54,169
"Compare_File_2751",2,223,111.50,111.50,52,171
"Compare_File_3206",2,223,111.50,111.50,69,154
"Compare_File_3094",2,223,111.50,111.50,57,166
"Compare_File_3346",2,223,111.50,111.50,75,148
"Compare_File_3552",2,222,111.00,111.00,48,174
"Compare_File_1072",2,222,111.00,111.00,37,185
"Compare_File_3929",2,222,111.00,111.00,51,171
"Compare_File_2234",2,222,111.00,111.00,78,144
"Compare_File_1827",2,222,111.00,111.00,42,180
"Compare_File_2752",2,222,111.00,111.00,44,178
"Compare_File_2731",2,222,111.00,111.00,41,181
"Compare_File_960",2,222,111.00,111.00,68,154
"Compare_File_1642",2,222,111.00,111.00,42,180
"Compare_File_1079",2,222,111.00,111.00,45,177
"Compare_File_2663",2,222,111.00,111.00,74,148
"Compare_File_1860",2,221,110.50,110.50,79,142
"Compare_File_1852",2,221,110.50,110.50,62,159
"Compare_File_124",2,221,110.50,110.50,40,181
"Compare_File_1390",2,221,110.50,110.50,51,170
"Compare_File_154",2,221,110.50,110.50,74,147
"Compare_File_2332",2,220,110.00,110.00,50,170
"Compare_File_3426",2,220,110.00,110.00,50,170
"Compare_File_42",2,220,110.00,110.00,61,159
"Compare_File_2735",2,220,110.00,110.00,43,177
"Compare_File_1483",2,220,110.00,110.00,51,169
"Compare_File_3944",2,220,110.00,110.00,45,175
"Compare_File_2683",2,220,110.00,110.00,47,173
"Compare_File_2767",2,220,110.00,110.00,83,137
"Compare_File_1671",2,220,110.00,110.00,32,188
"Compare_File_3429",2,220,110.00,110.00,53,167
"Compare_File_925",2,219,109.50,109.50,43,176
"Compare_File_3827",2,219,109.50,109.50,76,143
"Compare_File_1223",2,219,109.50,109.50,48,171
"Compare_File_2139",2,219,109.50,109.50,50,169
"Compare_File_3618",2,219,109.50,109.50,51,168
"Compare_File_3275",2,219,109.50,109.50,49,170
"Compare_File_363",2,219,109.50,109.50,66,153
"Compare_File_935",2,219,109.50,109.50,42,177
"Compare_File_190",2,219,109.50,109.50,46,173
"Compare_File_719",2,218,109.00,109.00,27,191
"Compare_File_3075",2,218,109.00,109.00,59,159
"Compare_File_471",2,218,109.00,109.00,37,181
"Compare_File_1748",2,218,109.00,109.00,58,160
"Compare_File_38",2,218,109.00,109.00,102,116
"Compare_File_1378",2,218,109.00,109.00,51,167
"Compare_File_467",2,218,109.00,109.00,45,173
"Compare_File_1019",2,218,109.00,109.00,55,163
"Compare_File_3384",2,218,109.00,109.00,46,172
"Compare_File_2468",2,217,108.50,108.50,56,161
"Compare_File_893",2,217,108.50,108.50,29,188
"Compare_File_2671",2,217,108.50,108.50,80,137
"Compare_File_2430",2,217,108.50,108.50,40,177
"Compare_File_2561",2,217,108.50,108.50,68,149
"Compare_File_2037",2,217,108.50,108.50,38,179
"Compare_File_1310",2,217,108.50,108.50,44,173
"Compare_File_3881",2,217,108.50,108.50,44,173
"Compare_File_1557",2,217,108.50,108.50,95,122
"Compare_File_3883",2,217,108.50,108.50,48,169
"Compare_File_3647",2,217,108.50,108.50,49,168
"Compare_File_3570",2,217,108.50,108.50,67,150
"Compare_File_2415",2,217,108.50,108.50,48,169
"Compare_File_3367",2,217,108.50,108.50,44,173
"Compare_File_1356",2,217,108.50,108.50,74,143
"Compare_File_1664",2,216,108.00,108.00,68,148
"Compare_File_2398",2,216,108.00,108.00,46,170
"Compare_File_1411",2,216,108.00,108.00,65,151
"Compare_File_1446",2,216,108.00,108.00,45,171
"Compare_File_168",2,216,108.00,108.00,38,178
"Compare_File_3400",2,216,108.00,108.00,58,158
"Compare_File_1902",2,216,108.00,108.00,46,170
"Compare_File_1962",2,216,108.00,108.00,45,171
"Compare_File_2658",2,216,108.00,108.00,78,138
"Compare_File_562",2,216,108.00,108.00,104,112
"Compare_File_856",2,216,108.00,108.00,42,174
"Compare_File_561",2,216,108.00,108.00,104,112
"Compare_File_660",2,216,108.00,108.00,34,182
"Compare_File_3598",2,215,107.50,107.50,56,159
"Compare_File_3341",2,215,107.50,107.50,56,159
"Compare_File_66",2,215,107.50,107.50,100,115
"Compare_File_2779",2,215,107.50,107.50,61,154
"Compare_File_3671",2,215,107.50,107.50,49,166
"Compare_File_2653",2,215,107.50,107.50,80,135
"Compare_File_1491",2,215,107.50,107.50,39,176
"Compare_File_3754",2,215,107.50,107.50,74,141
"Compare_File_1285",2,215,107.50,107.50,48,167
"Compare_File_207",2,215,107.50,107.50,85,130
"Compare_File_1178",2,215,107.50,107.50,41,174
"Compare_File_2591",2,215,107.50,107.50,63,152
"Compare_File_2852",2,214,107.00,107.00,57,157
"Compare_File_688",2,214,107.00,107.00,50,164
"Compare_File_2753",2,214,107.00,107.00,60,154
"Compare_File_1268",2,214,107.00,107.00,63,151
"Compare_File_2669",2,214,107.00,107.00,81,133
"Compare_File_2246",2,214,107.00,107.00,53,161
"Compare_File_2824",2,214,107.00,107.00,49,165
"Compare_File_2540",2,214,107.00,107.00,50,164
"Compare_File_2639",2,214,107.00,107.00,57,157
"Compare_File_1511",2,213,106.50,106.50,69,144
"Compare_File_278",2,213,106.50,106.50,41,172
"Compare_File_1463",2,213,106.50,106.50,55,158
"Compare_File_3439",2,213,106.50,106.50,55,158
"Compare_File_1349",2,213,106.50,106.50,67,146
"Compare_File_3333",2,213,106.50,106.50,66,147
"Compare_File_3943",2,213,106.50,106.50,52,161
"Compare_File_850",2,212,106.00,106.00,38,174
"Compare_File_1333",2,212,106.00,106.00,49,163
"Compare_File_536",2,212,106.00,106.00,50,162
"Compare_File_372",2,212,106.00,106.00,72,140
"Compare_File_67",2,212,106.00,106.00,63,149
"Compare_File_1858",2,212,106.00,106.00,77,135
"Compare_File_1688",2,212,106.00,106.00,40,172
"Compare_File_3527",2,212,106.00,106.00,42,170
"Compare_File_3743",2,212,106.00,106.00,67,145
"Compare_File_475",2,212,106.00,106.00,61,151
"Compare_File_746",2,211,105.50,105.50,44,167
"Compare_File_1016",2,211,105.50,105.50,44,167
"Compare_File_2673",2,211,105.50,105.50,72,139
"Compare_File_2695",2,211,105.50,105.50,62,149
"Compare_File_1793",2,211,105.50,105.50,35,176
"Compare_File_539",2,211,105.50,105.50,52,159
"Compare_File_976",2,211,105.50,105.50,42,169
"Compare_File_2007",2,211,105.50,105.50,45,166
"Compare_File_2324",2,210,105.00,105.00,54,156
"Compare_File_2855",2,210,105.00,105.00,80,130
"Compare_File_2539",2,210,105.00,105.00,54,156
"Compare_File_3473",2,210,105.00,105.00,67,143
"Compare_File_638",2,210,105.00,105.00,41,169
"Compare_File_141",2,210,105.00,105.00,81,129
"Compare_File_3487",2,210,105.00,105.00,38,172
"Compare_File_144",2,210,105.00,105.00,70,140
"Compare_File_686",2,210,105.00,105.00,66,144
"Compare_File_936",2,210,105.00,105.00,50,160
"Compare_File_3930",2,210,105.00,105.00,44,166
"Compare_File_2281",2,210,105.00,105.00,65,145
"Compare_File_1248",2,210,105.00,105.00,68,142
"Compare_File_2027",2,210,105.00,105.00,48,162
"Compare_File_1734",2,210,105.00,105.00,28,182
"Compare_File_526",2,210,105.00,105.00,55,155
"Compare_File_1987",2,210,105.00,105.00,51,159
"Compare_File_2655",2,210,105.00,105.00,73,137
"Compare_File_707",2,210,105.00,105.00,47,163
"Compare_File_2858",2,209,104.50,104.50,67,142
"Compare_File_2247",2,209,104.50,104.50,64,145
"Compare_File_3683",2,209,104.50,104.50,72,137
"Compare_File_99",2,209,104.50,104.50,82,127
"Compare_File_1931",2,209,104.50,104.50,62,147
"Compare_File_1435",2,209,104.50,104.50,63,146
"Compare_File_78",2,209,104.50,104.50,61,148
"Compare_File_3721",2,209,104.50,104.50,49,160
"Compare_File_1622",2,209,104.50,104.50,66,143
"Compare_File_1516",2,209,104.50,104.50,41,168
"Compare_File_3745",2,209,104.50,104.50,71,138
"Compare_File_3352",2,209,104.50,104.50,53,156
"Compare_File_2786",2,209,104.50,104.50,50,159
"Compare_File_1908",2,209,104.50,104.50,45,164
"Compare_File_826",2,209,104.50,104.50,49,160
"Compare_File_491",2,209,104.50,104.50,59,150
"Compare_File_3416",2,208,104.00,104.00,50,158
"Compare_File_302",2,208,104.00,104.00,27,181
"Compare_File_3084",2,208,104.00,104.00,55,153
"Compare_File_2293",2,208,104.00,104.00,55,153
"Compare_File_3983",2,208,104.00,104.00,57,151
"Compare_File_3515",2,208,104.00,104.00,45,163
"Compare_File_245",2,208,104.00,104.00,67,141
"Compare_File_2629",2,208,104.00,104.00,56,152
"Compare_File_929",2,208,104.00,104.00,47,161
"Compare_File_1472",2,208,104.00,104.00,56,152
"Compare_File_2494",2,208,104.00,104.00,58,150
"Compare_File_3926",2,208,104.00,104.00,46,162
"Compare_File_2707",2,208,104.00,104.00,47,161
"Compare_File_1770",2,208,104.00,104.00,71,137
"Compare_File_3880",2,208,104.00,104.00,33,175
"Compare_File_2908",2,208,104.00,104.00,50,158
"Compare_File_3062",2,207,103.50,103.50,54,153
"Compare_File_2937",2,207,103.50,103.50,53,154
"Compare_File_3498",2,207,103.50,103.50,61,146
"Compare_File_3074",2,207,103.50,103.50,60,147
"Compare_File_1159",2,207,103.50,103.50,101,106
"Compare_File_934",2,207,103.50,103.50,44,163
"Compare_File_354",2,207,103.50,103.50,44,163
"Compare_File_1416",2,207,103.50,103.50,82,125
"Compare_File_423",2,207,103.50,103.50,45,162
"Compare_File_3359",2,207,103.50,103.50,41,166
"Compare_File_3989",2,207,103.50,103.50,47,160
"Compare_File_3283",2,207,103.50,103.50,45,162
"Compare_File_2337",2,207,103.50,103.50,45,162
"Compare_File_3748",2,207,103.50,103.50,56,151
"Compare_File_2084",2,207,103.50,103.50,50,157
"Compare_File_1495",2,207,103.50,103.50,33,174
"Compare_File_2945",2,207,103.50,103.50,51,156
"Compare_File_2155",2,207,103.50,103.50,44,163
"Compare_File_3933",2,206,103.00,103.00,42,164
"Compare_File_1438",2,206,103.00,103.00,69,137
"Compare_File_928",2,206,103.00,103.00,32,174
"Compare_File_2825",2,206,103.00,103.00,50,156
"Compare_File_617",2,206,103.00,103.00,40,166
"Compare_File_1565",2,206,103.00,103.00,83,123
"Compare_File_2278",2,206,103.00,103.00,49,157
"Compare_File_3372",2,206,103.00,103.00,47,159
"Compare_File_1422",2,206,103.00,103.00,45,161
"Compare_File_3912",2,206,103.00,103.00,59,147
"Compare_File_1316",2,206,103.00,103.00,60,146
"Compare_File_3848",2,206,103.00,103.00,51,155
"Compare_File_1377",2,206,103.00,103.00,46,160
"Compare_File_1066",2,206,103.00,103.00,60,146
"Compare_File_853",2,206,103.00,103.00,31,175
"Compare_File_3436",2,206,103.00,103.00,38,168
"Compare_File_632",2,206,103.00,103.00,73,133
"Compare_File_1753",2,205,102.50,102.50,70,135
"Compare_File_847",2,205,102.50,102.50,64,141
"Compare_File_3523",2,205,102.50,102.50,59,146
"Compare_File_3229",2,205,102.50,102.50,48,157
"Compare_File_1160",2,205,102.50,102.50,102,103
"Compare_File_2519",2,205,102.50,102.50,45,160
"Compare_File_2745",2,205,102.50,102.50,45,160
"Compare_File_388",2,205,102.50,102.50,72,133
"Compare_File_987",2,205,102.50,102.50,49,156
"Compare_File_174",2,205,102.50,102.50,51,154
"Compare_File_3489",2,205,102.50,102.50,39,166
"Compare_File_377",2,205,102.50,102.50,52,153
"Compare_File_3892",2,204,102.00,102.00,46,158
"Compare_File_69",2,204,102.00,102.00,97,107
"Compare_File_2237",2,204,102.00,102.00,43,161
"Compare_File_3187",2,204,102.00,102.00,48,156
"Compare_File_3720",2,204,102.00,102.00,42,162
"Compare_File_3071",2,204,102.00,102.00,58,146
"Compare_File_1262",2,204,102.00,102.00,59,145
"Compare_File_1509",2,204,102.00,102.00,56,148
"Compare_File_2625",2,204,102.00,102.00,56,148
"Compare_File_1259",2,204,102.00,102.00,63,141
"Compare_File_1807",2,204,102.00,102.00,88,116
"Compare_File_2812",2,204,102.00,102.00,52,152
"Compare_File_2602",2,204,102.00,102.00,93,111
"Compare_File_1833",2,204,102.00,102.00,51,153
"Compare_File_2126",2,204,102.00,102.00,53,151
"Compare_File_3057",2,204,102.00,102.00,40,164
"Compare_File_1430",2,203,101.50,101.50,61,142
"Compare_File_2079",2,203,101.50,101.50,54,149
"Compare_File_968",2,203,101.50,101.50,27,176
"Compare_File_3987",2,203,101.50,101.50,57,146
"Compare_File_1025",2,203,101.50,101.50,51,152
"Compare_File_74",2,203,101.50,101.50,78,125
"Compare_File_1960",2,203,101.50,101.50,60,143
"Compare_File_931",2,203,101.50,101.50,39,164
"Compare_File_3695",2,203,101.50,101.50,54,149
"Compare_File_3977",2,202,101.00,101.00,51,151
"Compare_File_3409",2,202,101.00,101.00,36,166
"Compare_File_1029",2,202,101.00,101.00,42,160
"Compare_File_2141",2,202,101.00,101.00,58,144
"Compare_File_748",2,202,101.00,101.00,37,165
"Compare_File_1689",2,202,101.00,101.00,41,161
"Compare_File_1318",2,202,101.00,101.00,53,149
"Compare_File_3531",2,202,101.00,101.00,69,133
"Compare_File_3054",2,202,101.00,101.00,50,152
"Compare_File_362",2,202,101.00,101.00,65,137
"Compare_File_136",2,202,101.00,101.00,66,136
"Compare_File_2463",2,202,101.00,101.00,54,148
"Compare_File_3612",2,202,101.00,101.00,49,153
"Compare_File_1478",2,202,101.00,101.00,44,158
"Compare_File_3652",2,202,101.00,101.00,63,139
"Compare_File_3194",2,202,101.00,101.00,56,146
"Compare_File_2450",2,201,100.50,100.50,52,149
"Compare_File_444",2,201,100.50,100.50,49,152
"Compare_File_3718",2,201,100.50,100.50,54,147
"Compare_File_1926",2,201,100.50,100.50,75,126
"Compare_File_3762",2,201,100.50,100.50,47,154
"Compare_File_2112",2,201,100.50,100.50,44,157
"Compare_File_2701",2,201,100.50,100.50,40,161
"Compare_File_2597",2,201,100.50,100.50,64,137
"Compare_File_3642",2,201,100.50,100.50,55,146
"Compare_File_1361",2,201,100.50,100.50,72,129
"Compare_File_1337",2,201,100.50,100.50,57,144
"Compare_File_3675",2,201,100.50,100.50,50,151
"Compare_File_3432",2,201,100.50,100.50,43,158
"Compare_File_2598",2,201,100.50,100.50,68,133
"Compare_File_3704",2,201,100.50,100.50,48,153
"Compare_File_1610",2,201,100.50,100.50,53,148
"Compare_File_1111",2,200,100.00,100.00,63,137
"Compare_File_3972",2,200,100.00,100.00,51,149
"Compare_File_2651",2,200,100.00,100.00,44,156
"Compare_File_1222",2,200,100.00,100.00,50,150
"Compare_File_3453",2,200,100.00,100.00,48,152
"Compare_File_3802",2,200,100.00,100.00,87,113
"Compare_File_3385",2,200,100.00,100.00,46,154
"Compare_File_677",2,200,100.00,100.00,55,145
"Compare_File_2670",2,200,100.00,100.00,99,101
"Compare_File_2361",2,200,100.00,100.00,59,141
"Compare_File_200",2,200,100.00,100.00,46,154
"Compare_File_3689",2,200,100.00,100.00,62,138
"Compare_File_2504",2,200,100.00,100.00,91,109
"Compare_File_2175",2,200,100.00,100.00,52,148
"Compare_File_1618",2,200,100.00,100.00,42,158
"Compare_File_735",2,199,99.50,99.50,46,153
"Compare_File_1455",2,199,99.50,99.50,49,150
"Compare_File_1682",2,199,99.50,99.50,38,161
"Compare_File_594",2,199,99.50,99.50,45,154
"Compare_File_542",2,199,99.50,99.50,40,159
"Compare_File_2372",2,199,99.50,99.50,59,140
"Compare_File_3973",2,199,99.50,99.50,52,147
"Compare_File_3544",2,199,99.50,99.50,54,145
"Compare_File_762",2,199,99.50,99.50,24,175
"Compare_File_2689",2,199,99.50,99.50,56,143
"Compare_File_470",2,199,99.50,99.50,38,161
"Compare_File_52",2,199,99.50,99.50,74,125
"Compare_File_2208",2,199,99.50,99.50,44,155
"Compare_File_2527",2,199,99.50,99.50,60,139
"Compare_File_3222",2,199,99.50,99.50,60,139
"Compare_File_558",2,199,99.50,99.50,80,119
"Compare_File_937",2,199,99.50,99.50,45,154
"Compare_File_132",2,199,99.50,99.50,46,153
"Compare_File_2444",2,199,99.50,99.50,70,129
"Compare_File_3010",2,199,99.50,99.50,63,136
"Compare_File_3185",2,199,99.50,99.50,38,161
"Compare_File_3428",2,198,99.00,99.00,48,150
"Compare_File_2473",2,198,99.00,99.00,55,143
"Compare_File_1776",2,198,99.00,99.00,75,123
"Compare_File_3259",2,198,99.00,99.00,44,154
"Compare_File_1065",2,198,99.00,99.00,43,155
"Compare_File_114",2,198,99.00,99.00,81,117
"Compare_File_3886",2,198,99.00,99.00,69,129
"Compare_File_2682",2,198,99.00,99.00,53,145
"Compare_File_1634",2,198,99.00,99.00,57,141
"Compare_File_2366",2,198,99.00,99.00,68,130
"Compare_File_3093",2,198,99.00,99.00,50,148
"Compare_File_3555",2,198,99.00,99.00,82,116
"Compare_File_3985",2,198,99.00,99.00,45,153
"Compare_File_2354",2,198,99.00,99.00,49,149
"Compare_File_2152",2,198,99.00,99.00,65,133
"Compare_File_1279",2,198,99.00,99.00,52,146
"Compare_File_581",2,198,99.00,99.00,37,161
"Compare_File_2970",2,198,99.00,99.00,50,148
"Compare_File_3454",2,198,99.00,99.00,47,151
"Compare_File_509",2,198,99.00,99.00,72,126
"Compare_File_1267",2,198,99.00,99.00,93,105
"Compare_File_3124",2,198,99.00,99.00,49,149
"Compare_File_1276",2,198,99.00,99.00,77,121
"Compare_File_3415",2,198,99.00,99.00,54,144
"Compare_File_344",2,198,99.00,99.00,27,171
"Compare_File_933",2,197,98.50,98.50,53,144
"Compare_File_3920",2,197,98.50,98.50,67,130
"Compare_File_3260",2,197,98.50,98.50,59,138
"Compare_File_2624",2,197,98.50,98.50,54,143
"Compare_File_3713",2,197,98.50,98.50,52,145
"Compare_File_2225",2,197,98.50,98.50,45,152
"Compare_File_3916",2,197,98.50,98.50,52,145
"Compare_File_2791",2,197,98.50,98.50,54,143
"Compare_File_2030",2,197,98.50,98.50,40,157
"Compare_File_198",2,197,98.50,98.50,36,161
"Compare_File_3768",2,197,98.50,98.50,70,127
"Compare_File_854",2,197,98.50,98.50,59,138
"Compare_File_3574",2,197,98.50,98.50,40,157
"Compare_File_2599",2,197,98.50,98.50,67,130
"Compare_File_2569",2,197,98.50,98.50,58,139
"Compare_File_2872",2,197,98.50,98.50,78,119
"Compare_File_676",2,197,98.50,98.50,45,152
"Compare_File_162",2,197,98.50,98.50,56,141
"Compare_File_3211",2,197,98.50,98.50,64,133
"Compare_File_3027",2,196,98.00,98.00,52,144
"Compare_File_2575",2,196,98.00,98.00,88,108
"Compare_File_1400",2,196,98.00,98.00,55,141
"Compare_File_1205",2,196,98.00,98.00,42,154
"Compare_File_225",2,196,98.00,98.00,75,121
"Compare_File_2982",2,196,98.00,98.00,49,147
"Compare_File_3530",2,196,98.00,98.00,63,133
"Compare_File_3213",2,196,98.00,98.00,57,139
"Compare_File_614",2,196,98.00,98.00,46,150
"Compare_File_1313",2,196,98.00,98.00,97,99
"Compare_File_205",2,196,98.00,98.00,22,174
"Compare_File_3656",2,196,98.00,98.00,51,145
"Compare_File_3186",2,196,98.00,98.00,54,142
"Compare_File_1161",2,196,98.00,98.00,96,100
"Compare_File_2039",2,196,98.00,98.00,45,151
"Compare_File_2101",2,196,98.00,98.00,67,129
"Compare_File_3622",2,195,97.50,97.50,57,138
"Compare_File_3863",2,195,97.50,97.50,39,156
"Compare_File_1561",2,195,97.50,97.50,34,161
"Compare_File_2356",2,195,97.50,97.50,68,127
"Compare_File_2298",2,195,97.50,97.50,66,129
"Compare_File_2146",2,195,97.50,97.50,43,152
"Compare_File_2359",2,195,97.50,97.50,60,135
"Compare_File_3844",2,195,97.50,97.50,55,140
"Compare_File_3753",2,195,97.50,97.50,67,128
"Compare_File_3796",2,195,97.50,97.50,56,139
"Compare_File_2687",2,195,97.50,97.50,41,154
"Compare_File_2116",2,195,97.50,97.50,58,137
"Compare_File_1540",2,195,97.50,97.50,67,128
"Compare_File_2668",2,195,97.50,97.50,88,107
"Compare_File_2073",2,195,97.50,97.50,60,135
"Compare_File_1056",2,194,97.00,97.00,46,148
"Compare_File_224",2,194,97.00,97.00,33,161
"Compare_File_3395",2,194,97.00,97.00,60,134
"Compare_File_366",2,194,97.00,97.00,73,121
"Compare_File_1021",2,194,97.00,97.00,49,145
"Compare_File_1939",2,194,97.00,97.00,44,150
"Compare_File_3215",2,194,97.00,97.00,46,148
"Compare_File_3936",2,194,97.00,97.00,59,135
"Compare_File_2306",2,194,97.00,97.00,47,147
"Compare_File_975",2,194,97.00,97.00,50,144
"Compare_File_2517",2,194,97.00,97.00,48,146
"Compare_File_1880",2,194,97.00,97.00,39,155
"Compare_File_2895",2,194,97.00,97.00,52,142
"Compare_File_3717",2,194,97.00,97.00,58,136
"Compare_File_3620",2,194,97.00,97.00,44,150
"Compare_File_3693",2,194,97.00,97.00,48,146
"Compare_File_627",2,194,97.00,97.00,96,98
"Compare_File_3608",2,194,97.00,97.00,51,143
"Compare_File_3521",2,194,97.00,97.00,48,146
"Compare_File_2974",2,194,97.00,97.00,50,144
"Compare_File_1714",2,194,97.00,97.00,36,158
"Compare_File_764",2,194,97.00,97.00,26,168
"Compare_File_1876",2,194,97.00,97.00,81,113
"Compare_File_2300",2,194,97.00,97.00,40,154
"Compare_File_2654",2,193,96.50,96.50,73,120
"Compare_File_3878",2,193,96.50,96.50,46,147
"Compare_File_2935",2,193,96.50,96.50,52,141
"Compare_File_3913",2,193,96.50,96.50,84,109
"Compare_File_1375",2,193,96.50,96.50,65,128
"Compare_File_2676",2,193,96.50,96.50,45,148
"Compare_File_2723",2,193,96.50,96.50,64,129
"Compare_File_3828",2,193,96.50,96.50,50,143
"Compare_File_1574",2,193,96.50,96.50,46,147
"Compare_File_2015",2,193,96.50,96.50,60,133
"Compare_File_3079",2,193,96.50,96.50,44,149
"Compare_File_2179",2,193,96.50,96.50,61,132
"Compare_File_634",2,193,96.50,96.50,45,148
"Compare_File_1933",2,193,96.50,96.50,75,118
"Compare_File_3584",2,193,96.50,96.50,77,116
"Compare_File_1028",2,193,96.50,96.50,45,148
"Compare_File_109",2,193,96.50,96.50,29,164
"Compare_File_158",2,193,96.50,96.50,63,130
"Compare_File_1909",2,193,96.50,96.50,50,143
"Compare_File_567",2,193,96.50,96.50,66,127
"Compare_File_1697",2,193,96.50,96.50,61,132
"Compare_File_2387",2,193,96.50,96.50,54,139
"Compare_File_2674",2,193,96.50,96.50,88,105
"Compare_File_1278",2,192,96.00,96.00,67,125
"Compare_File_389",2,192,96.00,96.00,46,146
"Compare_File_2382",2,192,96.00,96.00,65,127
"Compare_File_626",2,192,96.00,96.00,60,132
"Compare_File_1352",2,192,96.00,96.00,68,124
"Compare_File_760",2,192,96.00,96.00,54,138
"Compare_File_3376",2,192,96.00,96.00,56,136
"Compare_File_3308",2,192,96.00,96.00,59,133
"Compare_File_2364",2,192,96.00,96.00,55,137
"Compare_File_1583",2,192,96.00,96.00,82,110
"Compare_File_3391",2,192,96.00,96.00,72,120
"Compare_File_3935",2,192,96.00,96.00,57,135
"Compare_File_2295",2,192,96.00,96.00,51,141
"Compare_File_3976",2,192,96.00,96.00,51,141
"Compare_File_2310",2,192,96.00,96.00,43,149
"Compare_File_2998",2,192,96.00,96.00,42,150
"Compare_File_1353",2,192,96.00,96.00,58,134
"Compare_File_2835",2,192,96.00,96.00,57,135
"Compare_File_3227",2,192,96.00,96.00,56,136
"Compare_File_1439",2,191,95.50,95.50,62,129
"Compare_File_2556",2,191,95.50,95.50,87,104
"Compare_File_1112",2,191,95.50,95.50,51,140
"Compare_File_2881",2,191,95.50,95.50,67,124
"Compare_File_3433",2,191,95.50,95.50,63,128
"Compare_File_2697",2,191,95.50,95.50,39,152
"Compare_File_3571",2,191,95.50,95.50,67,124
"Compare_File_3804",2,191,95.50,95.50,52,139
"Compare_File_2685",2,191,95.50,95.50,61,130
"Compare_File_2431",2,191,95.50,95.50,45,146
"Compare_File_656",2,191,95.50,95.50,39,152
"Compare_File_2862",2,191,95.50,95.50,91,100
"Compare_File_957",2,191,95.50,95.50,67,124
"Compare_File_2522",2,191,95.50,95.50,63,128
"Compare_File_1421",2,191,95.50,95.50,44,147
"Compare_File_1227",2,191,95.50,95.50,37,154
"Compare_File_2016",2,191,95.50,95.50,50,141
"Compare_File_1341",2,191,95.50,95.50,91,100
"Compare_File_3887",2,191,95.50,95.50,50,141
"Compare_File_3052",2,191,95.50,95.50,57,134
"Compare_File_3173",2,191,95.50,95.50,64,127
"Compare_File_3533",2,191,95.50,95.50,72,119
"Compare_File_2341",2,191,95.50,95.50,41,150
"Compare_File_3148",2,191,95.50,95.50,73,118
"Compare_File_1635",2,191,95.50,95.50,41,150
"Compare_File_648",2,191,95.50,95.50,39,152
"Compare_File_96",2,191,95.50,95.50,81,110
"Compare_File_72",2,190,95.00,95.00,61,129
"Compare_File_2105",2,190,95.00,95.00,43,147
"Compare_File_1927",2,190,95.00,95.00,38,152
"Compare_File_3758",2,190,95.00,95.00,75,115
"Compare_File_3245",2,190,95.00,95.00,53,137
"Compare_File_1677",2,190,95.00,95.00,40,150
"Compare_File_3566",2,190,95.00,95.00,63,127
"Compare_File_3942",2,190,95.00,95.00,54,136
"Compare_File_1247",2,190,95.00,95.00,63,127
"Compare_File_3845",2,190,95.00,95.00,50,140
"Compare_File_3925",2,190,95.00,95.00,51,139
"Compare_File_3529",2,190,95.00,95.00,48,142
"Compare_File_2567",2,190,95.00,95.00,59,131
"Compare_File_2154",2,190,95.00,95.00,66,124
"Compare_File_3668",2,190,95.00,95.00,56,134
"Compare_File_2169",2,190,95.00,95.00,56,134
"Compare_File_949",2,190,95.00,95.00,46,144
"Compare_File_2742",2,189,94.50,94.50,44,145
"Compare_File_2150",2,189,94.50,94.50,67,122
"Compare_File_2326",2,189,94.50,94.50,54,135
"Compare_File_2759",2,189,94.50,94.50,40,149
"Compare_File_1783",2,189,94.50,94.50,33,156
"Compare_File_2869",2,189,94.50,94.50,65,124
"Compare_File_3662",2,189,94.50,94.50,61,128
"Compare_File_358",2,189,94.50,94.50,31,158
"Compare_File_1448",2,189,94.50,94.50,52,137
"Compare_File_39",2,189,94.50,94.50,82,107
"Compare_File_2989",2,189,94.50,94.50,38,151
"Compare_File_1646",2,189,94.50,94.50,93,96
"Compare_File_1921",2,189,94.50,94.50,45,144
"Compare_File_2832",2,189,94.50,94.50,51,138
"Compare_File_3522",2,189,94.50,94.50,53,136
"Compare_File_902",2,189,94.50,94.50,43,146
"Compare_File_1461",2,189,94.50,94.50,63,126
"Compare_File_1564",2,189,94.50,94.50,51,138
"Compare_File_967",2,189,94.50,94.50,69,120
"Compare_File_2096",2,188,94.00,94.00,58,130
"Compare_File_2530",2,188,94.00,94.00,30,158
"Compare_File_156",2,188,94.00,94.00,55,133
"Compare_File_2877",2,188,94.00,94.00,65,123
"Compare_File_3553",2,188,94.00,94.00,46,142
"Compare_File_2679",2,188,94.00,94.00,54,134
"Compare_File_3020",2,188,94.00,94.00,42,146
"Compare_File_3980",2,188,94.00,94.00,60,128
"Compare_File_2633",2,188,94.00,94.00,44,144
"Compare_File_75",2,188,94.00,94.00,56,132
"Compare_File_2385",2,188,94.00,94.00,52,136
"Compare_File_513",2,188,94.00,94.00,65,123
"Compare_File_3924",2,188,94.00,94.00,45,143
"Compare_File_1231",2,188,94.00,94.00,46,142
"Compare_File_3953",2,188,94.00,94.00,63,125
"Compare_File_1057",2,188,94.00,94.00,44,144
"Compare_File_2583",2,188,94.00,94.00,85,103
"Compare_File_1872",2,188,94.00,94.00,80,108
"Compare_File_2129",2,188,94.00,94.00,50,138
"Compare_File_1792",2,188,94.00,94.00,62,126
"Compare_File_3250",2,188,94.00,94.00,46,142
"Compare_File_2243",2,188,94.00,94.00,60,128
"Compare_File_2314",2,188,94.00,94.00,60,128
"Compare_File_1441",2,188,94.00,94.00,58,130
"Compare_File_2977",2,188,94.00,94.00,41,147
"Compare_File_3265",2,188,94.00,94.00,57,131
"Compare_File_3736",2,188,94.00,94.00,44,144
"Compare_File_1158",2,188,94.00,94.00,81,107
"Compare_File_3922",2,188,94.00,94.00,33,155
"Compare_File_3847",2,188,94.00,94.00,62,126
"Compare_File_126",2,188,94.00,94.00,32,156
"Compare_File_3320",2,187,93.50,93.50,42,145
"Compare_File_3413",2,187,93.50,93.50,62,125
"Compare_File_3023",2,187,93.50,93.50,46,141
"Compare_File_3088",2,187,93.50,93.50,58,129
"Compare_File_292",2,187,93.50,93.50,79,108
"Compare_File_3293",2,187,93.50,93.50,57,130
"Compare_File_1785",2,187,93.50,93.50,41,146
"Compare_File_3877",2,187,93.50,93.50,33,154
"Compare_File_3399",2,187,93.50,93.50,48,139
"Compare_File_2250",2,187,93.50,93.50,53,134
"Compare_File_2239",2,187,93.50,93.50,54,133
"Compare_File_2288",2,187,93.50,93.50,46,141
"Compare_File_2123",2,187,93.50,93.50,51,136
"Compare_File_2211",2,187,93.50,93.50,63,124
"Compare_File_3479",2,187,93.50,93.50,48,139
"Compare_File_1323",2,187,93.50,93.50,61,126
"Compare_File_2242",2,187,93.50,93.50,49,138
"Compare_File_3153",2,187,93.50,93.50,55,132
"Compare_File_1282",2,187,93.50,93.50,53,134
"Compare_File_549",2,187,93.50,93.50,34,153
"Compare_File_515",2,187,93.50,93.50,72,115
"Compare_File_3536",2,187,93.50,93.50,62,125
"Compare_File_2469",2,187,93.50,93.50,67,120
"Compare_File_1071",2,187,93.50,93.50,49,138
"Compare_File_1357",2,187,93.50,93.50,84,103
"Compare_File_221",2,187,93.50,93.50,51,136
"Compare_File_3262",2,187,93.50,93.50,37,150
"Compare_File_2778",2,186,93.00,93.00,66,120
"Compare_File_3050",2,186,93.00,93.00,51,135
"Compare_File_3576",2,186,93.00,93.00,44,142
"Compare_File_1944",2,186,93.00,93.00,40,146
"Compare_File_2133",2,186,93.00,93.00,59,127
"Compare_File_2596",2,186,93.00,93.00,76,110
"Compare_File_1686",2,186,93.00,93.00,44,142
"Compare_File_650",2,186,93.00,93.00,86,100
"Compare_File_1151",2,186,93.00,93.00,37,149
"Compare_File_2203",2,186,93.00,93.00,45,141
"Compare_File_431",2,186,93.00,93.00,54,132
"Compare_File_2617",2,186,93.00,93.00,52,134
"Compare_File_2845",2,186,93.00,93.00,54,132
"Compare_File_3480",2,186,93.00,93.00,47,139
"Compare_File_2866",2,186,93.00,93.00,59,127
"Compare_File_244",2,186,93.00,93.00,57,129
"Compare_File_3223",2,186,93.00,93.00,54,132
"Compare_File_2497",2,186,93.00,93.00,49,137
"Compare_File_3381",2,186,93.00,93.00,39,147
"Compare_File_2657",2,186,93.00,93.00,80,106
"Compare_File_115",2,186,93.00,93.00,25,161
"Compare_File_3810",2,186,93.00,93.00,51,135
"Compare_File_2353",2,186,93.00,93.00,41,145
"Compare_File_1442",2,186,93.00,93.00,72,114
"Compare_File_2714",2,185,92.50,92.50,46,139
"Compare_File_3851",2,185,92.50,92.50,89,96
"Compare_File_251",2,185,92.50,92.50,25,160
"Compare_File_3746",2,185,92.50,92.50,53,132
"Compare_File_2737",2,185,92.50,92.50,42,143
"Compare_File_721",2,185,92.50,92.50,30,155
"Compare_File_3344",2,185,92.50,92.50,71,114
"Compare_File_2335",2,185,92.50,92.50,44,141
"Compare_File_2195",2,185,92.50,92.50,52,133
"Compare_File_3988",2,185,92.50,92.50,46,139
"Compare_File_418",2,185,92.50,92.50,49,136
"Compare_File_3705",2,185,92.50,92.50,47,138
"Compare_File_3526",2,185,92.50,92.50,47,138
"Compare_File_1319",2,185,92.50,92.50,51,134
"Compare_File_1428",2,185,92.50,92.50,50,135
"Compare_File_1658",2,185,92.50,92.50,51,134
"Compare_File_1804",2,185,92.50,92.50,69,116
"Compare_File_2847",2,185,92.50,92.50,53,132
"Compare_File_2227",2,185,92.50,92.50,77,108
"Compare_File_1457",2,185,92.50,92.50,55,130
"Compare_File_3127",2,185,92.50,92.50,54,131
"Compare_File_3919",2,185,92.50,92.50,46,139
"Compare_File_3934",2,185,92.50,92.50,50,135
"Compare_File_2031",2,185,92.50,92.50,42,143
"Compare_File_3871",2,184,92.00,92.00,51,133
"Compare_File_1372",2,184,92.00,92.00,54,130
"Compare_File_2196",2,184,92.00,92.00,41,143
"Compare_File_452",2,184,92.00,92.00,57,127
"Compare_File_1343",2,184,92.00,92.00,87,97
"Compare_File_2640",2,184,92.00,92.00,53,131
"Compare_File_87",2,184,92.00,92.00,72,112
"Compare_File_703",2,184,92.00,92.00,58,126
"Compare_File_1266",2,184,92.00,92.00,53,131
"Compare_File_2423",2,184,92.00,92.00,63,121
"Compare_File_2386",2,184,92.00,92.00,60,124
"Compare_File_2675",2,184,92.00,92.00,72,112
"Compare_File_2903",2,184,92.00,92.00,52,132
"Compare_File_1751",2,184,92.00,92.00,70,114
"Compare_File_1281",2,184,92.00,92.00,80,104
"Compare_File_3139",2,184,92.00,92.00,66,118
"Compare_File_3659",2,184,92.00,92.00,51,133
"Compare_File_1568",2,184,92.00,92.00,46,138
"Compare_File_1870",2,184,92.00,92.00,72,112
"Compare_File_2122",2,184,92.00,92.00,47,137
"Compare_File_1181",2,184,92.00,92.00,58,126
"Compare_File_1008",2,184,92.00,92.00,54,130
"Compare_File_524",2,184,92.00,92.00,70,114
"Compare_File_3463",2,184,92.00,92.00,53,131
"Compare_File_3823",2,184,92.00,92.00,50,134
"Compare_File_1924",2,184,92.00,92.00,51,133
"Compare_File_1055",2,184,92.00,92.00,54,130
"Compare_File_590",2,184,92.00,92.00,36,148
"Compare_File_2137",2,183,91.50,91.50,51,132
"Compare_File_258",2,183,91.50,91.50,37,146
"Compare_File_3775",2,183,91.50,91.50,56,127
"Compare_File_3567",2,183,91.50,91.50,59,124
"Compare_File_3655",2,183,91.50,91.50,47,136
"Compare_File_984",2,183,91.50,91.50,42,141
"Compare_File_731",2,183,91.50,91.50,45,138
"Compare_File_3636",2,183,91.50,91.50,60,123
"Compare_File_2647",2,183,91.50,91.50,42,141
"Compare_File_3688",2,183,91.50,91.50,39,144
"Compare_File_3624",2,183,91.50,91.50,59,124
"Compare_File_2157",2,183,91.50,91.50,38,145
"Compare_File_2119",2,183,91.50,91.50,58,125
"Compare_File_2403",2,183,91.50,91.50,39,144
"Compare_File_1392",2,183,91.50,91.50,55,128
"Compare_File_598",2,183,91.50,91.50,47,136
"Compare_File_3882",2,183,91.50,91.50,41,142
"Compare_File_328",2,183,91.50,91.50,28,155
"Compare_File_530",2,183,91.50,91.50,59,124
"Compare_File_2472",2,183,91.50,91.50,74,109
"Compare_File_304",2,183,91.50,91.50,31,152
"Compare_File_2194",2,183,91.50,91.50,46,137
"Compare_File_1317",2,183,91.50,91.50,52,131
"Compare_File_1329",2,183,91.50,91.50,47,136
"Compare_File_2863",2,183,91.50,91.50,70,113
"Compare_File_385",2,183,91.50,91.50,65,118
"Compare_File_3013",2,183,91.50,91.50,44,139
"Compare_File_2215",2,183,91.50,91.50,64,119
"Compare_File_1120",2,182,91.00,91.00,61,121
"Compare_File_3115",2,182,91.00,91.00,42,140
"Compare_File_1327",2,182,91.00,91.00,53,129
"Compare_File_3188",2,182,91.00,91.00,51,131
"Compare_File_2125",2,182,91.00,91.00,44,138
"Compare_File_1543",2,182,91.00,91.00,45,137
"Compare_File_262",2,182,91.00,91.00,44,138
"Compare_File_2256",2,182,91.00,91.00,33,149
"Compare_File_3042",2,182,91.00,91.00,35,147
"Compare_File_1768",2,182,91.00,91.00,89,93
"Compare_File_1380",2,182,91.00,91.00,51,131
"Compare_File_2659",2,182,91.00,91.00,71,111
"Compare_File_751",2,182,91.00,91.00,77,105
"Compare_File_3742",2,182,91.00,91.00,81,101
"Compare_File_440",2,182,91.00,91.00,36,146
"Compare_File_3776",2,182,91.00,91.00,52,130
"Compare_File_3100",2,182,91.00,91.00,49,133
"Compare_File_2545",2,182,91.00,91.00,45,137
"Compare_File_3837",2,182,91.00,91.00,66,116
"Compare_File_1408",2,182,91.00,91.00,60,122
"Compare_File_1747",2,182,91.00,91.00,52,130
"Compare_File_833",2,182,91.00,91.00,56,126
"Compare_File_1468",2,182,91.00,91.00,69,113
"Compare_File_1143",2,182,91.00,91.00,36,146
"Compare_File_570",2,182,91.00,91.00,63,119
"Compare_File_89",2,182,91.00,91.00,80,102
"Compare_File_879",2,182,91.00,91.00,34,148
"Compare_File_1230",2,182,91.00,91.00,46,136
"Compare_File_1616",2,182,91.00,91.00,38,144
"Compare_File_1802",2,181,90.50,90.50,78,103
"Compare_File_3007",2,181,90.50,90.50,58,123
"Compare_File_3792",2,181,90.50,90.50,58,123
"Compare_File_1038",2,181,90.50,90.50,42,139
"Compare_File_2774",2,181,90.50,90.50,67,114
"Compare_File_2882",2,181,90.50,90.50,50,131
"Compare_File_2898",2,181,90.50,90.50,53,128
"Compare_File_679",2,181,90.50,90.50,59,122
"Compare_File_427",2,181,90.50,90.50,38,143
"Compare_File_2131",2,181,90.50,90.50,49,132
"Compare_File_3398",2,181,90.50,90.50,57,124
"Compare_File_291",2,181,90.50,90.50,68,113
"Compare_File_1866",2,181,90.50,90.50,69,112
"Compare_File_2418",2,181,90.50,90.50,44,137
"Compare_File_1810",2,181,90.50,90.50,50,131
"Compare_File_2691",2,181,90.50,90.50,47,134
"Compare_File_3496",2,181,90.50,90.50,72,109
"Compare_File_2918",2,181,90.50,90.50,51,130
"Compare_File_1738",2,181,90.50,90.50,49,132
"Compare_File_2528",2,181,90.50,90.50,48,133
"Compare_File_3826",2,181,90.50,90.50,49,132
"Compare_File_426",2,181,90.50,90.50,46,135
"Compare_File_849",2,181,90.50,90.50,48,133
"Compare_File_3099",2,181,90.50,90.50,45,136
"Compare_File_3179",2,181,90.50,90.50,55,126
"Compare_File_3687",2,181,90.50,90.50,53,128
"Compare_File_3437",2,181,90.50,90.50,61,120
"Compare_File_3727",2,181,90.50,90.50,59,122
"Compare_File_95",2,181,90.50,90.50,53,128
"Compare_File_1773",2,181,90.50,90.50,40,141
"Compare_File_3305",2,180,90.00,90.00,47,133
"Compare_File_1732",2,180,90.00,90.00,37,143
"Compare_File_1364",2,180,90.00,90.00,56,124
"Compare_File_3396",2,180,90.00,90.00,43,137
"Compare_File_3089",2,180,90.00,90.00,43,137
"Compare_File_1397",2,180,90.00,90.00,58,122
"Compare_File_3209",2,180,90.00,90.00,56,124
"Compare_File_2454",2,180,90.00,90.00,72,108
"Compare_File_3414",2,180,90.00,90.00,36,144
"Compare_File_3035",2,180,90.00,90.00,48,132
"Compare_File_1871",2,180,90.00,90.00,76,104
"Compare_File_3519",2,180,90.00,90.00,34,146
"Compare_File_3814",2,180,90.00,90.00,44,136
"Compare_File_3853",2,180,90.00,90.00,52,128
"Compare_File_453",2,180,90.00,90.00,40,140
"Compare_File_3520",2,180,90.00,90.00,42,138
"Compare_File_2576",2,180,90.00,90.00,69,111
"Compare_File_3917",2,180,90.00,90.00,40,140
"Compare_File_1371",2,180,90.00,90.00,79,101
"Compare_File_3818",2,179,89.50,89.50,46,133
"Compare_File_2688",2,179,89.50,89.50,50,129
"Compare_File_1805",2,179,89.50,89.50,55,124
"Compare_File_2581",2,179,89.50,89.50,85,94
"Compare_File_1424",2,179,89.50,89.50,43,136
"Compare_File_3564",2,179,89.50,89.50,48,131
"Compare_File_2964",2,179,89.50,89.50,51,128
"Compare_File_2489",2,179,89.50,89.50,48,131
"Compare_File_2930",2,179,89.50,89.50,43,136
"Compare_File_500",2,179,89.50,89.50,44,135
"Compare_File_3706",2,179,89.50,89.50,41,138
"Compare_File_2550",2,179,89.50,89.50,53,126
"Compare_File_1185",2,179,89.50,89.50,45,134
"Compare_File_1049",2,179,89.50,89.50,54,125
"Compare_File_502",2,179,89.50,89.50,39,140
"Compare_File_3144",2,179,89.50,89.50,47,132
"Compare_File_2529",2,179,89.50,89.50,47,132
"Compare_File_2996",2,179,89.50,89.50,57,122
"Compare_File_2268",2,179,89.50,89.50,56,123
"Compare_File_2103",2,179,89.50,89.50,54,125
"Compare_File_368",2,179,89.50,89.50,88,91
"Compare_File_1961",2,179,89.50,89.50,47,132
"Compare_File_1264",2,179,89.50,89.50,52,127
"Compare_File_2692",2,179,89.50,89.50,53,126
"Compare_File_814",2,178,89.00,89.00,44,134
"Compare_File_799",2,178,89.00,89.00,28,150
"Compare_File_945",2,178,89.00,89.00,32,146
"Compare_File_3630",2,178,89.00,89.00,30,148
"Compare_File_547",2,178,89.00,89.00,48,130
"Compare_File_1853",2,178,89.00,89.00,38,140
"Compare_File_1769",2,178,89.00,89.00,68,110
"Compare_File_142",2,178,89.00,89.00,73,105
"Compare_File_1661",2,178,89.00,89.00,81,97
"Compare_File_1608",2,178,89.00,89.00,41,137
"Compare_File_1339",2,178,89.00,89.00,48,130
"Compare_File_3377",2,178,89.00,89.00,62,116
"Compare_File_1545",2,178,89.00,89.00,35,143
"Compare_File_1445",2,178,89.00,89.00,60,118
"Compare_File_2392",2,178,89.00,89.00,48,130
"Compare_File_137",2,178,89.00,89.00,29,149
"Compare_File_1053",2,178,89.00,89.00,51,127
"Compare_File_3191",2,178,89.00,89.00,53,125
"Compare_File_1498",2,178,89.00,89.00,57,121
"Compare_File_2034",2,178,89.00,89.00,42,136
"Compare_File_2739",2,178,89.00,89.00,42,136
"Compare_File_2358",2,178,89.00,89.00,66,112
"Compare_File_1765",2,177,88.50,88.50,66,111
"Compare_File_3846",2,177,88.50,88.50,50,127
"Compare_File_3236",2,177,88.50,88.50,63,114
"Compare_File_3928",2,177,88.50,88.50,56,121
"Compare_File_47",2,177,88.50,88.50,43,134
"Compare_File_3908",2,177,88.50,88.50,67,110
"Compare_File_319",2,177,88.50,88.50,30,147
"Compare_File_3551",2,177,88.50,88.50,61,116
"Compare_File_1595",2,177,88.50,88.50,51,126
"Compare_File_1691",2,177,88.50,88.50,47,130
"Compare_File_2466",2,177,88.50,88.50,52,125
"Compare_File_2287",2,177,88.50,88.50,66,111
"Compare_File_3940",2,177,88.50,88.50,55,122
"Compare_File_1527",2,177,88.50,88.50,84,93
"Compare_File_1274",2,177,88.50,88.50,81,96
"Compare_File_421",2,177,88.50,88.50,43,134
"Compare_File_3431",2,177,88.50,88.50,66,111
"Compare_File_2191",2,177,88.50,88.50,49,128
"Compare_File_2600",2,177,88.50,88.50,72,105
"Compare_File_182",2,177,88.50,88.50,40,137
"Compare_File_3430",2,177,88.50,88.50,49,128
"Compare_File_1314",2,177,88.50,88.50,50,127
"Compare_File_3632",2,177,88.50,88.50,54,123
"Compare_File_86",2,177,88.50,88.50,82,95
"Compare_File_3724",2,177,88.50,88.50,86,91
"Compare_File_2313",2,177,88.50,88.50,54,123
"Compare_File_1957",2,177,88.50,88.50,73,104
"Compare_File_3493",2,177,88.50,88.50,57,120
"Compare_File_2121",2,177,88.50,88.50,60,117
"Compare_File_2477",2,177,88.50,88.50,39,138
"Compare_File_810",2,177,88.50,88.50,39,138
"Compare_File_3257",2,177,88.50,88.50,48,129
"Compare_File_1291",2,177,88.50,88.50,75,102
"Compare_File_1298",2,176,88.00,88.00,38,138
"Compare_File_3722",2,176,88.00,88.00,44,132
"Compare_File_1146",2,176,88.00,88.00,33,143
"Compare_File_2276",2,176,88.00,88.00,69,107
"Compare_File_3568",2,176,88.00,88.00,69,107
"Compare_File_434",2,176,88.00,88.00,43,133
"Compare_File_3175",2,176,88.00,88.00,49,127
"Compare_File_2940",2,176,88.00,88.00,55,121
"Compare_File_3711",2,176,88.00,88.00,54,122
"Compare_File_3499",2,176,88.00,88.00,52,124
"Compare_File_1359",2,176,88.00,88.00,82,94
"Compare_File_340",2,176,88.00,88.00,36,140
"Compare_File_3692",2,176,88.00,88.00,53,123
"Compare_File_983",2,176,88.00,88.00,54,122
"Compare_File_3986",2,176,88.00,88.00,53,123
"Compare_File_3961",2,176,88.00,88.00,48,128
"Compare_File_2043",2,176,88.00,88.00,49,127
"Compare_File_3068",2,176,88.00,88.00,42,134
"Compare_File_1617",2,176,88.00,88.00,68,108
"Compare_File_1153",2,176,88.00,88.00,82,94
"Compare_File_2850",2,176,88.00,88.00,41,135
"Compare_File_2839",2,176,88.00,88.00,52,124
"Compare_File_3165",2,176,88.00,88.00,46,130
"Compare_File_1103",2,176,88.00,88.00,39,137
"Compare_File_832",2,176,88.00,88.00,60,116
"Compare_File_3174",2,176,88.00,88.00,69,107
"Compare_File_3834",2,176,88.00,88.00,58,118
"Compare_File_2202",2,176,88.00,88.00,50,126
"Compare_File_971",2,176,88.00,88.00,37,139
"Compare_File_3447",2,176,88.00,88.00,52,124
"Compare_File_277",2,176,88.00,88.00,24,152
"Compare_File_2641",2,176,88.00,88.00,48,128
"Compare_File_2743",2,176,88.00,88.00,37,139
"Compare_File_3546",2,176,88.00,88.00,49,127
"Compare_File_417",2,176,88.00,88.00,49,127
"Compare_File_131",2,176,88.00,88.00,37,139
"Compare_File_3231",2,176,88.00,88.00,45,131
"Compare_File_3751",2,176,88.00,88.00,64,112
"Compare_File_2425",2,176,88.00,88.00,49,127
"Compare_File_1166",2,176,88.00,88.00,84,92
"Compare_File_2582",2,175,87.50,87.50,74,101
"Compare_File_3242",2,175,87.50,87.50,50,125
"Compare_File_3657",2,175,87.50,87.50,50,125
"Compare_File_2544",2,175,87.50,87.50,64,111
"Compare_File_625",2,175,87.50,87.50,86,89
"Compare_File_376",2,175,87.50,87.50,75,100
"Compare_File_2063",2,175,87.50,87.50,53,122
"Compare_File_3434",2,175,87.50,87.50,59,116
"Compare_File_1772",2,175,87.50,87.50,78,97
"Compare_File_3356",2,175,87.50,87.50,69,106
"Compare_File_1061",2,175,87.50,87.50,55,120
"Compare_File_3132",2,175,87.50,87.50,58,117
"Compare_File_675",2,175,87.50,87.50,86,89
"Compare_File_2435",2,175,87.50,87.50,64,111
"Compare_File_2222",2,175,87.50,87.50,81,94
"Compare_File_3298",2,175,87.50,87.50,51,124
"Compare_File_1666",2,175,87.50,87.50,33,142
"Compare_File_3860",2,175,87.50,87.50,40,135
"Compare_File_3112",2,175,87.50,87.50,41,134
"Compare_File_3037",2,175,87.50,87.50,49,126
"Compare_File_3578",2,175,87.50,87.50,57,118
"Compare_File_1358",2,175,87.50,87.50,78,97
"Compare_File_1965",2,175,87.50,87.50,67,108
"Compare_File_1674",2,175,87.50,87.50,31,144
"Compare_File_3514",2,175,87.50,87.50,52,123
"Compare_File_199",2,175,87.50,87.50,34,141
"Compare_File_750",2,175,87.50,87.50,50,125
"Compare_File_3644",2,175,87.50,87.50,49,126
"Compare_File_3375",2,175,87.50,87.50,43,132
"Compare_File_1456",2,175,87.50,87.50,54,121
"Compare_File_2744",2,175,87.50,87.50,43,132
"Compare_File_1575",2,175,87.50,87.50,50,125
"Compare_File_2297",2,175,87.50,87.50,52,123
"Compare_File_2457",2,175,87.50,87.50,47,128
"Compare_File_3950",2,175,87.50,87.50,56,119
"Compare_File_2502",2,174,87.00,87.00,47,127
"Compare_File_2377",2,174,87.00,87.00,52,122
"Compare_File_2538",2,174,87.00,87.00,35,139
"Compare_File_857",2,174,87.00,87.00,74,100
"Compare_File_2889",2,174,87.00,87.00,44,130
"Compare_File_2667",2,174,87.00,87.00,85,89
"Compare_File_3031",2,174,87.00,87.00,41,133
"Compare_File_2537",2,174,87.00,87.00,43,131
"Compare_File_2813",2,174,87.00,87.00,55,119
"Compare_File_2506",2,174,87.00,87.00,75,99
"Compare_File_3067",2,174,87.00,87.00,66,108
"Compare_File_1533",2,174,87.00,87.00,41,133
"Compare_File_3937",2,174,87.00,87.00,48,126
"Compare_File_134",2,174,87.00,87.00,59,115
"Compare_File_835",2,174,87.00,87.00,64,110
"Compare_File_1202",2,174,87.00,87.00,48,126
"Compare_File_419",2,174,87.00,87.00,36,138
"Compare_File_1536",2,174,87.00,87.00,51,123
"Compare_File_866",2,174,87.00,87.00,47,127
"Compare_File_3146",2,174,87.00,87.00,57,117
"Compare_File_3621",2,174,87.00,87.00,48,126
"Compare_File_1350",2,174,87.00,87.00,70,104
"Compare_File_2010",2,174,87.00,87.00,45,129
"Compare_File_73",2,174,87.00,87.00,29,145
"Compare_File_3157",2,174,87.00,87.00,41,133
"Compare_File_3931",2,174,87.00,87.00,57,117
"Compare_File_3850",2,174,87.00,87.00,70,104
"Compare_File_1154",2,174,87.00,87.00,86,88
"Compare_File_1655",2,174,87.00,87.00,50,124
"Compare_File_1251",2,174,87.00,87.00,85,89
"Compare_File_793",2,174,87.00,87.00,33,141
"Compare_File_1469",2,174,87.00,87.00,76,98
"Compare_File_3740",2,174,87.00,87.00,69,105
"Compare_File_306",2,174,87.00,87.00,25,149
"Compare_File_139",2,174,87.00,87.00,43,131
"Compare_File_1844",2,174,87.00,87.00,39,135
"Compare_File_1555",2,174,87.00,87.00,51,123
"Compare_File_2680",2,174,87.00,87.00,50,124
"Compare_File_2143",2,173,86.50,86.50,36,137
"Compare_File_2484",2,173,86.50,86.50,36,137
"Compare_File_1868",2,173,86.50,86.50,86,87
"Compare_File_3026",2,173,86.50,86.50,57,116
"Compare_File_3180",2,173,86.50,86.50,45,128
"Compare_File_3974",2,173,86.50,86.50,42,131
"Compare_File_3798",2,173,86.50,86.50,46,127
"Compare_File_758",2,173,86.50,86.50,82,91
"Compare_File_3734",2,173,86.50,86.50,46,127
"Compare_File_2915",2,173,86.50,86.50,50,123
"Compare_File_3080",2,173,86.50,86.50,60,113
"Compare_File_1919",2,173,86.50,86.50,45,128
"Compare_File_2709",2,173,86.50,86.50,54,119
"Compare_File_3141",2,173,86.50,86.50,56,117
"Compare_File_802",2,173,86.50,86.50,46,127
"Compare_File_1362",2,173,86.50,86.50,83,90
"Compare_File_1070",2,173,86.50,86.50,36,137
"Compare_File_582",2,173,86.50,86.50,54,119
"Compare_File_3108",2,173,86.50,86.50,41,132
"Compare_File_181",2,173,86.50,86.50,50,123
"Compare_File_3217",2,173,86.50,86.50,53,120
"Compare_File_3038",2,173,86.50,86.50,49,124
"Compare_File_243",2,173,86.50,86.50,27,146
"Compare_File_3077",2,173,86.50,86.50,51,122
"Compare_File_2156",2,173,86.50,86.50,69,104
"Compare_File_2885",2,173,86.50,86.50,41,132
"Compare_File_1449",2,173,86.50,86.50,50,123
"Compare_File_81",2,173,86.50,86.50,68,105
"Compare_File_2859",2,173,86.50,86.50,67,106
"Compare_File_1953",2,173,86.50,86.50,52,121
"Compare_File_743",2,173,86.50,86.50,37,136
"Compare_File_1269",2,173,86.50,86.50,70,103
"Compare_File_2607",2,172,86.00,86.00,49,123
"Compare_File_1261",2,172,86.00,86.00,65,107
"Compare_File_2643",2,172,86.00,86.00,54,118
"Compare_File_1403",2,172,86.00,86.00,53,119
"Compare_File_3323",2,172,86.00,86.00,46,126
"Compare_File_1989",2,172,86.00,86.00,47,125
"Compare_File_323",2,172,86.00,86.00,38,134
"Compare_File_3562",2,172,86.00,86.00,68,104
"Compare_File_3759",2,172,86.00,86.00,55,117
"Compare_File_1966",2,172,86.00,86.00,53,119
"Compare_File_79",2,172,86.00,86.00,84,88
"Compare_File_3518",2,172,86.00,86.00,42,130
"Compare_File_535",2,172,86.00,86.00,62,110
"Compare_File_3534",2,172,86.00,86.00,59,113
"Compare_File_3664",2,172,86.00,86.00,55,117
"Compare_File_127",2,172,86.00,86.00,32,140
"Compare_File_2135",2,172,86.00,86.00,48,124
"Compare_File_48",2,172,86.00,86.00,27,145
"Compare_File_2057",2,172,86.00,86.00,59,113
"Compare_File_350",2,172,86.00,86.00,57,115
"Compare_File_420",2,172,86.00,86.00,42,130
"Compare_File_1864",2,172,86.00,86.00,67,105
"Compare_File_3451",2,172,86.00,86.00,45,127
"Compare_File_609",2,172,86.00,86.00,51,121
"Compare_File_1822",2,172,86.00,86.00,36,136
"Compare_File_2702",2,172,86.00,86.00,52,120
"Compare_File_2229",2,172,86.00,86.00,59,113
"Compare_File_3176",2,172,86.00,86.00,43,129
"Compare_File_883",2,171,85.50,85.50,48,123
"Compare_File_2580",2,171,85.50,85.50,71,100
"Compare_File_1760",2,171,85.50,85.50,66,105
"Compare_File_3872",2,171,85.50,85.50,57,114
"Compare_File_2953",2,171,85.50,85.50,45,126
"Compare_File_3470",2,171,85.50,85.50,50,121
"Compare_File_253",2,171,85.50,85.50,55,116
"Compare_File_1942",2,171,85.50,85.50,57,114
"Compare_File_3952",2,171,85.50,85.50,65,106
"Compare_File_2754",2,171,85.50,85.50,52,119
"Compare_File_2424",2,171,85.50,85.50,54,117
"Compare_File_725",2,171,85.50,85.50,57,114
"Compare_File_3114",2,171,85.50,85.50,70,101
"Compare_File_247",2,171,85.50,85.50,24,147
"Compare_File_1707",2,171,85.50,85.50,63,108
"Compare_File_424",2,171,85.50,85.50,37,134
"Compare_File_1336",2,171,85.50,85.50,54,117
"Compare_File_2171",2,171,85.50,85.50,62,109
"Compare_File_2318",2,171,85.50,85.50,42,129
"Compare_File_1026",2,171,85.50,85.50,42,129
"Compare_File_1409",2,171,85.50,85.50,68,103
"Compare_File_2722",2,171,85.50,85.50,46,125
"Compare_File_3918",2,171,85.50,85.50,51,120
"Compare_File_2665",2,171,85.50,85.50,84,87
"Compare_File_3033",2,171,85.50,85.50,51,120
"Compare_File_463",2,171,85.50,85.50,62,109
"Compare_File_2286",2,171,85.50,85.50,66,105
"Compare_File_1213",2,171,85.50,85.50,46,125
"Compare_File_3383",2,171,85.50,85.50,44,127
"Compare_File_3288",2,171,85.50,85.50,52,119
"Compare_File_2957",2,171,85.50,85.50,56,115
"Compare_File_3151",2,171,85.50,85.50,47,124
"Compare_File_1623",2,171,85.50,85.50,70,101
"Compare_File_3070",2,171,85.50,85.50,60,111
"Compare_File_2161",2,170,85.00,85.00,54,116
"Compare_File_442",2,170,85.00,85.00,58,112
"Compare_File_1423",2,170,85.00,85.00,36,134
"Compare_File_592",2,170,85.00,85.00,31,139
"Compare_File_1165",2,170,85.00,85.00,83,87
"Compare_File_654",2,170,85.00,85.00,66,104
"Compare_File_3181",2,170,85.00,85.00,57,113
"Compare_File_2304",2,170,85.00,85.00,48,122
"Compare_File_1017",2,170,85.00,85.00,27,143
"Compare_File_3747",2,170,85.00,85.00,74,96
"Compare_File_2589",2,170,85.00,85.00,50,120
"Compare_File_2290",2,170,85.00,85.00,73,97
"Compare_File_3968",2,170,85.00,85.00,52,118
"Compare_File_1436",2,170,85.00,85.00,59,111
"Compare_File_1715",2,170,85.00,85.00,67,103
"Compare_File_1027",2,170,85.00,85.00,41,129
"Compare_File_2421",2,170,85.00,85.00,45,125
"Compare_File_3403",2,170,85.00,85.00,62,108
"Compare_File_1321",2,170,85.00,85.00,60,110
"Compare_File_3380",2,170,85.00,85.00,55,115
"Compare_File_1725",2,170,85.00,85.00,48,122
"Compare_File_1376",2,170,85.00,85.00,44,126
"Compare_File_2422",2,170,85.00,85.00,47,123
"Compare_File_2320",2,170,85.00,85.00,41,129
"Compare_File_3749",2,170,85.00,85.00,70,100
"Compare_File_2110",2,170,85.00,85.00,52,118
"Compare_File_3670",2,170,85.00,85.00,45,125
"Compare_File_3641",2,170,85.00,85.00,62,108
"Compare_File_2962",2,170,85.00,85.00,59,111
"Compare_File_3979",2,170,85.00,85.00,59,111
"Compare_File_1273",2,170,85.00,85.00,84,86
"Compare_File_343",2,170,85.00,85.00,27,143
"Compare_File_1615",2,170,85.00,85.00,68,102
"Compare_File_3509",2,169,84.50,84.50,35,134
"Compare_File_1369",2,169,84.50,84.50,64,105
"Compare_File_3914",2,169,84.50,84.50,60,109
"Compare_File_2924",2,169,84.50,84.50,61,108
"Compare_File_3224",2,169,84.50,84.50,57,112
"Compare_File_3631",2,169,84.50,84.50,38,131
"Compare_File_2117",2,169,84.50,84.50,51,118
"Compare_File_2593",2,169,84.50,84.50,60,109
"Compare_File_3957",2,169,84.50,84.50,58,111
"Compare_File_2393",2,169,84.50,84.50,58,111
"Compare_File_2244",2,169,84.50,84.50,61,108
"Compare_File_3549",2,169,84.50,84.50,56,113
"Compare_File_2261",2,169,84.50,84.50,57,112
"Compare_File_3161",2,169,84.50,84.50,67,102
"Compare_File_303",2,169,84.50,84.50,46,123
"Compare_File_1122",2,169,84.50,84.50,76,93
"Compare_File_152",2,169,84.50,84.50,67,102
"Compare_File_2352",2,169,84.50,84.50,53,116
"Compare_File_2848",2,169,84.50,84.50,57,112
"Compare_File_1803",2,169,84.50,84.50,64,105
"Compare_File_1684",2,169,84.50,84.50,55,114
"Compare_File_2437",2,169,84.50,84.50,57,112
"Compare_File_213",2,169,84.50,84.50,71,98
"Compare_File_1236",2,169,84.50,84.50,55,114
"Compare_File_1879",2,169,84.50,84.50,44,125
"Compare_File_1073",2,169,84.50,84.50,54,115
"Compare_File_2686",2,169,84.50,84.50,57,112
"Compare_File_2590",2,169,84.50,84.50,80,89
"Compare_File_3911",2,169,84.50,84.50,59,110
"Compare_File_3830",2,169,84.50,84.50,57,112
"Compare_File_2851",2,169,84.50,84.50,57,112
"Compare_File_2087",2,169,84.50,84.50,51,118
"Compare_File_3971",2,169,84.50,84.50,61,108
"Compare_File_2081",2,168,84.00,84.00,37,131
"Compare_File_1651",2,168,84.00,84.00,65,103
"Compare_File_1676",2,168,84.00,84.00,64,104
"Compare_File_3648",2,168,84.00,84.00,51,117
"Compare_File_1466",2,168,84.00,84.00,66,102
"Compare_File_3710",2,168,84.00,84.00,45,123
"Compare_File_1015",2,168,84.00,84.00,51,117
"Compare_File_2212",2,168,84.00,84.00,42,126
"Compare_File_3594",2,168,84.00,84.00,59,109
"Compare_File_1756",2,168,84.00,84.00,75,93
"Compare_File_1471",2,168,84.00,84.00,51,117
"Compare_File_3441",2,168,84.00,84.00,70,98
"Compare_File_1186",2,168,84.00,84.00,34,134
"Compare_File_157",2,168,84.00,84.00,53,115
"Compare_File_3779",2,168,84.00,84.00,52,116
"Compare_File_3660",2,168,84.00,84.00,40,128
"Compare_File_177",2,168,84.00,84.00,49,119
"Compare_File_3475",2,168,84.00,84.00,62,106
"Compare_File_2577",2,168,84.00,84.00,67,101
"Compare_File_3537",2,168,84.00,84.00,48,120
"Compare_File_310",2,168,84.00,84.00,30,138
"Compare_File_3857",2,168,84.00,84.00,39,129
"Compare_File_2672",2,168,84.00,84.00,74,94
"Compare_File_1254",2,168,84.00,84.00,58,110
"Compare_File_3790",2,168,84.00,84.00,35,133
"Compare_File_2302",2,168,84.00,84.00,45,123
"Compare_File_3760",2,168,84.00,84.00,52,116
"Compare_File_2715",2,168,84.00,84.00,56,112
"Compare_File_3626",2,168,84.00,84.00,57,111
"Compare_File_872",2,168,84.00,84.00,41,127
"Compare_File_1530",2,168,84.00,84.00,49,119
"Compare_File_1177",2,167,83.50,83.50,47,120
"Compare_File_2973",2,167,83.50,83.50,40,127
"Compare_File_51",2,167,83.50,83.50,58,109
"Compare_File_1348",2,167,83.50,83.50,82,85
"Compare_File_3147",2,167,83.50,83.50,57,110
"Compare_File_3627",2,167,83.50,83.50,65,102
"Compare_File_3216",2,167,83.50,83.50,53,114
"Compare_File_645",2,167,83.50,83.50,40,127
"Compare_File_2868",2,167,83.50,83.50,67,100
"Compare_File_1437",2,167,83.50,83.50,59,108
"Compare_File_1874",2,167,83.50,83.50,68,99
"Compare_File_3773",2,167,83.50,83.50,52,115
"Compare_File_2826",2,167,83.50,83.50,41,126
"Compare_File_1641",2,167,83.50,83.50,52,115
"Compare_File_3651",2,167,83.50,83.50,54,113
"Compare_File_2565",2,167,83.50,83.50,55,112
"Compare_File_2823",2,167,83.50,83.50,42,125
"Compare_File_3131",2,167,83.50,83.50,63,104
"Compare_File_3249",2,167,83.50,83.50,44,123
"Compare_File_3791",2,167,83.50,83.50,47,120
"Compare_File_3505",2,167,83.50,83.50,42,125
"Compare_File_1815",2,167,83.50,83.50,35,132
"Compare_File_2560",2,167,83.50,83.50,44,123
"Compare_File_1817",2,167,83.50,83.50,38,129
"Compare_File_1345",2,167,83.50,83.50,74,93
"Compare_File_1405",2,167,83.50,83.50,65,102
"Compare_File_3838",2,167,83.50,83.50,55,112
"Compare_File_3545",2,167,83.50,83.50,49,118
"Compare_File_3002",2,167,83.50,83.50,50,117
"Compare_File_1904",2,167,83.50,83.50,56,111
"Compare_File_2817",2,166,83.00,83.00,48,118
"Compare_File_457",2,166,83.00,83.00,67,99
"Compare_File_3951",2,166,83.00,83.00,60,106
"Compare_File_1525",2,166,83.00,83.00,50,116
"Compare_File_270",2,166,83.00,83.00,29,137
"Compare_File_868",2,166,83.00,83.00,41,125
"Compare_File_3014",2,166,83.00,83.00,53,113
"Compare_File_3457",2,166,83.00,83.00,62,104
"Compare_File_1168",2,166,83.00,83.00,81,85
"Compare_File_1609",2,166,83.00,83.00,47,119
"Compare_File_360",2,166,83.00,83.00,74,92
"Compare_File_692",2,166,83.00,83.00,42,124
"Compare_File_1277",2,166,83.00,83.00,59,107
"Compare_File_1735",2,166,83.00,83.00,45,121
"Compare_File_3407",2,166,83.00,83.00,62,104
"Compare_File_2760",2,166,83.00,83.00,63,103
"Compare_File_1257",2,166,83.00,83.00,49,117
"Compare_File_3969",2,166,83.00,83.00,33,133
"Compare_File_3212",2,166,83.00,83.00,60,106
"Compare_File_830",2,166,83.00,83.00,27,139
"Compare_File_3357",2,166,83.00,83.00,44,122
"Compare_File_2887",2,166,83.00,83.00,49,117
"Compare_File_369",2,166,83.00,83.00,79,87
"Compare_File_3210",2,166,83.00,83.00,56,110
"Compare_File_3085",2,166,83.00,83.00,61,105
"Compare_File_1951",2,166,83.00,83.00,44,122
"Compare_File_2874",2,166,83.00,83.00,55,111
"Compare_File_3862",2,166,83.00,83.00,44,122
"Compare_File_2257",2,166,83.00,83.00,58,108
"Compare_File_722",2,166,83.00,83.00,44,122
"Compare_File_1843",2,166,83.00,83.00,48,118
"Compare_File_2524",2,166,83.00,83.00,45,121
"Compare_File_3266",2,166,83.00,83.00,57,109
"Compare_File_2818",2,166,83.00,83.00,53,113
"Compare_File_246",2,166,83.00,83.00,25,141
"Compare_File_2603",2,166,83.00,83.00,67,99
"Compare_File_2147",2,166,83.00,83.00,50,116
"Compare_File_80",2,166,83.00,83.00,77,89
"Compare_File_2193",2,166,83.00,83.00,51,115
"Compare_File_3197",2,166,83.00,83.00,42,124
"Compare_File_1877",2,166,83.00,83.00,35,131
"Compare_File_3361",2,166,83.00,83.00,49,117
"Compare_File_2020",2,166,83.00,83.00,65,101
"Compare_File_1299",2,166,83.00,83.00,80,86
"Compare_File_1082",2,166,83.00,83.00,35,131
"Compare_File_1012",2,165,82.50,82.50,61,104
"Compare_File_2470",2,165,82.50,82.50,43,122
"Compare_File_2106",2,165,82.50,82.50,51,114
"Compare_File_1985",2,165,82.50,82.50,36,129
"Compare_File_1882",2,165,82.50,82.50,65,100
"Compare_File_3130",2,165,82.50,82.50,66,99
"Compare_File_1363",2,165,82.50,82.50,65,100
"Compare_File_3005",2,165,82.50,82.50,53,112
"Compare_File_1841",2,165,82.50,82.50,43,122
"Compare_File_963",2,165,82.50,82.50,47,118
"Compare_File_2555",2,165,82.50,82.50,49,116
"Compare_File_586",2,165,82.50,82.50,50,115
"Compare_File_2040",2,165,82.50,82.50,48,117
"Compare_File_3247",2,165,82.50,82.50,43,122
"Compare_File_2776",2,165,82.50,82.50,62,103
"Compare_File_3816",2,165,82.50,82.50,47,118
"Compare_File_367",2,165,82.50,82.50,73,92
"Compare_File_3822",2,165,82.50,82.50,52,113
"Compare_File_3907",2,165,82.50,82.50,47,118
"Compare_File_2065",2,165,82.50,82.50,54,111
"Compare_File_2777",2,165,82.50,82.50,65,100
"Compare_File_2482",2,165,82.50,82.50,56,109
"Compare_File_2471",2,165,82.50,82.50,50,115
"Compare_File_3393",2,165,82.50,82.50,42,123
"Compare_File_308",2,165,82.50,82.50,23,142
"Compare_File_1384",2,165,82.50,82.50,32,133
"Compare_File_1766",2,165,82.50,82.50,54,111
"Compare_File_2404",2,165,82.50,82.50,58,107
"Compare_File_3596",2,165,82.50,82.50,54,111
"Compare_File_495",2,165,82.50,82.50,54,111
"Compare_File_2459",2,165,82.50,82.50,65,100
"Compare_File_2971",2,165,82.50,82.50,49,116
"Compare_File_3017",2,165,82.50,82.50,44,121
"Compare_File_2255",2,165,82.50,82.50,41,124
"Compare_File_3030",2,165,82.50,82.50,42,123
"Compare_File_3927",2,165,82.50,82.50,57,108
"Compare_File_3757",2,165,82.50,82.50,46,119
"Compare_File_3763",2,165,82.50,82.50,52,113
"Compare_File_1332",2,165,82.50,82.50,67,98
"Compare_File_484",2,165,82.50,82.50,50,115
"Compare_File_3140",2,165,82.50,82.50,53,112
"Compare_File_1407",2,165,82.50,82.50,57,108
"Compare_File_3090",2,165,82.50,82.50,50,115
"Compare_File_1531",2,165,82.50,82.50,48,117
"Compare_File_3486",2,165,82.50,82.50,58,107
"Compare_File_3888",2,165,82.50,82.50,51,114
"Compare_File_3984",2,165,82.50,82.50,39,126
"Compare_File_1326",2,165,82.50,82.50,38,127
"Compare_File_1024",2,165,82.50,82.50,41,124
"Compare_File_2264",2,164,82.00,82.00,72,92
"Compare_File_1131",2,164,82.00,82.00,59,105
"Compare_File_1754",2,164,82.00,82.00,76,88
"Compare_File_1157",2,164,82.00,82.00,56,108
"Compare_File_2510",2,164,82.00,82.00,51,113
"Compare_File_2291",2,164,82.00,82.00,62,102
"Compare_File_3353",2,164,82.00,82.00,46,118
"Compare_File_955",2,164,82.00,82.00,43,121
"Compare_File_402",2,164,82.00,82.00,36,128
"Compare_File_3554",2,164,82.00,82.00,43,121
"Compare_File_448",2,164,82.00,82.00,52,112
"Compare_File_2514",2,164,82.00,82.00,40,124
"Compare_File_3406",2,164,82.00,82.00,56,108
"Compare_File_3218",2,164,82.00,82.00,46,118
"Compare_File_3876",2,164,82.00,82.00,51,113
"Compare_File_2160",2,164,82.00,82.00,54,110
"Compare_File_250",2,164,82.00,82.00,26,138
"Compare_File_629",2,164,82.00,82.00,51,113
"Compare_File_1854",2,164,82.00,82.00,73,91
"Compare_File_325",2,164,82.00,82.00,38,126
"Compare_File_753",2,164,82.00,82.00,69,95
"Compare_File_2608",2,164,82.00,82.00,50,114
"Compare_File_3780",2,164,82.00,82.00,57,107
"Compare_File_2346",2,164,82.00,82.00,61,103
"Compare_File_2107",2,164,82.00,82.00,57,107
"Compare_File_1444",2,164,82.00,82.00,60,104
"Compare_File_3036",2,164,82.00,82.00,48,116
"Compare_File_1974",2,164,82.00,82.00,42,122
"Compare_File_783",2,164,82.00,82.00,71,93
"Compare_File_1663",2,164,82.00,82.00,55,109
"Compare_File_2420",2,164,82.00,82.00,47,117
"Compare_File_1901",2,164,82.00,82.00,41,123
"Compare_File_1713",2,164,82.00,82.00,42,122
"Compare_File_2766",2,164,82.00,82.00,57,107
"Compare_File_2350",2,164,82.00,82.00,56,108
"Compare_File_2180",2,164,82.00,82.00,63,101
"Compare_File_2162",2,164,82.00,82.00,60,104
"Compare_File_523",2,164,82.00,82.00,62,102
"Compare_File_3653",2,164,82.00,82.00,47,117
"Compare_File_2711",2,164,82.00,82.00,45,119
"Compare_File_2585",2,164,82.00,82.00,74,90
"Compare_File_2321",2,164,82.00,82.00,47,117
"Compare_File_1855",2,164,82.00,82.00,31,133
"Compare_File_3497",2,164,82.00,82.00,60,104
"Compare_File_2067",2,163,81.50,81.50,45,118
"Compare_File_1506",2,163,81.50,81.50,43,120
"Compare_File_3835",2,163,81.50,81.50,61,102
"Compare_File_3477",2,163,81.50,81.50,52,111
"Compare_File_789",2,163,81.50,81.50,29,134
"Compare_File_3781",2,163,81.50,81.50,71,92
"Compare_File_1386",2,163,81.50,81.50,38,125
"Compare_File_184",2,163,81.50,81.50,41,122
"Compare_File_522",2,163,81.50,81.50,74,89
"Compare_File_2071",2,163,81.50,81.50,62,101
"Compare_File_2458",2,163,81.50,81.50,60,103
"Compare_File_2269",2,163,81.50,81.50,60,103
"Compare_File_1030",2,163,81.50,81.50,44,119
"Compare_File_3502",2,163,81.50,81.50,50,113
"Compare_File_3484",2,163,81.50,81.50,62,101
"Compare_File_1451",2,163,81.50,81.50,62,101
"Compare_File_1736",2,163,81.50,81.50,45,118
"Compare_File_1383",2,163,81.50,81.50,63,100
"Compare_File_2579",2,163,81.50,81.50,66,97
"Compare_File_1508",2,163,81.50,81.50,61,102
"Compare_File_1102",2,163,81.50,81.50,36,127
"Compare_File_2763",2,163,81.50,81.50,48,115
"Compare_File_356",2,163,81.50,81.50,35,128
"Compare_File_870",2,163,81.50,81.50,53,110
"Compare_File_497",2,163,81.50,81.50,51,112
"Compare_File_1551",2,163,81.50,81.50,72,91
"Compare_File_3354",2,163,81.50,81.50,58,105
"Compare_File_2254",2,163,81.50,81.50,35,128
"Compare_File_334",2,163,81.50,81.50,61,102
"Compare_File_666",2,163,81.50,81.50,52,111
"Compare_File_2095",2,163,81.50,81.50,49,114
"Compare_File_1368",2,163,81.50,81.50,44,119
"Compare_File_219",2,163,81.50,81.50,34,129
"Compare_File_1453",2,163,81.50,81.50,69,94
"Compare_File_2771",2,162,81.00,81.00,69,93
"Compare_File_1272",2,162,81.00,81.00,76,86
"Compare_File_2462",2,162,81.00,81.00,53,109
"Compare_File_1701",2,162,81.00,81.00,58,104
"Compare_File_1938",2,162,81.00,81.00,39,123
"Compare_File_2475",2,162,81.00,81.00,57,105
"Compare_File_3793",2,162,81.00,81.00,62,100
"Compare_File_1412",2,162,81.00,81.00,51,111
"Compare_File_1124",2,162,81.00,81.00,57,105
"Compare_File_2174",2,162,81.00,81.00,56,106
"Compare_File_2584",2,162,81.00,81.00,65,97
"Compare_File_3184",2,162,81.00,81.00,52,110
"Compare_File_1811",2,162,81.00,81.00,81,81
"Compare_File_1083",2,162,81.00,81.00,39,123
"Compare_File_2190",2,162,81.00,81.00,48,114
"Compare_File_3105",2,162,81.00,81.00,52,110
"Compare_File_1764",2,162,81.00,81.00,53,109
"Compare_File_1652",2,162,81.00,81.00,53,109
"Compare_File_3623",2,162,81.00,81.00,46,116
"Compare_File_2052",2,162,81.00,81.00,48,114
"Compare_File_2266",2,162,81.00,81.00,43,119
"Compare_File_3898",2,162,81.00,81.00,50,112
"Compare_File_1182",2,162,81.00,81.00,37,125
"Compare_File_71",2,162,81.00,81.00,37,125
"Compare_File_3841",2,162,81.00,81.00,66,96
"Compare_File_3315",2,162,81.00,81.00,50,112
"Compare_File_2557",2,162,81.00,81.00,49,113
"Compare_File_1767",2,162,81.00,81.00,57,105
"Compare_File_1733",2,162,81.00,81.00,54,108
"Compare_File_3190",2,162,81.00,81.00,49,113
"Compare_File_2025",2,162,81.00,81.00,49,113
"Compare_File_3628",2,162,81.00,81.00,46,116
"Compare_File_1755",2,162,81.00,81.00,76,86
"Compare_File_1042",2,162,81.00,81.00,51,111
"Compare_File_1576",2,162,81.00,81.00,45,117
"Compare_File_1344",2,162,81.00,81.00,81,81
"Compare_File_2677",2,162,81.00,81.00,62,100
"Compare_File_3842",2,162,81.00,81.00,54,108
"Compare_File_1778",2,162,81.00,81.00,61,101
"Compare_File_1897",2,162,81.00,81.00,52,110
"Compare_File_1828",2,162,81.00,81.00,49,113
"Compare_File_1032",2,162,81.00,81.00,60,102
"Compare_File_1544",2,162,81.00,81.00,43,119
"Compare_File_2461",2,162,81.00,81.00,67,95
"Compare_File_2408",2,162,81.00,81.00,39,123
"Compare_File_1737",2,162,81.00,81.00,37,125
"Compare_File_3824",2,161,80.50,80.50,58,103
"Compare_File_1964",2,161,80.50,80.50,32,129
"Compare_File_1037",2,161,80.50,80.50,47,114
"Compare_File_330",2,161,80.50,80.50,41,120
"Compare_File_1043",2,161,80.50,80.50,55,106
"Compare_File_68",2,161,80.50,80.50,71,90
"Compare_File_3859",2,161,80.50,80.50,48,113
"Compare_File_94",2,161,80.50,80.50,63,98
"Compare_File_1171",2,161,80.50,80.50,41,120
"Compare_File_1906",2,161,80.50,80.50,47,114
"Compare_File_2712",2,161,80.50,80.50,57,104
"Compare_File_1417",2,161,80.50,80.50,42,119
"Compare_File_2375",2,161,80.50,80.50,55,106
"Compare_File_1847",2,161,80.50,80.50,42,119
"Compare_File_1138",2,161,80.50,80.50,47,114
"Compare_File_1591",2,161,80.50,80.50,34,127
"Compare_File_3915",2,161,80.50,80.50,51,110
"Compare_File_3183",2,161,80.50,80.50,41,120
"Compare_File_469",2,161,80.50,80.50,37,124
"Compare_File_2262",2,161,80.50,80.50,57,104
"Compare_File_1894",2,161,80.50,80.50,31,130
"Compare_File_815",2,161,80.50,80.50,36,125
"Compare_File_3331",2,161,80.50,80.50,76,85
"Compare_File_3625",2,161,80.50,80.50,55,106
"Compare_File_2433",2,161,80.50,80.50,55,106
"Compare_File_227",2,161,80.50,80.50,55,106
"Compare_File_3970",2,161,80.50,80.50,49,112
"Compare_File_1382",2,161,80.50,80.50,45,116
"Compare_File_2410",2,161,80.50,80.50,50,111
"Compare_File_3472",2,161,80.50,80.50,41,120
"Compare_File_1393",2,161,80.50,80.50,53,108
"Compare_File_1813",2,160,80.00,80.00,31,129
"Compare_File_2323",2,160,80.00,80.00,61,99
"Compare_File_1898",2,160,80.00,80.00,48,112
"Compare_File_3254",2,160,80.00,80.00,52,108
"Compare_File_327",2,160,80.00,80.00,40,120
"Compare_File_2562",2,160,80.00,80.00,66,94
"Compare_File_2132",2,160,80.00,80.00,45,115
"Compare_File_2340",2,160,80.00,80.00,51,109
"Compare_File_3829",2,160,80.00,80.00,46,114
"Compare_File_3345",2,160,80.00,80.00,53,107
"Compare_File_2455",2,160,80.00,80.00,64,96
"Compare_File_76",2,160,80.00,80.00,53,107
"Compare_File_1998",2,160,80.00,80.00,44,116
"Compare_File_2873",2,160,80.00,80.00,58,102
"Compare_File_708",2,160,80.00,80.00,42,118
"Compare_File_3304",2,160,80.00,80.00,55,105
"Compare_File_3340",2,160,80.00,80.00,71,89
"Compare_File_3511",2,160,80.00,80.00,53,107
"Compare_File_2955",2,160,80.00,80.00,39,121
"Compare_File_2867",2,160,80.00,80.00,51,109
"Compare_File_2044",2,160,80.00,80.00,46,114
"Compare_File_2197",2,160,80.00,80.00,54,106
"Compare_File_2819",2,160,80.00,80.00,47,113
"Compare_File_2652",2,160,80.00,80.00,76,84
"Compare_File_1859",2,160,80.00,80.00,76,84
"Compare_File_2305",2,160,80.00,80.00,51,109
"Compare_File_2109",2,160,80.00,80.00,51,109
"Compare_File_1303",2,160,80.00,80.00,50,110
"Compare_File_3786",2,160,80.00,80.00,59,101
"Compare_File_1340",2,159,79.50,79.50,51,108
"Compare_File_260",2,159,79.50,79.50,29,130
"Compare_File_3573",2,159,79.50,79.50,66,93
"Compare_File_2441",2,159,79.50,79.50,59,100
"Compare_File_3516",2,159,79.50,79.50,48,111
"Compare_File_2660",2,159,79.50,79.50,72,87
"Compare_File_145",2,159,79.50,79.50,53,106
"Compare_File_416",2,159,79.50,79.50,42,117
"Compare_File_1675",2,159,79.50,79.50,52,107
"Compare_File_1975",2,159,79.50,79.50,40,119
"Compare_File_1848",2,159,79.50,79.50,66,93
"Compare_File_2371",2,159,79.50,79.50,52,107
"Compare_File_464",2,159,79.50,79.50,53,106
"Compare_File_1250",2,159,79.50,79.50,62,97
"Compare_File_3909",2,159,79.50,79.50,49,110
"Compare_File_3232",2,159,79.50,79.50,67,92
"Compare_File_2165",2,159,79.50,79.50,64,95
"Compare_File_220",2,159,79.50,79.50,32,127
"Compare_File_1896",2,159,79.50,79.50,48,111
"Compare_File_2566",2,159,79.50,79.50,69,90
"Compare_File_3809",2,159,79.50,79.50,46,113
"Compare_File_1197",2,159,79.50,79.50,44,115
"Compare_File_3890",2,159,79.50,79.50,48,111
"Compare_File_3774",2,159,79.50,79.50,45,114
"Compare_File_2277",2,159,79.50,79.50,67,92
"Compare_File_1665",2,159,79.50,79.50,69,90
"Compare_File_2077",2,159,79.50,79.50,54,105
"Compare_File_1863",2,159,79.50,79.50,76,83
"Compare_File_616",2,159,79.50,79.50,71,88
"Compare_File_1781",2,159,79.50,79.50,47,112
"Compare_File_659",2,159,79.50,79.50,35,124
"Compare_File_173",2,159,79.50,79.50,39,120
"Compare_File_2888",2,159,79.50,79.50,58,101
"Compare_File_2151",2,159,79.50,79.50,76,83
"Compare_File_2950",2,159,79.50,79.50,58,101
"Compare_File_1229",2,159,79.50,79.50,42,117
"Compare_File_901",2,159,79.50,79.50,50,109
"Compare_File_2920",2,159,79.50,79.50,49,110
"Compare_File_3022",2,159,79.50,79.50,39,120
"Compare_File_3355",2,159,79.50,79.50,52,107
"Compare_File_578",2,159,79.50,79.50,39,120
"Compare_File_2476",2,159,79.50,79.50,63,96
"Compare_File_3448",2,159,79.50,79.50,54,105
"Compare_File_1309",2,159,79.50,79.50,71,88
"Compare_File_3513",2,159,79.50,79.50,56,103
"Compare_File_978",2,159,79.50,79.50,57,102
"Compare_File_2178",2,159,79.50,79.50,47,112
"Compare_File_1063",2,158,79.00,79.00,58,100
"Compare_File_1729",2,158,79.00,79.00,66,92
"Compare_File_1139",2,158,79.00,79.00,47,111
"Compare_File_2952",2,158,79.00,79.00,56,102
"Compare_File_3189",2,158,79.00,79.00,43,115
"Compare_File_690",2,158,79.00,79.00,36,122
"Compare_File_1541",2,158,79.00,79.00,42,116
"Compare_File_1296",2,158,79.00,79.00,39,119
"Compare_File_2976",2,158,79.00,79.00,50,108
"Compare_File_620",2,158,79.00,79.00,60,98
"Compare_File_3405",2,158,79.00,79.00,52,106
"Compare_File_186",2,158,79.00,79.00,37,121
"Compare_File_767",2,158,79.00,79.00,60,98
"Compare_File_1018",2,158,79.00,79.00,45,113
"Compare_File_3891",2,158,79.00,79.00,53,105
"Compare_File_1389",2,158,79.00,79.00,55,103
"Compare_File_3082",2,158,79.00,79.00,67,91
"Compare_File_1971",2,158,79.00,79.00,53,105
"Compare_File_3861",2,158,79.00,79.00,51,107
"Compare_File_2009",2,158,79.00,79.00,43,115
"Compare_File_432",2,158,79.00,79.00,47,111
"Compare_File_2963",2,158,79.00,79.00,32,126
"Compare_File_214",2,158,79.00,79.00,67,91
"Compare_File_458",2,158,79.00,79.00,51,107
"Compare_File_3869",2,158,79.00,79.00,48,110
"Compare_File_668",2,158,79.00,79.00,72,86
"Compare_File_2301",2,158,79.00,79.00,49,109
"Compare_File_2033",2,158,79.00,79.00,52,106
"Compare_File_3051",2,158,79.00,79.00,54,104
"Compare_File_824",2,158,79.00,79.00,50,108
"Compare_File_2347",2,158,79.00,79.00,57,101
"Compare_File_974",2,158,79.00,79.00,44,114
"Compare_File_2013",2,158,79.00,79.00,51,107
"Compare_File_2586",2,158,79.00,79.00,65,93
"Compare_File_2182",2,158,79.00,79.00,49,109
"Compare_File_1023",2,158,79.00,79.00,43,115
"Compare_File_602",2,158,79.00,79.00,44,114
"Compare_File_3339",2,158,79.00,79.00,57,101
"Compare_File_3220",2,158,79.00,79.00,70,88
"Compare_File_3440",2,158,79.00,79.00,58,100
"Compare_File_1324",2,158,79.00,79.00,45,113
"Compare_File_2878",2,158,79.00,79.00,59,99
"Compare_File_1916",2,158,79.00,79.00,43,115
"Compare_File_572",2,158,79.00,79.00,57,101
"Compare_File_1133",2,157,78.50,78.50,55,102
"Compare_File_2960",2,157,78.50,78.50,59,98
"Compare_File_517",2,157,78.50,78.50,72,85
"Compare_File_3946",2,157,78.50,78.50,56,101
"Compare_File_301",2,157,78.50,78.50,19,138
"Compare_File_1270",2,157,78.50,78.50,55,102
"Compare_File_1432",2,157,78.50,78.50,53,104
"Compare_File_3645",2,157,78.50,78.50,53,104
"Compare_File_2218",2,157,78.50,78.50,35,122
"Compare_File_3836",2,157,78.50,78.50,55,102
"Compare_File_3251",2,157,78.50,78.50,43,114
"Compare_File_2059",2,157,78.50,78.50,58,99
"Compare_File_2511",2,157,78.50,78.50,48,109
"Compare_File_2363",2,157,78.50,78.50,75,82
"Compare_File_3875",2,157,78.50,78.50,50,107
"Compare_File_3332",2,157,78.50,78.50,73,84
"Compare_File_1301",2,157,78.50,78.50,74,83
"Compare_File_481",2,157,78.50,78.50,56,101
"Compare_File_3575",2,157,78.50,78.50,71,86
"Compare_File_1934",2,157,78.50,78.50,72,85
"Compare_File_180",2,157,78.50,78.50,46,111
"Compare_File_2601",2,157,78.50,78.50,59,98
"Compare_File_1334",2,157,78.50,78.50,46,111
"Compare_File_1370",2,157,78.50,78.50,49,108
"Compare_File_2644",2,157,78.50,78.50,53,104
"Compare_File_3539",2,157,78.50,78.50,53,104
"Compare_File_2756",2,157,78.50,78.50,51,106
"Compare_File_2064",2,157,78.50,78.50,55,102
"Compare_File_1752",2,157,78.50,78.50,44,113
"Compare_File_2831",2,157,78.50,78.50,53,104
"Compare_File_571",2,157,78.50,78.50,76,81
"Compare_File_397",2,157,78.50,78.50,42,115
"Compare_File_2124",2,157,78.50,78.50,43,114
"Compare_File_3290",2,157,78.50,78.50,58,99
"Compare_File_819",2,157,78.50,78.50,37,120
"Compare_File_2091",2,157,78.50,78.50,45,112
"Compare_File_1599",2,157,78.50,78.50,46,111
"Compare_File_860",2,157,78.50,78.50,43,114
"Compare_File_3849",2,157,78.50,78.50,57,100
"Compare_File_3241",2,157,78.50,78.50,64,93
"Compare_File_3488",2,157,78.50,78.50,56,101
"Compare_File_461",2,157,78.50,78.50,73,84
"Compare_File_2966",2,157,78.50,78.50,49,108
"Compare_File_1594",2,157,78.50,78.50,58,99
"Compare_File_236",2,157,78.50,78.50,26,131
"Compare_File_2893",2,157,78.50,78.50,60,97
"Compare_File_2336",2,157,78.50,78.50,44,113
"Compare_File_706",2,157,78.50,78.50,71,86
"Compare_File_2775",2,157,78.50,78.50,46,111
"Compare_File_919",2,157,78.50,78.50,30,127
"Compare_File_3896",2,157,78.50,78.50,54,103
"Compare_File_3874",2,157,78.50,78.50,53,104
"Compare_File_1907",2,157,78.50,78.50,54,103
"Compare_File_483",2,157,78.50,78.50,33,124
"Compare_File_3803",2,157,78.50,78.50,50,107
"Compare_File_2820",2,156,78.00,78.00,51,105
"Compare_File_2088",2,156,78.00,78.00,45,111
"Compare_File_2074",2,156,78.00,78.00,53,103
"Compare_File_3665",2,156,78.00,78.00,47,109
"Compare_File_2032",2,156,78.00,78.00,55,101
"Compare_File_1234",2,156,78.00,78.00,33,123
"Compare_File_2604",2,156,78.00,78.00,43,113
"Compare_File_1482",2,156,78.00,78.00,41,115
"Compare_File_3725",2,156,78.00,78.00,44,112
"Compare_File_3008",2,156,78.00,78.00,50,106
"Compare_File_2108",2,156,78.00,78.00,53,103
"Compare_File_217",2,156,78.00,78.00,57,99
"Compare_File_691",2,156,78.00,78.00,27,129
"Compare_File_1091",2,156,78.00,78.00,41,115
"Compare_File_882",2,156,78.00,78.00,54,102
"Compare_File_2693",2,156,78.00,78.00,50,106
"Compare_File_3593",2,156,78.00,78.00,45,111
"Compare_File_1443",2,156,78.00,78.00,50,106
"Compare_File_1459",2,156,78.00,78.00,48,108
"Compare_File_2975",2,156,78.00,78.00,54,102
"Compare_File_1979",2,156,78.00,78.00,52,104
"Compare_File_2699",2,156,78.00,78.00,58,98
"Compare_File_2704",2,156,78.00,78.00,58,98
"Compare_File_320",2,156,78.00,78.00,23,133
"Compare_File_1648",2,156,78.00,78.00,56,100
"Compare_File_3517",2,156,78.00,78.00,40,116
"Compare_File_755",2,156,78.00,78.00,39,117
"Compare_File_3296",2,156,78.00,78.00,47,109
"Compare_File_1627",2,156,78.00,78.00,57,99
"Compare_File_1945",2,156,78.00,78.00,67,89
"Compare_File_2648",2,156,78.00,78.00,53,103
"Compare_File_1660",2,156,78.00,78.00,51,105
"Compare_File_1881",2,156,78.00,78.00,48,108
"Compare_File_2815",2,156,78.00,78.00,44,112
"Compare_File_787",2,156,78.00,78.00,54,102
"Compare_File_2317",2,156,78.00,78.00,38,118
"Compare_File_1406",2,156,78.00,78.00,59,97
"Compare_File_1059",2,155,77.50,77.50,56,99
"Compare_File_1198",2,155,77.50,77.50,43,112
"Compare_File_1145",2,155,77.50,77.50,29,126
"Compare_File_1963",2,155,77.50,77.50,49,106
"Compare_File_904",2,155,77.50,77.50,57,98
"Compare_File_3096",2,155,77.50,77.50,51,104
"Compare_File_1228",2,155,77.50,77.50,36,119
"Compare_File_2192",2,155,77.50,77.50,50,105
"Compare_File_3368",2,155,77.50,77.50,50,105
"Compare_File_899",2,155,77.50,77.50,31,124
"Compare_File_606",2,155,77.50,77.50,49,106
"Compare_File_959",2,155,77.50,77.50,52,103
"Compare_File_1722",2,155,77.50,77.50,54,101
"Compare_File_353",2,155,77.50,77.50,42,113
"Compare_File_1121",2,155,77.50,77.50,73,82
"Compare_File_3868",2,155,77.50,77.50,55,100
"Compare_File_1977",2,155,77.50,77.50,46,109
"Compare_File_3541",2,155,77.50,77.50,68,87
"Compare_File_3712",2,155,77.50,77.50,39,116
"Compare_File_2041",2,155,77.50,77.50,67,88
"Compare_File_768",2,155,77.50,77.50,42,113
"Compare_File_1820",2,155,77.50,77.50,51,104
"Compare_File_681",2,155,77.50,77.50,50,105
"Compare_File_2933",2,155,77.50,77.50,36,119
"Compare_File_1096",2,155,77.50,77.50,45,110
"Compare_File_1074",2,155,77.50,77.50,50,105
"Compare_File_2026",2,155,77.50,77.50,56,99
"Compare_File_2014",2,155,77.50,77.50,64,91
"Compare_File_2755",2,155,77.50,77.50,45,110
"Compare_File_3292",2,155,77.50,77.50,46,109
"Compare_File_3819",2,155,77.50,77.50,54,101
"Compare_File_2792",2,155,77.50,77.50,50,105
"Compare_File_3752",2,155,77.50,77.50,64,91
"Compare_File_1890",2,155,77.50,77.50,47,108
"Compare_File_3707",2,155,77.50,77.50,49,106
"Compare_File_2376",2,154,77.00,77.00,46,108
"Compare_File_3041",2,154,77.00,77.00,40,114
"Compare_File_2886",2,154,77.00,77.00,49,105
"Compare_File_2909",2,154,77.00,77.00,51,103
"Compare_File_2149",2,154,77.00,77.00,39,115
"Compare_File_1306",2,154,77.00,77.00,70,84
"Compare_File_2809",2,154,77.00,77.00,47,107
"Compare_File_3504",2,154,77.00,77.00,46,108
"Compare_File_2275",2,154,77.00,77.00,42,112
"Compare_File_2245",2,154,77.00,77.00,49,105
"Compare_File_1374",2,154,77.00,77.00,39,115
"Compare_File_1826",2,154,77.00,77.00,38,116
"Compare_File_672",2,154,77.00,77.00,50,104
"Compare_File_2623",2,154,77.00,77.00,46,108
"Compare_File_1532",2,154,77.00,77.00,36,118
"Compare_File_1460",2,154,77.00,77.00,65,89
"Compare_File_3817",2,154,77.00,77.00,55,99
"Compare_File_2348",2,154,77.00,77.00,57,97
"Compare_File_331",2,154,77.00,77.00,34,120
"Compare_File_2029",2,154,77.00,77.00,43,111
"Compare_File_2351",2,154,77.00,77.00,58,96
"Compare_File_2411",2,154,77.00,77.00,53,101
"Compare_File_1069",2,154,77.00,77.00,47,107
"Compare_File_3382",2,154,77.00,77.00,51,103
"Compare_File_1727",2,154,77.00,77.00,48,106
"Compare_File_2270",2,154,77.00,77.00,63,91
"Compare_File_2931",2,154,77.00,77.00,45,109
"Compare_File_1978",2,154,77.00,77.00,70,84
"Compare_File_3335",2,154,77.00,77.00,73,81
"Compare_File_2939",2,154,77.00,77.00,45,109
"Compare_File_1730",2,154,77.00,77.00,66,88
"Compare_File_2331",2,154,77.00,77.00,51,103
"Compare_File_3678",2,154,77.00,77.00,59,95
"Compare_File_164",2,154,77.00,77.00,36,118
"Compare_File_439",2,154,77.00,77.00,52,102
"Compare_File_1920",2,154,77.00,77.00,60,94
"Compare_File_2265",2,154,77.00,77.00,59,95
"Compare_File_2140",2,154,77.00,77.00,45,109
"Compare_File_1739",2,154,77.00,77.00,48,106
"Compare_File_1433",2,154,77.00,77.00,35,119
"Compare_File_1342",2,154,77.00,77.00,69,85
"Compare_File_1286",2,154,77.00,77.00,70,84
"Compare_File_1476",2,154,77.00,77.00,45,109
"Compare_File_2383",2,154,77.00,77.00,61,93
"Compare_File_3601",2,154,77.00,77.00,50,104
"Compare_File_981",2,154,77.00,77.00,35,119
"Compare_File_519",2,154,77.00,77.00,58,96
"Compare_File_3783",2,154,77.00,77.00,52,102
"Compare_File_714",2,154,77.00,77.00,38,116
"Compare_File_3086",2,154,77.00,77.00,44,110
"Compare_File_2573",2,154,77.00,77.00,70,84
"Compare_File_948",2,154,77.00,77.00,53,101
"Compare_File_103",2,154,77.00,77.00,44,110
"Compare_File_3528",2,154,77.00,77.00,41,113
"Compare_File_3832",2,154,77.00,77.00,46,108
"Compare_File_2163",2,154,77.00,77.00,66,88
"Compare_File_2980",2,154,77.00,77.00,59,95
"Compare_File_3854",2,154,77.00,77.00,55,99
"Compare_File_2008",2,154,77.00,77.00,49,105
"Compare_File_782",2,154,77.00,77.00,53,101
"Compare_File_2023",2,154,77.00,77.00,61,93
"Compare_File_3182",2,153,76.50,76.50,43,110
"Compare_File_926",2,153,76.50,76.50,39,114
"Compare_File_1976",2,153,76.50,76.50,54,99
"Compare_File_2187",2,153,76.50,76.50,54,99
"Compare_File_1780",2,153,76.50,76.50,37,116
"Compare_File_2213",2,153,76.50,76.50,49,104
"Compare_File_3840",2,153,76.50,76.50,53,100
"Compare_File_3602",2,153,76.50,76.50,61,92
"Compare_File_583",2,153,76.50,76.50,26,127
"Compare_File_1252",2,153,76.50,76.50,54,99
"Compare_File_1612",2,153,76.50,76.50,35,118
"Compare_File_3178",2,153,76.50,76.50,47,106
"Compare_File_3204",2,153,76.50,76.50,41,112
"Compare_File_1338",2,153,76.50,76.50,51,102
"Compare_File_2729",2,153,76.50,76.50,46,107
"Compare_File_2379",2,153,76.50,76.50,37,116
"Compare_File_739",2,153,76.50,76.50,42,111
"Compare_File_228",2,153,76.50,76.50,23,130
"Compare_File_950",2,153,76.50,76.50,54,99
"Compare_File_2664",2,153,76.50,76.50,69,84
"Compare_File_2249",2,153,76.50,76.50,56,97
"Compare_File_185",2,153,76.50,76.50,40,113
"Compare_File_3149",2,153,76.50,76.50,55,98
"Compare_File_2100",2,153,76.50,76.50,53,100
"Compare_File_1830",2,153,76.50,76.50,51,102
"Compare_File_370",2,153,76.50,76.50,68,85
"Compare_File_2620",2,153,76.50,76.50,53,100
"Compare_File_2021",2,153,76.50,76.50,54,99
"Compare_File_1669",2,153,76.50,76.50,71,82
"Compare_File_222",2,153,76.50,76.50,55,98
"Compare_File_82",2,153,76.50,76.50,64,89
"Compare_File_801",2,153,76.50,76.50,46,107
"Compare_File_546",2,153,76.50,76.50,47,106
"Compare_File_3723",2,153,76.50,76.50,57,96
"Compare_File_392",2,153,76.50,76.50,35,118
"Compare_File_2925",2,153,76.50,76.50,52,101
"Compare_File_1602",2,153,76.50,76.50,36,117
"Compare_File_311",2,153,76.50,76.50,29,124
"Compare_File_2984",2,153,76.50,76.50,50,103
"Compare_File_140",2,153,76.50,76.50,71,82
"Compare_File_1097",2,153,76.50,76.50,43,110
"Compare_File_3691",2,153,76.50,76.50,57,96
"Compare_File_218",2,153,76.50,76.50,48,105
"Compare_File_1137",2,153,76.50,76.50,69,84
"Compare_File_274",2,153,76.50,76.50,55,98
"Compare_File_2959",2,153,76.50,76.50,41,112
"Compare_File_1196",2,153,76.50,76.50,36,117
"Compare_File_1311",2,153,76.50,76.50,69,84
"Compare_File_1999",2,153,76.50,76.50,50,103
"Compare_File_1538",2,153,76.50,76.50,46,107
"Compare_File_2344",2,153,76.50,76.50,66,87
"Compare_File_2006",2,153,76.50,76.50,45,108
"Compare_File_1581",2,153,76.50,76.50,40,113
"Compare_File_1563",2,153,76.50,76.50,52,101
"Compare_File_2427",2,153,76.50,76.50,45,108
"Compare_File_2564",2,153,76.50,76.50,60,93
"Compare_File_603",2,153,76.50,76.50,56,97
"Compare_File_1537",2,152,76.00,76.00,52,100
"Compare_File_3812",2,152,76.00,76.00,46,106
"Compare_File_3507",2,152,76.00,76.00,49,103
"Compare_File_1621",2,152,76.00,76.00,58,94
"Compare_File_2961",2,152,76.00,76.00,53,99
"Compare_File_701",2,152,76.00,76.00,50,102
"Compare_File_662",2,152,76.00,76.00,72,80
"Compare_File_3095",2,152,76.00,76.00,44,108
"Compare_File_2060",2,152,76.00,76.00,61,91
"Compare_File_2273",2,152,76.00,76.00,35,117
"Compare_File_1814",2,152,76.00,76.00,53,99
"Compare_File_2994",2,152,76.00,76.00,48,104
"Compare_File_3654",2,152,76.00,76.00,59,93
"Compare_File_2085",2,152,76.00,76.00,49,103
"Compare_File_723",2,152,76.00,76.00,33,119
"Compare_File_430",2,152,76.00,76.00,49,103
"Compare_File_1044",2,152,76.00,76.00,47,105
"Compare_File_3230",2,152,76.00,76.00,48,104
"Compare_File_754",2,152,76.00,76.00,65,87
"Compare_File_476",2,152,76.00,76.00,32,120
"Compare_File_3510",2,152,76.00,76.00,50,102
"Compare_File_3808",2,152,76.00,76.00,56,96
"Compare_File_2412",2,152,76.00,76.00,44,108
"Compare_File_3694",2,152,76.00,76.00,58,94
"Compare_File_1958",2,152,76.00,76.00,60,92
"Compare_File_2381",2,152,76.00,76.00,37,115
"Compare_File_3225",2,152,76.00,76.00,53,99
"Compare_File_3732",2,152,76.00,76.00,40,112
"Compare_File_1147",2,152,76.00,76.00,36,116
"Compare_File_3805",2,152,76.00,76.00,41,111
"Compare_File_384",2,152,76.00,76.00,48,104
"Compare_File_3709",2,152,76.00,76.00,53,99
"Compare_File_3343",2,152,76.00,76.00,74,78
"Compare_File_433",2,152,76.00,76.00,53,99
"Compare_File_2803",2,152,76.00,76.00,52,100
"Compare_File_3975",2,152,76.00,76.00,51,101
"Compare_File_1567",2,152,76.00,76.00,70,82
"Compare_File_1719",2,152,76.00,76.00,40,112
"Compare_File_3990",2,152,76.00,76.00,44,108
"Compare_File_890",2,152,76.00,76.00,48,104
"Compare_File_921",2,152,76.00,76.00,34,118
"Compare_File_352",2,152,76.00,76.00,45,107
"Compare_File_3135",2,152,76.00,76.00,53,99
"Compare_File_2483",2,152,76.00,76.00,54,98
"Compare_File_2929",2,152,76.00,76.00,47,105
"Compare_File_2267",2,152,76.00,76.00,61,91
"Compare_File_736",2,152,76.00,76.00,35,117
"Compare_File_3378",2,152,76.00,76.00,58,94
"Compare_File_3893",2,151,75.50,75.50,50,101
"Compare_File_3164",2,151,75.50,75.50,50,101
"Compare_File_2000",2,151,75.50,75.50,48,103
"Compare_File_2784",2,151,75.50,75.50,50,101
"Compare_File_3337",2,151,75.50,75.50,60,91
"Compare_File_3109",2,151,75.50,75.50,51,100
"Compare_File_1192",2,151,75.50,75.50,41,110
"Compare_File_512",2,151,75.50,75.50,70,81
"Compare_File_1480",2,151,75.50,75.50,47,104
"Compare_File_249",2,151,75.50,75.50,28,123
"Compare_File_3101",2,151,75.50,75.50,47,104
"Compare_File_2368",2,151,75.50,75.50,50,101
"Compare_File_2056",2,151,75.50,75.50,50,101
"Compare_File_3820",2,151,75.50,75.50,48,103
"Compare_File_3221",2,151,75.50,75.50,32,119
"Compare_File_2272",2,151,75.50,75.50,58,93
"Compare_File_1687",2,151,75.50,75.50,49,102
"Compare_File_2543",2,151,75.50,75.50,39,112
"Compare_File_1033",2,151,75.50,75.50,29,122
"Compare_File_466",2,151,75.50,75.50,55,96
"Compare_File_105",2,151,75.50,75.50,68,83
"Compare_File_2038",2,151,75.50,75.50,48,103
"Compare_File_2127",2,151,75.50,75.50,42,109
"Compare_File_1590",2,151,75.50,75.50,58,93
"Compare_File_3506",2,151,75.50,75.50,47,104
"Compare_File_2339",2,151,75.50,75.50,39,112
"Compare_File_2592",2,151,75.50,75.50,72,79
"Compare_File_2153",2,151,75.50,75.50,46,105
"Compare_File_3613",2,151,75.50,75.50,48,103
"Compare_File_831",2,151,75.50,75.50,54,97
"Compare_File_3258",2,151,75.50,75.50,53,98
"Compare_File_1031",2,151,75.50,75.50,29,122
"Compare_File_176",2,151,75.50,75.50,49,102
"Compare_File_375",2,151,75.50,75.50,57,94
"Compare_File_3203",2,151,75.50,75.50,51,100
"Compare_File_2207",2,151,75.50,75.50,51,100
"Compare_File_1238",2,151,75.50,75.50,46,105
"Compare_File_3246",2,151,75.50,75.50,48,103
"Compare_File_903",2,151,75.50,75.50,39,112
"Compare_File_1047",2,151,75.50,75.50,47,104
"Compare_File_700",2,151,75.50,75.50,48,103
"Compare_File_1685",2,151,75.50,75.50,56,95
"Compare_File_621",2,151,75.50,75.50,73,78
"Compare_File_1795",2,151,75.50,75.50,56,95
"Compare_File_1256",2,151,75.50,75.50,50,101
"Compare_File_1475",2,151,75.50,75.50,42,109
"Compare_File_450",2,151,75.50,75.50,48,103
"Compare_File_812",2,151,75.50,75.50,45,106
"Compare_File_2549",2,150,75.00,75.00,47,103
"Compare_File_2345",2,150,75.00,75.00,47,103
"Compare_File_3314",2,150,75.00,75.00,38,112
"Compare_File_3073",2,150,75.00,75.00,55,95
"Compare_File_2635",2,150,75.00,75.00,46,104
"Compare_File_3569",2,150,75.00,75.00,48,102
"Compare_File_2795",2,150,75.00,75.00,56,94
"Compare_File_2406",2,150,75.00,75.00,45,105
"Compare_File_2093",2,150,75.00,75.00,59,91
"Compare_File_3548",2,150,75.00,75.00,65,85
"Compare_File_3770",2,150,75.00,75.00,44,106
"Compare_File_2120",2,150,75.00,75.00,65,85
"Compare_File_2394",2,150,75.00,75.00,46,104
"Compare_File_3852",2,150,75.00,75.00,60,90
"Compare_File_947",2,150,75.00,75.00,30,120
"Compare_File_3801",2,150,75.00,75.00,55,95
"Compare_File_3238",2,150,75.00,75.00,69,81
"Compare_File_3462",2,150,75.00,75.00,55,95
"Compare_File_1592",2,150,75.00,75.00,32,118
"Compare_File_726",2,150,75.00,75.00,33,117
"Compare_File_985",2,150,75.00,75.00,32,118
"Compare_File_3948",2,150,75.00,75.00,49,101
"Compare_File_543",2,150,75.00,75.00,45,105
"Compare_File_2338",2,150,75.00,75.00,52,98
"Compare_File_2558",2,150,75.00,75.00,50,100
"Compare_File_3048",2,150,75.00,75.00,58,92
"Compare_File_2018",2,150,75.00,75.00,49,101
"Compare_File_784",2,150,75.00,75.00,47,103
"Compare_File_803",2,150,75.00,75.00,32,118
"Compare_File_3873",2,150,75.00,75.00,40,110
"Compare_File_2061",2,150,75.00,75.00,62,88
"Compare_File_501",2,150,75.00,75.00,45,105
"Compare_File_130",2,150,75.00,75.00,37,113
"Compare_File_599",2,150,75.00,75.00,47,103
"Compare_File_2334",2,150,75.00,75.00,43,107
"Compare_File_3366",2,150,75.00,75.00,38,112
"Compare_File_2666",2,150,75.00,75.00,73,77
"Compare_File_973",2,150,75.00,75.00,40,110
"Compare_File_314",2,150,75.00,75.00,28,122
"Compare_File_2188",2,150,75.00,75.00,45,105
"Compare_File_2236",2,150,75.00,75.00,46,104
"Compare_File_1607",2,150,75.00,75.00,44,106
"Compare_File_2271",2,150,75.00,75.00,50,100
"Compare_File_2395",2,150,75.00,75.00,51,99
"Compare_File_2928",2,150,75.00,75.00,67,83
"Compare_File_1503",2,150,75.00,75.00,74,76
"Compare_File_3302",2,150,75.00,75.00,53,97
"Compare_File_2248",2,150,75.00,75.00,54,96
"Compare_File_455",2,150,75.00,75.00,43,107
"Compare_File_3076",2,150,75.00,75.00,58,92
"Compare_File_2645",2,150,75.00,75.00,42,108
"Compare_File_1450",2,150,75.00,75.00,49,101
"Compare_File_2216",2,150,75.00,75.00,45,105
"Compare_File_1312",2,150,75.00,75.00,54,96
"Compare_File_798",2,150,75.00,75.00,67,83
"Compare_File_3684",2,150,75.00,75.00,44,106
"Compare_File_2456",2,150,75.00,75.00,61,89
"Compare_File_2936",2,149,74.50,74.50,41,108
"Compare_File_623",2,149,74.50,74.50,69,80
"Compare_File_3646",2,149,74.50,74.50,42,107
"Compare_File_2309",2,149,74.50,74.50,44,105
"Compare_File_3235",2,149,74.50,74.50,51,98
"Compare_File_2531",2,149,74.50,74.50,52,97
"Compare_File_3039",2,149,74.50,74.50,50,99
"Compare_File_806",2,149,74.50,74.50,52,97
"Compare_File_1656",2,149,74.50,74.50,69,80
"Compare_File_1094",2,149,74.50,74.50,45,104
"Compare_File_2904",2,149,74.50,74.50,45,104
"Compare_File_1009",2,149,74.50,74.50,53,96
"Compare_File_3329",2,149,74.50,74.50,64,85
"Compare_File_2949",2,149,74.50,74.50,45,104
"Compare_File_2856",2,149,74.50,74.50,38,111
"Compare_File_3450",2,149,74.50,74.50,57,92
"Compare_File_2168",2,149,74.50,74.50,44,105
"Compare_File_2703",2,149,74.50,74.50,39,110
"Compare_File_1888",2,149,74.50,74.50,32,117
"Compare_File_3633",2,149,74.50,74.50,68,81
"Compare_File_574",2,149,74.50,74.50,57,92
"Compare_File_738",2,149,74.50,74.50,35,114
"Compare_File_1878",2,149,74.50,74.50,58,91
"Compare_File_1718",2,149,74.50,74.50,62,87
"Compare_File_3234",2,149,74.50,74.50,49,100
"Compare_File_2464",2,149,74.50,74.50,65,84
"Compare_File_2070",2,149,74.50,74.50,50,99
"Compare_File_1142",2,149,74.50,74.50,54,95
"Compare_File_888",2,149,74.50,74.50,37,112
"Compare_File_1215",2,149,74.50,74.50,44,105
"Compare_File_1936",2,149,74.50,74.50,65,84
"Compare_File_2005",2,149,74.50,74.50,47,102
"Compare_File_492",2,149,74.50,74.50,53,96
"Compare_File_2646",2,149,74.50,74.50,44,105
"Compare_File_3583",2,149,74.50,74.50,48,101
"Compare_File_341",2,149,74.50,74.50,30,119
"Compare_File_3208",2,149,74.50,74.50,51,98
"Compare_File_2553",2,149,74.50,74.50,51,98
"Compare_File_3715",2,149,74.50,74.50,51,98
"Compare_File_2089",2,149,74.50,74.50,44,105
"Compare_File_2097",2,149,74.50,74.50,52,97
"Compare_File_1604",2,149,74.50,74.50,34,115
"Compare_File_1035",2,148,74.00,74.00,43,105
"Compare_File_2405",2,148,74.00,74.00,49,99
"Compare_File_3879",2,148,74.00,74.00,57,91
"Compare_File_1632",2,148,74.00,74.00,43,105
"Compare_File_2360",2,148,74.00,74.00,57,91
"Compare_File_2773",2,148,74.00,74.00,65,83
"Compare_File_953",2,148,74.00,74.00,44,104
"Compare_File_1912",2,148,74.00,74.00,58,90
"Compare_File_956",2,148,74.00,74.00,46,102
"Compare_File_3240",2,148,74.00,74.00,59,89
"Compare_File_254",2,148,74.00,74.00,35,113
"Compare_File_1724",2,148,74.00,74.00,34,114
"Compare_File_210",2,148,74.00,74.00,74,74
"Compare_File_3638",2,148,74.00,74.00,58,90
"Compare_File_1558",2,148,74.00,74.00,44,104
"Compare_File_2534",2,148,74.00,74.00,63,85
"Compare_File_1918",2,148,74.00,74.00,49,99
"Compare_File_3000",2,148,74.00,74.00,43,105
"Compare_File_778",2,148,74.00,74.00,44,104
"Compare_File_3309",2,148,74.00,74.00,58,90
"Compare_File_2374",2,148,74.00,74.00,65,83
"Compare_File_2036",2,148,74.00,74.00,48,100
"Compare_File_2172",2,148,74.00,74.00,55,93
"Compare_File_1819",2,148,74.00,74.00,64,84
"Compare_File_905",2,148,74.00,74.00,40,108
"Compare_File_3120",2,148,74.00,74.00,48,100
"Compare_File_1280",2,148,74.00,74.00,67,81
"Compare_File_1905",2,148,74.00,74.00,45,103
"Compare_File_1041",2,148,74.00,74.00,61,87
"Compare_File_3676",2,148,74.00,74.00,50,98
"Compare_File_2214",2,148,74.00,74.00,41,107
"Compare_File_2574",2,148,74.00,74.00,58,90
"Compare_File_1034",2,148,74.00,74.00,41,107
"Compare_File_3306",2,148,74.00,74.00,41,107
"Compare_File_1744",2,148,74.00,74.00,41,107
"Compare_File_3788",2,148,74.00,74.00,45,103
"Compare_File_1657",2,148,74.00,74.00,63,85
"Compare_File_3956",2,148,74.00,74.00,50,98
"Compare_File_2274",2,148,74.00,74.00,51,97
"Compare_File_1410",2,148,74.00,74.00,46,102
"Compare_File_3252",2,148,74.00,74.00,47,101
"Compare_File_3330",2,148,74.00,74.00,60,88
"Compare_File_3703",2,148,74.00,74.00,48,100
"Compare_File_2167",2,148,74.00,74.00,58,90
"Compare_File_2572",2,148,74.00,74.00,60,88
"Compare_File_2429",2,148,74.00,74.00,46,102
"Compare_File_2871",2,148,74.00,74.00,63,85
"Compare_File_1638",2,148,74.00,74.00,36,112
"Compare_File_3016",2,148,74.00,74.00,47,101
"Compare_File_1484",2,148,74.00,74.00,47,101
"Compare_File_3443",2,148,74.00,74.00,54,94
"Compare_File_1758",2,148,74.00,74.00,71,77
"Compare_File_3334",2,148,74.00,74.00,71,77
"Compare_File_891",2,148,74.00,74.00,44,104
"Compare_File_2901",2,148,74.00,74.00,45,103
"Compare_File_771",2,148,74.00,74.00,61,87
"Compare_File_838",2,148,74.00,74.00,36,112
"Compare_File_83",2,147,73.50,73.50,45,102
"Compare_File_2019",2,147,73.50,73.50,44,103
"Compare_File_670",2,147,73.50,73.50,45,102
"Compare_File_2238",2,147,73.50,73.50,54,93
"Compare_File_3870",2,147,73.50,73.50,66,81
"Compare_File_2986",2,147,73.50,73.50,57,90
"Compare_File_1113",2,147,73.50,73.50,50,97
"Compare_File_979",2,147,73.50,73.50,46,101
"Compare_File_1036",2,147,73.50,73.50,33,114
"Compare_File_3639",2,147,73.50,73.50,69,78
"Compare_File_2706",2,147,73.50,73.50,58,89
"Compare_File_3663",2,147,73.50,73.50,46,101
"Compare_File_669",2,147,73.50,73.50,54,93
"Compare_File_2890",2,147,73.50,73.50,55,92
"Compare_File_1993",2,147,73.50,73.50,41,106
"Compare_File_2563",2,147,73.50,73.50,52,95
"Compare_File_183",2,147,73.50,73.50,48,99
"Compare_File_3142",2,147,73.50,73.50,54,93
"Compare_File_2860",2,147,73.50,73.50,65,82
"Compare_File_1045",2,147,73.50,73.50,53,94
"Compare_File_3697",2,147,73.50,73.50,49,98
"Compare_File_2782",2,147,73.50,73.50,55,92
"Compare_File_1794",2,147,73.50,73.50,50,97
"Compare_File_1464",2,147,73.50,73.50,59,88
"Compare_File_3291",2,147,73.50,73.50,59,88
"Compare_File_2380",2,147,73.50,73.50,56,91
"Compare_File_2367",2,147,73.50,73.50,56,91
"Compare_File_2388",2,147,73.50,73.50,43,104
"Compare_File_3040",2,147,73.50,73.50,37,110
"Compare_File_3455",2,147,73.50,73.50,48,99
"Compare_File_1892",2,147,73.50,73.50,48,99
"Compare_File_907",2,147,73.50,73.50,41,106
"Compare_File_1946",2,147,73.50,73.50,48,99
"Compare_File_451",2,147,73.50,73.50,63,84
"Compare_File_2934",2,147,73.50,73.50,45,102
"Compare_File_2159",2,147,73.50,73.50,36,111
"Compare_File_600",2,147,73.50,73.50,50,97
"Compare_File_2417",2,147,73.50,73.50,41,106
"Compare_File_1087",2,147,73.50,73.50,49,98
"Compare_File_2854",2,147,73.50,73.50,44,103
"Compare_File_3761",2,147,73.50,73.50,43,104
"Compare_File_298",2,147,73.50,73.50,45,102
"Compare_File_2138",2,147,73.50,73.50,42,105
"Compare_File_3831",2,147,73.50,73.50,38,109
"Compare_File_1427",2,147,73.50,73.50,42,105
"Compare_File_342",2,147,73.50,73.50,30,117
"Compare_File_1886",2,147,73.50,73.50,48,99
"Compare_File_1556",2,147,73.50,73.50,40,107
"Compare_File_3171",2,147,73.50,73.50,44,103
"Compare_File_3906",2,147,73.50,73.50,71,76
"Compare_File_2965",2,147,73.50,73.50,61,86
"Compare_File_1360",2,147,73.50,73.50,54,93
"Compare_File_1742",2,147,73.50,73.50,43,104
"Compare_File_2285",2,147,73.50,73.50,52,95
"Compare_File_863",2,147,73.50,73.50,37,110
"Compare_File_3255",2,147,73.50,73.50,59,88
"Compare_File_3677",2,147,73.50,73.50,55,92
"Compare_File_2734",2,147,73.50,73.50,52,95
"Compare_File_1431",2,147,73.50,73.50,55,92
"Compare_File_1040",2,146,73.00,73.00,66,80
"Compare_File_3535",2,146,73.00,73.00,36,110
"Compare_File_1584",2,146,73.00,73.00,50,96
"Compare_File_2987",2,146,73.00,73.00,38,108
"Compare_File_1597",2,146,73.00,73.00,49,97
"Compare_File_3843",2,146,73.00,73.00,63,83
"Compare_File_3317",2,146,73.00,73.00,50,96
"Compare_File_1086",2,146,73.00,73.00,44,102
"Compare_File_800",2,146,73.00,73.00,24,122
"Compare_File_3559",2,146,73.00,73.00,61,85
"Compare_File_1867",2,146,73.00,73.00,69,77
"Compare_File_2113",2,146,73.00,73.00,62,84
"Compare_File_349",2,146,73.00,73.00,36,110
"Compare_File_499",2,146,73.00,73.00,71,75
"Compare_File_1129",2,146,73.00,73.00,55,91
"Compare_File_1429",2,146,73.00,73.00,37,109
"Compare_File_2099",2,146,73.00,73.00,40,106
"Compare_File_2927",2,146,73.00,73.00,64,82
"Compare_File_2512",2,146,73.00,73.00,45,101
"Compare_File_3543",2,146,73.00,73.00,57,89
"Compare_File_2076",2,146,73.00,73.00,59,87
"Compare_File_747",2,146,73.00,73.00,43,103
"Compare_File_1110",2,146,73.00,73.00,53,93
"Compare_File_2378",2,146,73.00,73.00,35,111
"Compare_File_2445",2,146,73.00,73.00,51,95
"Compare_File_3001",2,146,73.00,73.00,45,101
"Compare_File_2401",2,146,73.00,73.00,49,97
"Compare_File_2130",2,146,73.00,73.00,44,102
"Compare_File_3772",2,146,73.00,73.00,58,88
"Compare_File_2028",2,146,73.00,73.00,35,111
"Compare_File_817",2,146,73.00,73.00,29,117
"Compare_File_924",2,146,73.00,73.00,35,111
"Compare_File_1891",2,146,73.00,73.00,34,112
"Compare_File_3978",2,146,73.00,73.00,57,89
"Compare_File_1969",2,146,73.00,73.00,59,87
"Compare_File_619",2,146,73.00,73.00,46,100
"Compare_File_3501",2,146,73.00,73.00,57,89
"Compare_File_3102",2,146,73.00,73.00,53,93
"Compare_File_2434",2,145,72.50,72.50,47,98
"Compare_File_3738",2,145,72.50,72.50,71,74
"Compare_File_335",2,145,72.50,72.50,32,113
"Compare_File_678",2,145,72.50,72.50,55,90
"Compare_File_2478",2,145,72.50,72.50,53,92
"Compare_File_538",2,145,72.50,72.50,56,89
"Compare_File_2487",2,145,72.50,72.50,49,96
"Compare_File_1837",2,145,72.50,72.50,63,82
"Compare_File_3155",2,145,72.50,72.50,54,91
"Compare_File_1052",2,145,72.50,72.50,54,91
"Compare_File_3771",2,145,72.50,72.50,51,94
"Compare_File_911",2,145,72.50,72.50,28,117
"Compare_File_628",2,145,72.50,72.50,53,92
"Compare_File_3556",2,145,72.50,72.50,55,90
"Compare_File_3741",2,145,72.50,72.50,72,73
"Compare_File_1528",2,145,72.50,72.50,67,78
"Compare_File_871",2,145,72.50,72.50,51,94
"Compare_File_378",2,145,72.50,72.50,61,84
"Compare_File_2578",2,145,72.50,72.50,56,89
"Compare_File_2094",2,145,72.50,72.50,47,98
"Compare_File_2541",2,145,72.50,72.50,48,97
"Compare_File_2865",2,145,72.50,72.50,61,84
"Compare_File_3615",2,145,72.50,72.50,59,86
"Compare_File_229",2,145,72.50,72.50,43,102
"Compare_File_2186",2,145,72.50,72.50,50,95
"Compare_File_3363",2,145,72.50,72.50,46,99
"Compare_File_2451",2,145,72.50,72.50,53,92
"Compare_File_2919",2,145,72.50,72.50,41,104
"Compare_File_3701",2,145,72.50,72.50,49,96
"Compare_File_2943",2,145,72.50,72.50,47,98
"Compare_File_3270",2,145,72.50,72.50,50,95
"Compare_File_1553",2,145,72.50,72.50,66,79
"Compare_File_3397",2,145,72.50,72.50,47,98
"Compare_File_775",2,145,72.50,72.50,50,95
"Compare_File_3981",2,145,72.50,72.50,55,90
"Compare_File_1771",2,145,72.50,72.50,43,102
"Compare_File_2995",2,145,72.50,72.50,42,103
"Compare_File_3839",2,145,72.50,72.50,57,88
"Compare_File_2921",2,145,72.50,72.50,52,93
"Compare_File_3686",2,145,72.50,72.50,52,93
"Compare_File_637",2,145,72.50,72.50,36,109
"Compare_File_3078",2,145,72.50,72.50,43,102
"Compare_File_248",2,145,72.50,72.50,27,118
"Compare_File_2807",2,145,72.50,72.50,44,101
"Compare_File_1728",2,145,72.50,72.50,44,101
"Compare_File_1633",2,144,72.00,72.00,41,103
"Compare_File_179",2,144,72.00,72.00,46,98
"Compare_File_2209",2,144,72.00,72.00,43,101
"Compare_File_1519",2,144,72.00,72.00,69,75
"Compare_File_3118",2,144,72.00,72.00,44,100
"Compare_File_737",2,144,72.00,72.00,36,108
"Compare_File_138",2,144,72.00,72.00,25,119
"Compare_File_1419",2,144,72.00,72.00,58,86
"Compare_File_1910",2,144,72.00,72.00,39,105
"Compare_File_2481",2,144,72.00,72.00,58,86
"Compare_File_1911",2,144,72.00,72.00,49,95
"Compare_File_534",2,144,72.00,72.00,45,99
"Compare_File_2144",2,144,72.00,72.00,54,90
"Compare_File_3360",2,144,72.00,72.00,57,87
"Compare_File_790",2,144,72.00,72.00,42,102
"Compare_File_3889",2,144,72.00,72.00,48,96
"Compare_File_1605",2,144,72.00,72.00,47,97
"Compare_File_772",2,144,72.00,72.00,67,77
"Compare_File_2609",2,144,72.00,72.00,44,100
"Compare_File_3133",2,144,72.00,72.00,66,78
"Compare_File_1452",2,144,72.00,72.00,58,86
"Compare_File_792",2,144,72.00,72.00,43,101
"Compare_File_3481",2,144,72.00,72.00,65,79
"Compare_File_3348",2,144,72.00,72.00,45,99
"Compare_File_1242",2,144,72.00,72.00,54,90
"Compare_File_1224",2,144,72.00,72.00,59,85
"Compare_File_280",2,144,72.00,72.00,26,118
"Compare_File_1020",2,144,72.00,72.00,35,109
"Compare_File_2899",2,144,72.00,72.00,60,84
"Compare_File_2649",2,144,72.00,72.00,40,104
"Compare_File_862",2,144,72.00,72.00,41,103
"Compare_File_2622",2,144,72.00,72.00,41,103
"Compare_File_1654",2,144,72.00,72.00,56,88
"Compare_File_3735",2,144,72.00,72.00,70,74
"Compare_File_3152",2,144,72.00,72.00,38,106
"Compare_File_689",2,144,72.00,72.00,61,83
"Compare_File_1547",2,144,72.00,72.00,40,104
"Compare_File_456",2,144,72.00,72.00,49,95
"Compare_File_1098",2,144,72.00,72.00,41,103
"Compare_File_2118",2,144,72.00,72.00,55,89
"Compare_File_699",2,144,72.00,72.00,47,97
"Compare_File_1003",2,144,72.00,72.00,51,93
"Compare_File_1150",2,144,72.00,72.00,38,106
"Compare_File_553",2,143,71.50,71.50,65,78
"Compare_File_2968",2,143,71.50,71.50,55,88
"Compare_File_1351",2,143,71.50,71.50,56,87
"Compare_File_2003",2,143,71.50,71.50,52,91
"Compare_File_1956",2,143,71.50,71.50,47,96
"Compare_File_2046",2,143,71.50,71.50,49,94
"Compare_File_1366",2,143,71.50,71.50,59,84
"Compare_File_407",2,143,71.50,71.50,36,107
"Compare_File_2518",2,143,71.50,71.50,47,96
"Compare_File_1763",2,143,71.50,71.50,65,78
"Compare_File_263",2,143,71.50,71.50,30,113
"Compare_File_622",2,143,71.50,71.50,68,75
"Compare_File_2532",2,143,71.50,71.50,46,97
"Compare_File_3024",2,143,71.50,71.50,60,83
"Compare_File_460",2,143,71.50,71.50,49,94
"Compare_File_2942",2,143,71.50,71.50,52,91
"Compare_File_242",2,143,71.50,71.50,27,116
"Compare_File_1062",2,143,71.50,71.50,57,86
"Compare_File_3982",2,143,71.50,71.50,54,89
"Compare_File_2440",2,143,71.50,71.50,51,92
"Compare_File_712",2,143,71.50,71.50,52,91
"Compare_File_1959",2,143,71.50,71.50,65,78
"Compare_File_1885",2,143,71.50,71.50,46,97
"Compare_File_2090",2,143,71.50,71.50,48,95
"Compare_File_1014",2,143,71.50,71.50,47,96
"Compare_File_3338",2,143,71.50,71.50,70,73
"Compare_File_3558",2,143,71.50,71.50,56,87
"Compare_File_1088",2,143,71.50,71.50,52,91
"Compare_File_2892",2,143,71.50,71.50,52,91
"Compare_File_2781",2,143,71.50,71.50,58,85
"Compare_File_3116",2,143,71.50,71.50,35,108
"Compare_File_1526",2,143,71.50,71.50,50,93
"Compare_File_1800",2,143,71.50,71.50,37,106
"Compare_File_2548",2,143,71.50,71.50,52,91
"Compare_File_359",2,143,71.50,71.50,35,108
"Compare_File_307",2,142,71.00,71.00,29,113
"Compare_File_1048",2,142,71.00,71.00,57,85
"Compare_File_1932",2,142,71.00,71.00,64,78
"Compare_File_727",2,142,71.00,71.00,43,99
"Compare_File_2066",2,142,71.00,71.00,53,89
"Compare_File_1982",2,142,71.00,71.00,50,92
"Compare_File_2844",2,142,71.00,71.00,57,85
"Compare_File_2721",2,142,71.00,71.00,47,95
"Compare_File_3233",2,142,71.00,71.00,54,88
"Compare_File_2012",2,142,71.00,71.00,47,95
"Compare_File_3170",2,142,71.00,71.00,34,108
"Compare_File_3610",2,142,71.00,71.00,51,91
"Compare_File_2004",2,142,71.00,71.00,43,99
"Compare_File_3714",2,142,71.00,71.00,47,95
"Compare_File_3800",2,142,71.00,71.00,59,83
"Compare_File_3795",2,142,71.00,71.00,40,102
"Compare_File_3269",2,142,71.00,71.00,44,98
"Compare_File_1899",2,142,71.00,71.00,51,91
"Compare_File_1997",2,142,71.00,71.00,38,104
"Compare_File_2806",2,142,71.00,71.00,57,85
"Compare_File_1573",2,142,71.00,71.00,57,85
"Compare_File_1050",2,142,71.00,71.00,48,94
"Compare_File_3482",2,142,71.00,71.00,42,100
"Compare_File_2958",2,142,71.00,71.00,40,102
"Compare_File_2650",2,142,71.00,71.00,53,89
"Compare_File_235",2,142,71.00,71.00,64,78
"Compare_File_1762",2,142,71.00,71.00,39,103
"Compare_File_2428",2,142,71.00,71.00,39,103
"Compare_File_3512",2,142,71.00,71.00,57,85
"Compare_File_2349",2,142,71.00,71.00,49,93
"Compare_File_2535",2,142,71.00,71.00,42,100
"Compare_File_673",2,142,71.00,71.00,32,110
"Compare_File_2789",2,142,71.00,71.00,47,95
"Compare_File_2259",2,142,71.00,71.00,60,82
"Compare_File_1275",2,142,71.00,71.00,64,78
"Compare_File_3634",2,142,71.00,71.00,58,84
"Compare_File_533",2,142,71.00,71.00,44,98
"Compare_File_2725",2,142,71.00,71.00,43,99
"Compare_File_1774",2,141,70.50,70.50,44,97
"Compare_File_2636",2,141,70.50,70.50,58,83
"Compare_File_2232",2,141,70.50,70.50,59,82
"Compare_File_3103",2,141,70.50,70.50,57,84
"Compare_File_1915",2,141,70.50,70.50,35,106
"Compare_File_2495",2,141,70.50,70.50,44,97
"Compare_File_2822",2,141,70.50,70.50,46,95
"Compare_File_3815",2,141,70.50,70.50,46,95
"Compare_File_1895",2,141,70.50,70.50,49,92
"Compare_File_2728",2,141,70.50,70.50,45,96
"Compare_File_877",2,141,70.50,70.50,34,107
"Compare_File_2967",2,141,70.50,70.50,60,81
"Compare_File_557",2,141,70.50,70.50,61,80
"Compare_File_1179",2,141,70.50,70.50,63,78
"Compare_File_1479",2,141,70.50,70.50,37,104
"Compare_File_3055",2,141,70.50,70.50,43,98
"Compare_File_2788",2,141,70.50,70.50,47,94
"Compare_File_3226",2,141,70.50,70.50,51,90
"Compare_File_1818",2,141,70.50,70.50,52,89
"Compare_File_720",2,141,70.50,70.50,33,108
"Compare_File_964",2,141,70.50,70.50,56,85
"Compare_File_2436",2,141,70.50,70.50,48,93
"Compare_File_1180",2,141,70.50,70.50,41,100
"Compare_File_1983",2,141,70.50,70.50,43,98
"Compare_File_2443",2,141,70.50,70.50,61,80
"Compare_File_794",2,141,70.50,70.50,46,95
"Compare_File_2764",2,141,70.50,70.50,48,93
"Compare_File_329",2,141,70.50,70.50,42,99
"Compare_File_2062",2,141,70.50,70.50,48,93
"Compare_File_3214",2,141,70.50,70.50,46,95
"Compare_File_2879",2,141,70.50,70.50,47,94
"Compare_File_2568",2,141,70.50,70.50,60,81
"Compare_File_3318",2,141,70.50,70.50,53,88
"Compare_File_2992",2,141,70.50,70.50,48,93
"Compare_File_3794",2,141,70.50,70.50,51,90
"Compare_File_1398",2,141,70.50,70.50,56,85
"Compare_File_3494",2,141,70.50,70.50,50,91
"Compare_File_3464",2,141,70.50,70.50,54,87
"Compare_File_2713",2,141,70.50,70.50,43,98
"Compare_File_696",2,140,70.00,70.00,39,101
"Compare_File_2098",2,140,70.00,70.00,57,83
"Compare_File_2618",2,140,70.00,70.00,47,93
"Compare_File_1190",2,140,70.00,70.00,42,98
"Compare_File_3321",2,140,70.00,70.00,50,90
"Compare_File_1712",2,140,70.00,70.00,47,93
"Compare_File_1644",2,140,70.00,70.00,45,95
"Compare_File_1865",2,140,70.00,70.00,67,73
"Compare_File_3137",2,140,70.00,70.00,51,89
"Compare_File_1831",2,140,70.00,70.00,47,93
"Compare_File_1001",2,140,70.00,70.00,51,89
"Compare_File_2621",2,140,70.00,70.00,40,100
"Compare_File_2570",2,140,70.00,70.00,64,76
"Compare_File_2432",2,140,70.00,70.00,42,98
"Compare_File_761",2,140,70.00,70.00,22,118
"Compare_File_1013",2,140,70.00,70.00,44,96
"Compare_File_107",2,140,70.00,70.00,48,92
"Compare_File_2148",2,140,70.00,70.00,39,101
"Compare_File_900",2,140,70.00,70.00,35,105
"Compare_File_1305",2,140,70.00,70.00,40,100
"Compare_File_1995",2,140,70.00,70.00,43,97
"Compare_File_680",2,140,70.00,70.00,55,85
"Compare_File_3364",2,140,70.00,70.00,48,92
"Compare_File_1683",2,140,70.00,70.00,46,94
"Compare_File_488",2,140,70.00,70.00,35,105
"Compare_File_1007",2,140,70.00,70.00,38,102
"Compare_File_540",2,140,70.00,70.00,55,85
"Compare_File_3446",2,140,70.00,70.00,40,100
"Compare_File_1233",2,140,70.00,70.00,46,94
"Compare_File_2452",2,140,70.00,70.00,52,88
"Compare_File_1067",2,140,70.00,70.00,39,101
"Compare_File_1937",2,140,70.00,70.00,33,107
"Compare_File_551",2,140,70.00,70.00,59,81
"Compare_File_3219",2,140,70.00,70.00,40,100
"Compare_File_237",2,140,70.00,70.00,25,115
"Compare_File_2240",2,140,70.00,70.00,38,102
"Compare_File_3319",2,140,70.00,70.00,38,102
"Compare_File_3508",2,140,70.00,70.00,37,103
"Compare_File_276",2,140,70.00,70.00,35,105
"Compare_File_1935",2,140,70.00,70.00,38,102
"Compare_File_3730",2,140,70.00,70.00,54,86
"Compare_File_2498",2,140,70.00,70.00,60,80
"Compare_File_1759",2,140,70.00,70.00,45,95
"Compare_File_486",2,140,70.00,70.00,64,76
"Compare_File_3905",2,139,69.50,69.50,51,88
"Compare_File_2662",2,139,69.50,69.50,65,74
"Compare_File_811",2,139,69.50,69.50,42,97
"Compare_File_3373",2,139,69.50,69.50,52,87
"Compare_File_3733",2,139,69.50,69.50,62,77
"Compare_File_3476",2,139,69.50,69.50,42,97
"Compare_File_2128",2,139,69.50,69.50,52,87
"Compare_File_1119",2,139,69.50,69.50,51,88
"Compare_File_1601",2,139,69.50,69.50,57,82
"Compare_File_3169",2,139,69.50,69.50,43,96
"Compare_File_1579",2,139,69.50,69.50,48,91
"Compare_File_2615",2,139,69.50,69.50,39,100
"Compare_File_816",2,139,69.50,69.50,33,106
"Compare_File_269",2,139,69.50,69.50,21,118
"Compare_File_1136",2,139,69.50,69.50,58,81
"Compare_File_653",2,139,69.50,69.50,38,101
"Compare_File_332",2,139,69.50,69.50,57,82
"Compare_File_1331",2,139,69.50,69.50,55,84
"Compare_File_3643",2,139,69.50,69.50,40,99
"Compare_File_2790",2,139,69.50,69.50,55,84
"Compare_File_612",2,139,69.50,69.50,40,99
"Compare_File_2438",2,139,69.50,69.50,44,95
"Compare_File_1135",2,139,69.50,69.50,68,71
"Compare_File_1749",2,139,69.50,69.50,40,99
"Compare_File_2446",2,139,69.50,69.50,56,83
"Compare_File_2086",2,139,69.50,69.50,45,94
"Compare_File_2637",2,139,69.50,69.50,49,90
"Compare_File_1255",2,139,69.50,69.50,58,81
"Compare_File_3195",2,139,69.50,69.50,48,91
"Compare_File_1914",2,139,69.50,69.50,46,93
"Compare_File_1401",2,139,69.50,69.50,48,91
"Compare_File_2906",2,139,69.50,69.50,50,89
"Compare_File_2896",2,139,69.50,69.50,35,104
"Compare_File_573",2,139,69.50,69.50,60,79
"Compare_File_3782",2,139,69.50,69.50,34,105
"Compare_File_1039",2,139,69.50,69.50,39,100
"Compare_File_1387",2,139,69.50,69.50,36,103
"Compare_File_1126",2,139,69.50,69.50,51,88
"Compare_File_2922",2,139,69.50,69.50,46,93
"Compare_File_3205",2,139,69.50,69.50,43,96
"Compare_File_3460",2,139,69.50,69.50,51,88
"Compare_File_742",2,139,69.50,69.50,53,86
"Compare_File_2614",2,139,69.50,69.50,55,84
"Compare_File_1829",2,139,69.50,69.50,33,106
"Compare_File_1502",2,139,69.50,69.50,31,108
"Compare_File_2587",2,139,69.50,69.50,68,71
"Compare_File_1784",2,139,69.50,69.50,61,78
"Compare_File_716",2,139,69.50,69.50,61,78
"Compare_File_2224",2,139,69.50,69.50,44,95
"Compare_File_1968",2,139,69.50,69.50,50,89
"Compare_File_305",2,139,69.50,69.50,38,101
"Compare_File_3083",2,139,69.50,69.50,52,87
"Compare_File_2396",2,139,69.50,69.50,67,72
"Compare_File_265",2,139,69.50,69.50,42,97
"Compare_File_1883",2,139,69.50,69.50,57,82
"Compare_File_2233",2,139,69.50,69.50,59,80
"Compare_File_569",2,139,69.50,69.50,34,105
"Compare_File_1941",2,138,69.00,69.00,49,89
"Compare_File_1923",2,138,69.00,69.00,53,85
"Compare_File_2547",2,138,69.00,69.00,49,89
"Compare_File_2705",2,138,69.00,69.00,43,95
"Compare_File_2407",2,138,69.00,69.00,48,90
"Compare_File_2642",2,138,69.00,69.00,50,88
"Compare_File_1613",2,138,69.00,69.00,46,92
"Compare_File_813",2,138,69.00,69.00,47,91
"Compare_File_348",2,138,69.00,69.00,31,107
"Compare_File_3807",2,138,69.00,69.00,38,100
"Compare_File_1842",2,138,69.00,69.00,61,77
"Compare_File_3019",2,138,69.00,69.00,46,92
"Compare_File_1520",2,138,69.00,69.00,69,69
"Compare_File_922",2,138,69.00,69.00,27,111
"Compare_File_3143",2,138,69.00,69.00,38,100
"Compare_File_2632",2,138,69.00,69.00,40,98
"Compare_File_1214",2,138,69.00,69.00,45,93
"Compare_File_1289",2,138,69.00,69.00,47,91
"Compare_File_351",2,138,69.00,69.00,28,110
"Compare_File_1500",2,138,69.00,69.00,53,85
"Compare_File_2252",2,138,69.00,69.00,51,87
"Compare_File_2628",2,138,69.00,69.00,39,99
"Compare_File_2173",2,138,69.00,69.00,53,85
"Compare_File_2853",2,138,69.00,69.00,51,87
"Compare_File_2990",2,138,69.00,69.00,39,99
"Compare_File_2533",2,138,69.00,69.00,46,92
"Compare_File_1797",2,138,69.00,69.00,41,97
"Compare_File_2219",2,138,69.00,69.00,59,79
"Compare_File_1992",2,138,69.00,69.00,43,95
"Compare_File_1425",2,138,69.00,69.00,35,103
"Compare_File_3910",2,138,69.00,69.00,53,85
"Compare_File_2905",2,138,69.00,69.00,48,90
"Compare_File_3699",2,138,69.00,69.00,47,91
"Compare_File_2373",2,138,69.00,69.00,51,87
"Compare_File_3044",2,138,69.00,69.00,48,90
"Compare_File_3785",2,138,69.00,69.00,30,108
"Compare_File_2235",2,138,69.00,69.00,45,93
"Compare_File_665",2,138,69.00,69.00,36,102
"Compare_File_525",2,138,69.00,69.00,52,86
"Compare_File_2011",2,137,68.50,68.50,46,91
"Compare_File_651",2,137,68.50,68.50,54,83
"Compare_File_2716",2,137,68.50,68.50,56,81
"Compare_File_3945",2,137,68.50,68.50,50,87
"Compare_File_3106",2,137,68.50,68.50,47,90
"Compare_File_3294",2,137,68.50,68.50,54,83
"Compare_File_2708",2,137,68.50,68.50,45,92
"Compare_File_3011",2,137,68.50,68.50,61,76
"Compare_File_1404",2,137,68.50,68.50,57,80
"Compare_File_914",2,137,68.50,68.50,43,94
"Compare_File_3904",2,137,68.50,68.50,42,95
"Compare_File_2284",2,137,68.50,68.50,49,88
"Compare_File_3932",2,137,68.50,68.50,60,77
"Compare_File_3949",2,137,68.50,68.50,55,82
"Compare_File_3708",2,137,68.50,68.50,52,85
"Compare_File_2811",2,137,68.50,68.50,52,85
"Compare_File_1297",2,137,68.50,68.50,31,106
"Compare_File_2370",2,137,68.50,68.50,53,84
"Compare_File_3756",2,137,68.50,68.50,67,70
"Compare_File_1221",2,137,68.50,68.50,43,94
"Compare_File_2260",2,137,68.50,68.50,56,81
"Compare_File_2902",2,137,68.50,68.50,39,98
"Compare_File_2870",2,137,68.50,68.50,58,79
"Compare_File_3669",2,137,68.50,68.50,58,79
"Compare_File_744",2,137,68.50,68.50,28,109
"Compare_File_996",2,137,68.50,68.50,48,89
"Compare_File_2181",2,137,68.50,68.50,43,94
"Compare_File_1679",2,137,68.50,68.50,40,97
"Compare_File_3167",2,137,68.50,68.50,45,92
"Compare_File_3138",2,137,68.50,68.50,51,86
"Compare_File_3452",2,136,68.00,68.00,46,90
"Compare_File_3614",2,136,68.00,68.00,44,92
"Compare_File_2308",2,136,68.00,68.00,62,74
"Compare_File_346",2,136,68.00,68.00,34,102
"Compare_File_2610",2,136,68.00,68.00,41,95
"Compare_File_267",2,136,68.00,68.00,38,98
"Compare_File_3491",2,136,68.00,68.00,28,108
"Compare_File_1849",2,136,68.00,68.00,52,84
"Compare_File_1241",2,136,68.00,68.00,49,87
"Compare_File_2808",2,136,68.00,68.00,47,89
"Compare_File_2226",2,136,68.00,68.00,50,86
"Compare_File_2796",2,136,68.00,68.00,53,83
"Compare_File_3858",2,136,68.00,68.00,55,81
"Compare_File_3960",2,136,68.00,68.00,51,85
"Compare_File_3547",2,136,68.00,68.00,59,77
"Compare_File_279",2,136,68.00,68.00,21,115
"Compare_File_3478",2,136,68.00,68.00,55,81
"Compare_File_2072",2,136,68.00,68.00,46,90
"Compare_File_749",2,136,68.00,68.00,40,96
"Compare_File_655",2,136,68.00,68.00,37,99
"Compare_File_1010",2,136,68.00,68.00,43,93
"Compare_File_2343",2,136,68.00,68.00,32,104
"Compare_File_2944",2,136,68.00,68.00,49,87
"Compare_File_2626",2,136,68.00,68.00,42,94
"Compare_File_1058",2,136,68.00,68.00,37,99
"Compare_File_1109",2,136,68.00,68.00,42,94
"Compare_File_1631",2,136,68.00,68.00,45,91
"Compare_File_2513",2,136,68.00,68.00,42,94
"Compare_File_2810",2,136,68.00,68.00,46,90
"Compare_File_322",2,136,68.00,68.00,52,84
"Compare_File_472",2,136,68.00,68.00,60,76
"Compare_File_1630",2,136,68.00,68.00,44,92
"Compare_File_607",2,136,68.00,68.00,61,75
"Compare_File_965",2,136,68.00,68.00,50,86
"Compare_File_3404",2,136,68.00,68.00,61,75
"Compare_File_2710",2,136,68.00,68.00,41,95
"Compare_File_1889",2,136,68.00,68.00,50,86
"Compare_File_2988",2,136,68.00,68.00,44,92
"Compare_File_954",2,135,67.50,67.50,43,92
"Compare_File_1534",2,135,67.50,67.50,45,90
"Compare_File_997",2,135,67.50,67.50,48,87
"Compare_File_3193",2,135,67.50,67.50,43,92
"Compare_File_2414",2,135,67.50,67.50,48,87
"Compare_File_3387",2,135,67.50,67.50,60,75
"Compare_File_504",2,135,67.50,67.50,38,97
"Compare_File_3461",2,135,67.50,67.50,41,94
"Compare_File_2883",2,135,67.50,67.50,54,81
"Compare_File_365",2,135,67.50,67.50,45,90
"Compare_File_2941",2,135,67.50,67.50,44,91
"Compare_File_2035",2,135,67.50,67.50,37,98
"Compare_File_3901",2,135,67.50,67.50,44,91
"Compare_File_2985",2,135,67.50,67.50,43,92
"Compare_File_796",2,135,67.50,67.50,30,105
"Compare_File_1354",2,135,67.50,67.50,58,77
"Compare_File_994",2,135,67.50,67.50,44,91
"Compare_File_1757",2,135,67.50,67.50,60,75
"Compare_File_3750",2,135,67.50,67.50,55,80
"Compare_File_3449",2,135,67.50,67.50,54,81
"Compare_File_1653",2,135,67.50,67.50,49,86
"Compare_File_2199",2,135,67.50,67.50,42,93
"Compare_File_2145",2,135,67.50,67.50,46,89
"Compare_File_1743",2,135,67.50,67.50,52,83
"Compare_File_873",2,135,67.50,67.50,32,103
"Compare_File_980",2,135,67.50,67.50,43,92
"Compare_File_3012",2,135,67.50,67.50,45,90
"Compare_File_613",2,135,67.50,67.50,43,92
"Compare_File_2772",2,135,67.50,67.50,52,83
"Compare_File_2606",2,135,67.50,67.50,29,106
"Compare_File_345",2,135,67.50,67.50,34,101
"Compare_File_896",2,135,67.50,67.50,37,98
"Compare_File_1569",2,135,67.50,67.50,50,85
"Compare_File_3145",2,135,67.50,67.50,43,92
"Compare_File_3111",2,135,67.50,67.50,42,93
"Compare_File_347",2,135,67.50,67.50,25,110
"Compare_File_2384",2,135,67.50,67.50,43,92
"Compare_File_646",2,135,67.50,67.50,64,71
"Compare_File_3228",2,135,67.50,67.50,49,86
"Compare_File_741",2,135,67.50,67.50,41,94
"Compare_File_1473",2,135,67.50,67.50,45,90
"Compare_File_2402",2,135,67.50,67.50,37,98
"Compare_File_1226",2,134,67.00,67.00,36,98
"Compare_File_1496",2,134,67.00,67.00,42,92
"Compare_File_1967",2,134,67.00,67.00,43,91
"Compare_File_1237",2,134,67.00,67.00,51,83
"Compare_File_774",2,134,67.00,67.00,47,87
"Compare_File_3902",2,134,67.00,67.00,44,90
"Compare_File_2999",2,134,67.00,67.00,37,97
"Compare_File_555",2,134,67.00,67.00,60,74
"Compare_File_633",2,134,67.00,67.00,42,92
"Compare_File_3490",2,134,67.00,67.00,50,84
"Compare_File_1258",2,134,67.00,67.00,43,91
"Compare_File_1626",2,134,67.00,67.00,37,97
"Compare_File_1761",2,134,67.00,67.00,39,95
"Compare_File_3991",2,134,67.00,67.00,50,84
"Compare_File_1625",2,134,67.00,67.00,58,76
"Compare_File_827",2,134,67.00,67.00,51,83
"Compare_File_3581",2,134,67.00,67.00,59,75
"Compare_File_1501",2,134,67.00,67.00,51,83
"Compare_File_3787",2,134,67.00,67.00,42,92
"Compare_File_1588",2,134,67.00,67.00,40,94
"Compare_File_2485",2,134,67.00,67.00,48,86
"Compare_File_3351",2,134,67.00,67.00,44,90
"Compare_File_2325",2,134,67.00,67.00,50,84
"Compare_File_1006",2,134,67.00,67.00,51,83
"Compare_File_2416",2,134,67.00,67.00,45,89
"Compare_File_3239",2,134,67.00,67.00,53,81
"Compare_File_734",2,134,67.00,67.00,42,92
"Compare_File_3091",2,134,67.00,67.00,57,77
"Compare_File_1726",2,134,67.00,67.00,38,96
"Compare_File_897",2,134,67.00,67.00,53,81
"Compare_File_1779",2,134,67.00,67.00,32,102
"Compare_File_2798",2,134,67.00,67.00,54,80
"Compare_File_1060",2,134,67.00,67.00,39,95
"Compare_File_995",2,134,67.00,67.00,46,88
"Compare_File_2080",2,133,66.50,66.50,45,88
"Compare_File_3156",2,133,66.50,66.50,39,94
"Compare_File_1253",2,133,66.50,66.50,49,84
"Compare_File_2391",2,133,66.50,66.50,43,90
"Compare_File_2891",2,133,66.50,66.50,35,98
"Compare_File_684",2,133,66.50,66.50,36,97
"Compare_File_106",2,133,66.50,66.50,63,70
"Compare_File_1107",2,133,66.50,66.50,59,74
"Compare_File_2938",2,133,66.50,66.50,55,78
"Compare_File_116",2,133,66.50,66.50,23,110
"Compare_File_2258",2,133,66.50,66.50,42,91
"Compare_File_769",2,133,66.50,66.50,44,89
"Compare_File_2460",2,133,66.50,66.50,40,93
"Compare_File_3261",2,133,66.50,66.50,59,74
"Compare_File_2283",2,133,66.50,66.50,58,75
"Compare_File_2690",2,133,66.50,66.50,45,88
"Compare_File_3015",2,133,66.50,66.50,55,78
"Compare_File_3113",2,133,66.50,66.50,55,78
"Compare_File_2486",2,133,66.50,66.50,47,86
"Compare_File_1798",2,133,66.50,66.50,49,84
"Compare_File_3064",2,133,66.50,66.50,46,87
"Compare_File_3471",2,133,66.50,66.50,59,74
"Compare_File_2092",2,133,66.50,66.50,48,85
"Compare_File_2115",2,133,66.50,66.50,38,95
"Compare_File_2797",2,133,66.50,66.50,41,92
"Compare_File_1308",2,133,66.50,66.50,64,69
"Compare_File_1426",2,133,66.50,66.50,34,99
"Compare_File_2681",2,133,66.50,66.50,42,91
"Compare_File_2251",2,133,66.50,66.50,50,83
"Compare_File_2515",2,133,66.50,66.50,47,86
"Compare_File_2492",2,132,66.00,66.00,58,74
"Compare_File_804",2,132,66.00,66.00,46,86
"Compare_File_1379",2,132,66.00,66.00,38,94
"Compare_File_2801",2,132,66.00,66.00,49,83
"Compare_File_3087",2,132,66.00,66.00,52,80
"Compare_File_732",2,132,66.00,66.00,40,92
"Compare_File_2210",2,132,66.00,66.00,55,77
"Compare_File_593",2,132,66.00,66.00,16,116
"Compare_File_1981",2,132,66.00,66.00,42,90
"Compare_File_770",2,132,66.00,66.00,44,88
"Compare_File_1381",2,132,66.00,66.00,47,85
"Compare_File_3503",2,132,66.00,66.00,56,76
"Compare_File_3495",2,132,66.00,66.00,46,86
"Compare_File_1077",2,132,66.00,66.00,43,89
"Compare_File_3324",2,132,66.00,66.00,62,70
"Compare_File_505",2,132,66.00,66.00,36,96
"Compare_File_544",2,132,66.00,66.00,43,89
"Compare_File_2223",2,132,66.00,66.00,40,92
"Compare_File_1494",2,132,66.00,66.00,45,87
"Compare_File_1529",2,132,66.00,66.00,50,82
"Compare_File_913",2,132,66.00,66.00,43,89
"Compare_File_315",2,132,66.00,66.00,43,89
"Compare_File_3855",2,132,66.00,66.00,48,84
"Compare_File_2724",2,132,66.00,66.00,45,87
"Compare_File_2205",2,132,66.00,66.00,55,77
"Compare_File_2926",2,132,66.00,66.00,51,81
"Compare_File_1917",2,132,66.00,66.00,58,74
"Compare_File_2322",2,132,66.00,66.00,50,82
"Compare_File_2001",2,132,66.00,66.00,42,90
"Compare_File_3589",2,132,66.00,66.00,57,75
"Compare_File_3327",2,132,66.00,66.00,59,73
"Compare_File_1846",2,132,66.00,66.00,43,89
"Compare_File_641",2,132,66.00,66.00,34,98
"Compare_File_2830",2,132,66.00,66.00,43,89
"Compare_File_3198",2,132,66.00,66.00,55,77
"Compare_File_687",2,132,66.00,66.00,42,90
"Compare_File_1711",2,132,66.00,66.00,37,95
"Compare_File_2536",2,132,66.00,66.00,43,89
"Compare_File_3550",2,132,66.00,66.00,54,78
"Compare_File_1980",2,132,66.00,66.00,43,89
"Compare_File_3160",2,132,66.00,66.00,59,73
"Compare_File_1662",2,132,66.00,66.00,46,86
"Compare_File_869",2,132,66.00,66.00,46,86
"Compare_File_2189",2,132,66.00,66.00,46,86
"Compare_File_1952",2,132,66.00,66.00,33,99
"Compare_File_820",2,132,66.00,66.00,36,96
"Compare_File_2719",2,132,66.00,66.00,49,83
"Compare_File_1105",2,132,66.00,66.00,40,92
"Compare_File_2894",2,132,66.00,66.00,50,82
"Compare_File_1510",2,132,66.00,66.00,35,97
"Compare_File_3129",2,132,66.00,66.00,55,77
"Compare_File_3336",2,131,65.50,65.50,58,73
"Compare_File_915",2,131,65.50,65.50,52,79
"Compare_File_972",2,131,65.50,65.50,36,95
"Compare_File_1225",2,131,65.50,65.50,43,88
"Compare_File_886",2,131,65.50,65.50,61,70
"Compare_File_2068",2,131,65.50,65.50,43,88
"Compare_File_917",2,131,65.50,65.50,30,101
"Compare_File_3483",2,131,65.50,65.50,53,78
"Compare_File_3894",2,131,65.50,65.50,44,87
"Compare_File_1887",2,131,65.50,65.50,40,91
"Compare_File_2694",2,131,65.50,65.50,31,100
"Compare_File_1295",2,131,65.50,65.50,39,92
"Compare_File_3897",2,131,65.50,65.50,52,79
"Compare_File_2480",2,131,65.50,65.50,48,83
"Compare_File_2956",2,131,65.50,65.50,63,68
"Compare_File_1076",2,131,65.50,65.50,32,99
"Compare_File_3679",2,131,65.50,65.50,48,83
"Compare_File_3128",2,131,65.50,65.50,53,78
"Compare_File_2799",2,131,65.50,65.50,46,85
"Compare_File_1194",2,131,65.50,65.50,44,87
"Compare_File_449",2,131,65.50,65.50,47,84
"Compare_File_644",2,131,65.50,65.50,39,92
"Compare_File_3947",2,131,65.50,65.50,56,75
"Compare_File_2978",2,131,65.50,65.50,49,82
"Compare_File_2263",2,131,65.50,65.50,54,77
"Compare_File_101",2,131,65.50,65.50,50,81
"Compare_File_2917",2,131,65.50,65.50,51,80
"Compare_File_1611",2,131,65.50,65.50,44,87
"Compare_File_357",2,131,65.50,65.50,38,93
"Compare_File_1580",2,131,65.50,65.50,43,88
"Compare_File_2836",2,131,65.50,65.50,47,84
"Compare_File_2075",2,131,65.50,65.50,43,88
"Compare_File_2991",2,130,65.00,65.00,47,83
"Compare_File_441",2,130,65.00,65.00,27,103
"Compare_File_374",2,130,65.00,65.00,59,71
"Compare_File_1862",2,130,65.00,65.00,55,75
"Compare_File_2616",2,130,65.00,65.00,48,82
"Compare_File_661",2,130,65.00,65.00,41,89
"Compare_File_1628",2,130,65.00,65.00,41,89
"Compare_File_1064",2,130,65.00,65.00,35,95
"Compare_File_859",2,130,65.00,65.00,44,86
"Compare_File_446",2,130,65.00,65.00,50,80
"Compare_File_1220",2,130,65.00,65.00,44,86
"Compare_File_1845",2,130,65.00,65.00,39,91
"Compare_File_3117",2,130,65.00,65.00,52,78
"Compare_File_889",2,130,65.00,65.00,37,93
"Compare_File_1292",2,130,65.00,65.00,52,78
"Compare_File_390",2,130,65.00,65.00,59,71
"Compare_File_2136",2,130,65.00,65.00,46,84
"Compare_File_916",2,130,65.00,65.00,40,90
"Compare_File_3474",2,130,65.00,65.00,49,81
"Compare_File_1824",2,130,65.00,65.00,41,89
"Compare_File_756",2,130,65.00,65.00,40,90
"Compare_File_763",2,130,65.00,65.00,29,101
"Compare_File_2521",2,130,65.00,65.00,53,77
"Compare_File_3192",2,130,65.00,65.00,48,82
"Compare_File_1260",2,130,65.00,65.00,63,67
"Compare_File_216",2,130,65.00,65.00,61,69
"Compare_File_391",2,130,65.00,65.00,46,84
"Compare_File_2104",2,130,65.00,65.00,57,73
"Compare_File_1175",2,130,65.00,65.00,51,79
"Compare_File_2292",2,130,65.00,65.00,53,77
"Compare_File_1692",2,130,65.00,65.00,49,81
"Compare_File_785",2,130,65.00,65.00,43,87
"Compare_File_2516",2,130,65.00,65.00,43,87
"Compare_File_2631",2,130,65.00,65.00,56,74
"Compare_File_1554",2,130,65.00,65.00,44,86
"Compare_File_1696",2,130,65.00,65.00,57,73
"Compare_File_3588",2,130,65.00,65.00,55,75
"Compare_File_2638",2,130,65.00,65.00,40,90
"Compare_File_3797",2,129,64.50,64.50,53,76
"Compare_File_2726",2,129,64.50,64.50,51,78
"Compare_File_1596",2,129,64.50,64.50,43,86
"Compare_File_829",2,129,64.50,64.50,32,97
"Compare_File_1578",2,129,64.50,64.50,40,89
"Compare_File_3681",2,129,64.50,64.50,44,85
"Compare_File_2857",2,129,64.50,64.50,49,80
"Compare_File_3778",2,129,64.50,64.50,50,79
"Compare_File_2183",2,129,64.50,64.50,43,86
"Compare_File_3166",2,129,64.50,64.50,40,89
"Compare_File_733",2,129,64.50,64.50,32,97
"Compare_File_1104",2,129,64.50,64.50,47,82
"Compare_File_211",2,129,64.50,64.50,62,67
"Compare_File_2612",2,129,64.50,64.50,48,81
"Compare_File_1288",2,129,64.50,64.50,51,78
"Compare_File_2761",2,129,64.50,64.50,51,78
"Compare_File_275",2,129,64.50,64.50,30,99
"Compare_File_496",2,129,64.50,64.50,53,76
"Compare_File_1603",2,129,64.50,64.50,27,102
"Compare_File_1535",2,129,64.50,64.50,53,76
"Compare_File_1193",2,129,64.50,64.50,39,90
"Compare_File_1746",2,129,64.50,64.50,54,75
"Compare_File_3895",2,129,64.50,64.50,48,81
"Compare_File_1499",2,129,64.50,64.50,49,80
"Compare_File_1402",2,129,64.50,64.50,52,77
"Compare_File_1413",2,129,64.50,64.50,44,85
"Compare_File_3806",2,129,64.50,64.50,46,83
"Compare_File_1492",2,129,64.50,64.50,41,88
"Compare_File_1232",2,129,64.50,64.50,41,88
"Compare_File_313",2,129,64.50,64.50,24,105
"Compare_File_1187",2,129,64.50,64.50,43,86
"Compare_File_601",2,129,64.50,64.50,45,84
"Compare_File_640",2,129,64.50,64.50,37,92
"Compare_File_2499",2,129,64.50,64.50,45,84
"Compare_File_3159",2,129,64.50,64.50,56,73
"Compare_File_2042",2,129,64.50,64.50,39,90
"Compare_File_1046",2,129,64.50,64.50,45,84
"Compare_File_1716",2,129,64.50,64.50,32,97
"Compare_File_1825",2,128,64.00,64.00,38,90
"Compare_File_2875",2,128,64.00,64.00,48,80
"Compare_File_3744",2,128,64.00,64.00,58,70
"Compare_File_3767",2,128,64.00,64.00,42,86
"Compare_File_1629",2,128,64.00,64.00,32,96
"Compare_File_2299",2,128,64.00,64.00,42,86
"Compare_File_2969",2,128,64.00,64.00,49,79
"Compare_File_1199",2,128,64.00,64.00,47,81
"Compare_File_321",2,128,64.00,64.00,42,86
"Compare_File_2327",2,128,64.00,64.00,46,82
"Compare_File_1367",2,128,64.00,64.00,43,85
"Compare_File_2241",2,128,64.00,64.00,50,78
"Compare_File_3616",2,128,64.00,64.00,34,94
"Compare_File_874",2,128,64.00,64.00,38,90
"Compare_File_2493",2,128,64.00,64.00,42,86
"Compare_File_779",2,128,64.00,64.00,49,79
"Compare_File_257",2,128,64.00,64.00,24,104
"Compare_File_1477",2,128,64.00,64.00,39,89
"Compare_File_3411",2,128,64.00,64.00,46,82
"Compare_File_1373",2,128,64.00,64.00,62,66
"Compare_File_312",2,128,64.00,64.00,28,100
"Compare_File_1851",2,128,64.00,64.00,48,80
"Compare_File_2002",2,128,64.00,64.00,43,85
"Compare_File_2200",2,128,64.00,64.00,49,79
"Compare_File_1328",2,128,64.00,64.00,43,85
"Compare_File_3579",2,128,64.00,64.00,51,77
"Compare_File_3595",2,128,64.00,64.00,44,84
"Compare_File_1515",2,128,64.00,64.00,64,64
"Compare_File_3600",2,128,64.00,64.00,42,86
"Compare_File_3769",2,128,64.00,64.00,48,80
"Compare_File_3388",2,128,64.00,64.00,45,83
"Compare_File_1134",2,128,64.00,64.00,40,88
"Compare_File_1209",2,128,64.00,64.00,53,75
"Compare_File_3764",2,128,64.00,64.00,42,86
"Compare_File_2551",2,128,64.00,64.00,43,85
"Compare_File_2793",2,127,63.50,63.50,48,79
"Compare_File_1210",2,127,63.50,63.50,53,74
"Compare_File_468",2,127,63.50,63.50,34,93
"Compare_File_485",2,127,63.50,63.50,49,78
"Compare_File_1717",2,127,63.50,63.50,44,83
"Compare_File_3207",2,127,63.50,63.50,36,91
"Compare_File_1183",2,127,63.50,63.50,47,80
"Compare_File_1930",2,127,63.50,63.50,40,87
"Compare_File_32",2,127,63.50,63.50,24,103
"Compare_File_709",2,127,63.50,63.50,32,95
"Compare_File_1217",2,127,63.50,63.50,46,81
"Compare_File_3328",2,127,63.50,63.50,63,64
"Compare_File_2357",2,127,63.50,63.50,60,67
"Compare_File_880",2,127,63.50,63.50,29,98
"Compare_File_2467",2,127,63.50,63.50,51,76
"Compare_File_2780",2,127,63.50,63.50,61,66
"Compare_File_1346",2,127,63.50,63.50,62,65
"Compare_File_2613",2,127,63.50,63.50,48,79
"Compare_File_3465",2,127,63.50,63.50,45,82
"Compare_File_906",2,127,63.50,63.50,46,81
"Compare_File_1786",2,127,63.50,63.50,45,82
"Compare_File_977",2,127,63.50,63.50,35,92
"Compare_File_3369",2,127,63.50,63.50,49,78
"Compare_File_3813",2,127,63.50,63.50,54,73
"Compare_File_3056",2,127,63.50,63.50,45,82
"Compare_File_2520",2,127,63.50,63.50,42,85
"Compare_File_518",2,127,63.50,63.50,48,79
"Compare_File_1775",2,127,63.50,63.50,40,87
"Compare_File_652",2,127,63.50,63.50,33,94
"Compare_File_1840",2,127,63.50,63.50,48,79
"Compare_File_3682",2,127,63.50,63.50,58,69
"Compare_File_3307",2,127,63.50,63.50,47,80
"Compare_File_3119",2,127,63.50,63.50,52,75
"Compare_File_3199",2,127,63.50,63.50,56,71
"Compare_File_930",2,127,63.50,63.50,35,92
"Compare_File_1636",2,127,63.50,63.50,52,75
"Compare_File_752",2,127,63.50,63.50,37,90
"Compare_File_1816",2,127,63.50,63.50,40,87
"Compare_File_3811",2,127,63.50,63.50,54,73
"Compare_File_1201",2,127,63.50,63.50,51,76
"Compare_File_1128",2,127,63.50,63.50,49,78
"Compare_File_2770",2,127,63.50,63.50,55,72
"Compare_File_2142",2,127,63.50,63.50,58,69
"Compare_File_624",2,126,63.00,63.00,57,69
"Compare_File_702",2,126,63.00,63.00,26,100
"Compare_File_545",2,126,63.00,63.00,41,85
"Compare_File_2134",2,126,63.00,63.00,35,91
"Compare_File_2816",2,126,63.00,63.00,45,81
"Compare_File_2311",2,126,63.00,63.00,52,74
"Compare_File_2282",2,126,63.00,63.00,37,89
"Compare_File_2833",2,126,63.00,63.00,50,76
"Compare_File_3965",2,126,63.00,63.00,48,78
"Compare_File_1566",2,126,63.00,63.00,34,92
"Compare_File_805",2,126,63.00,63.00,32,94
"Compare_File_2369",2,126,63.00,63.00,57,69
"Compare_File_1806",2,126,63.00,63.00,45,81
"Compare_File_3468",2,126,63.00,63.00,45,81
"Compare_File_2400",2,126,63.00,63.00,52,74
"Compare_File_1955",2,126,63.00,63.00,42,84
"Compare_File_2447",2,126,63.00,63.00,41,85
"Compare_File_818",2,126,63.00,63.00,55,71
"Compare_File_3060",2,126,63.00,63.00,56,70
"Compare_File_3696",2,126,63.00,63.00,40,86
"Compare_File_1984",2,126,63.00,63.00,50,76
"Compare_File_809",2,126,63.00,63.00,33,93
"Compare_File_135",2,126,63.00,63.00,38,88
"Compare_File_1130",2,126,63.00,63.00,46,80
"Compare_File_1507",2,126,63.00,63.00,42,84
"Compare_File_2389",2,126,63.00,63.00,45,81
"Compare_File_2605",2,126,63.00,63.00,31,95
"Compare_File_3993",2,126,63.00,63.00,52,74
"Compare_File_2846",2,126,63.00,63.00,43,83
"Compare_File_861",2,126,63.00,63.00,48,78
"Compare_File_3672",2,126,63.00,63.00,59,67
"Compare_File_1080",2,126,63.00,63.00,45,81
"Compare_File_2571",2,126,63.00,63.00,40,86
"Compare_File_1391",2,126,63.00,63.00,45,81
"Compare_File_3966",2,126,63.00,63.00,53,73
"Compare_File_639",2,125,62.50,62.50,34,91
"Compare_File_3034",2,125,62.50,62.50,51,74
"Compare_File_781",2,125,62.50,62.50,43,82
"Compare_File_3603",2,125,62.50,62.50,39,86
"Compare_File_1287",2,125,62.50,62.50,47,78
"Compare_File_591",2,125,62.50,62.50,61,64
"Compare_File_1206",2,125,62.50,62.50,38,87
"Compare_File_2465",2,125,62.50,62.50,59,66
"Compare_File_2054",2,125,62.50,62.50,34,91
"Compare_File_1172",2,125,62.50,62.50,53,72
"Compare_File_991",2,125,62.50,62.50,55,70
"Compare_File_1546",2,125,62.50,62.50,37,88
"Compare_File_3134",2,125,62.50,62.50,46,79
"Compare_File_1832",2,125,62.50,62.50,42,83
"Compare_File_1497",2,125,62.50,62.50,36,89
"Compare_File_3765",2,125,62.50,62.50,42,83
"Compare_File_3467",2,125,62.50,62.50,51,74
"Compare_File_3059",2,125,62.50,62.50,53,72
"Compare_File_704",2,125,62.50,62.50,35,90
"Compare_File_3065",2,125,62.50,62.50,44,81
"Compare_File_1645",2,125,62.50,62.50,47,78
"Compare_File_698",2,125,62.50,62.50,32,93
"Compare_File_2185",2,125,62.50,62.50,49,76
"Compare_File_2058",2,125,62.50,62.50,42,83
"Compare_File_1559",2,125,62.50,62.50,48,77
"Compare_File_630",2,125,62.50,62.50,53,72
"Compare_File_2409",2,125,62.50,62.50,40,85
"Compare_File_3606",2,125,62.50,62.50,50,75
"Compare_File_780",2,125,62.50,62.50,44,81
"Compare_File_1705",2,125,62.50,62.50,36,89
"Compare_File_316",2,125,62.50,62.50,25,100
"Compare_File_1068",2,125,62.50,62.50,38,87
"Compare_File_3025",2,125,62.50,62.50,41,84
"Compare_File_1940",2,125,62.50,62.50,34,91
"Compare_File_951",2,125,62.50,62.50,61,64
"Compare_File_3766",2,124,62.00,62.00,49,75
"Compare_File_3058",2,124,62.00,62.00,46,78
"Compare_File_2442",2,124,62.00,62.00,50,74
"Compare_File_2948",2,124,62.00,62.00,38,86
"Compare_File_2024",2,124,62.00,62.00,35,89
"Compare_File_2802",2,124,62.00,62.00,48,76
"Compare_File_3954",2,124,62.00,62.00,55,69
"Compare_File_1740",2,124,62.00,62.00,45,79
"Compare_File_2834",2,124,62.00,62.00,41,83
"Compare_File_1140",2,124,62.00,62.00,42,82
"Compare_File_1925",2,124,62.00,62.00,47,77
"Compare_File_788",2,124,62.00,62.00,43,81
"Compare_File_1208",2,124,62.00,62.00,43,81
"Compare_File_647",2,124,62.00,62.00,46,78
"Compare_File_465",2,124,62.00,62.00,47,77
"Compare_File_2397",2,124,62.00,62.00,47,77
"Compare_File_952",2,124,62.00,62.00,44,80
"Compare_File_1572",2,124,62.00,62.00,39,85
"Compare_File_1084",2,124,62.00,62.00,35,89
"Compare_File_2838",2,124,62.00,62.00,39,85
"Compare_File_3021",2,124,62.00,62.00,42,82
"Compare_File_1504",2,124,62.00,62.00,47,77
"Compare_File_383",2,124,62.00,62.00,59,65
"Compare_File_1240",2,124,62.00,62.00,43,81
"Compare_File_3609",2,124,62.00,62.00,49,75
"Compare_File_2914",2,124,62.00,62.00,45,79
"Compare_File_1988",2,124,62.00,62.00,45,79
"Compare_File_1680",2,124,62.00,62.00,30,94
"Compare_File_3045",2,124,62.00,62.00,38,86
"Compare_File_595",2,124,62.00,62.00,54,70
"Compare_File_3500",2,124,62.00,62.00,41,83
"Compare_File_273",2,124,62.00,62.00,54,70
"Compare_File_892",2,124,62.00,62.00,34,90
"Compare_File_2843",2,124,62.00,62.00,53,71
"Compare_File_3590",2,124,62.00,62.00,55,69
"Compare_File_2413",2,124,62.00,62.00,43,81
"Compare_File_414",2,124,62.00,62.00,41,83
"Compare_File_2611",2,124,62.00,62.00,45,79
"Compare_File_2954",2,123,61.50,61.50,51,72
"Compare_File_2559",2,123,61.50,61.50,50,73
"Compare_File_1108",2,123,61.50,61.50,37,86
"Compare_File_3587",2,123,61.50,61.50,51,72
"Compare_File_584",2,123,61.50,61.50,37,86
"Compare_File_2114",2,123,61.50,61.50,41,82
"Compare_File_272",2,123,61.50,61.50,21,102
"Compare_File_1799",2,123,61.50,61.50,41,82
"Compare_File_1699",2,123,61.50,61.50,38,85
"Compare_File_2253",2,123,61.50,61.50,29,94
"Compare_File_541",2,123,61.50,61.50,43,80
"Compare_File_2805",2,123,61.50,61.50,35,88
"Compare_File_3032",2,123,61.50,61.50,52,71
"Compare_File_846",2,123,61.50,61.50,32,91
"Compare_File_1486",2,123,61.50,61.50,61,62
"Compare_File_1176",2,123,61.50,61.50,50,73
"Compare_File_3244",2,123,61.50,61.50,57,66
"Compare_File_3466",2,123,61.50,61.50,47,76
"Compare_File_1552",2,123,61.50,61.50,47,76
"Compare_File_3004",2,123,61.50,61.50,52,71
"Compare_File_1972",2,123,61.50,61.50,51,72
"Compare_File_3289",2,123,61.50,61.50,46,77
"Compare_File_2342",2,123,61.50,61.50,34,89
"Compare_File_1796",2,122,61.00,61.00,42,80
"Compare_File_3591",2,122,61.00,61.00,53,69
"Compare_File_894",2,122,61.00,61.00,39,83
"Compare_File_1589",2,122,61.00,61.00,33,89
"Compare_File_3599",2,122,61.00,61.00,43,79
"Compare_File_2055",2,122,61.00,61.00,38,84
"Compare_File_477",2,122,61.00,61.00,50,72
"Compare_File_1834",2,122,61.00,61.00,54,68
"Compare_File_773",2,122,61.00,61.00,43,79
"Compare_File_1100",2,122,61.00,61.00,41,81
"Compare_File_2047",2,122,61.00,61.00,42,80
"Compare_File_2303",2,122,61.00,61.00,50,72
"Compare_File_1330",2,122,61.00,61.00,39,83
"Compare_File_575",2,122,61.00,61.00,57,65
"Compare_File_482",2,122,61.00,61.00,38,84
"Compare_File_1173",2,122,61.00,61.00,30,92
"Compare_File_1239",2,122,61.00,61.00,46,76
"Compare_File_898",2,122,61.00,61.00,49,73
"Compare_File_795",2,122,61.00,61.00,51,71
"Compare_File_3158",2,122,61.00,61.00,40,82
"Compare_File_2296",2,122,61.00,61.00,49,73
"Compare_File_587",2,122,61.00,61.00,48,74
"Compare_File_333",2,122,61.00,61.00,39,83
"Compare_File_2111",2,122,61.00,61.00,54,68
"Compare_File_1123",2,122,61.00,61.00,48,74
"Compare_File_2769",2,122,61.00,61.00,61,61
"Compare_File_2479",2,122,61.00,61.00,36,86
"Compare_File_2333",2,122,61.00,61.00,54,68
"Compare_File_3856",2,122,61.00,61.00,41,81
"Compare_File_2727",2,122,61.00,61.00,47,75
"Compare_File_259",2,122,61.00,61.00,45,77
"Compare_File_2049",2,122,61.00,61.00,44,78
"Compare_File_503",2,122,61.00,61.00,39,83
"Compare_File_1106",2,122,61.00,61.00,41,81
"Compare_File_494",2,122,61.00,61.00,51,71
"Compare_File_3666",2,122,61.00,61.00,44,78
"Compare_File_2221",2,121,60.50,60.50,42,79
"Compare_File_1474",2,121,60.50,60.50,45,76
"Compare_File_296",2,121,60.50,60.50,25,96
"Compare_File_1004",2,121,60.50,60.50,50,71
"Compare_File_2166",2,121,60.50,60.50,47,74
"Compare_File_740",2,121,60.50,60.50,32,89
"Compare_File_3097",2,121,60.50,60.50,44,77
"Compare_File_1418",2,121,60.50,60.50,47,74
"Compare_File_1600",2,121,60.50,60.50,42,79
"Compare_File_2732",2,121,60.50,60.50,46,75
"Compare_File_2315",2,121,60.50,60.50,44,77
"Compare_File_2993",2,121,60.50,60.50,47,74
"Compare_File_642",2,121,60.50,60.50,38,83
"Compare_File_30",2,121,60.50,60.50,58,63
"Compare_File_865",2,121,60.50,60.50,41,80
"Compare_File_791",2,121,60.50,60.50,41,80
"Compare_File_1928",2,121,60.50,60.50,36,85
"Compare_File_1095",2,121,60.50,60.50,42,79
"Compare_File_2508",2,121,60.50,60.50,37,84
"Compare_File_3136",2,121,60.50,60.50,48,73
"Compare_File_966",2,121,60.50,60.50,42,79
"Compare_File_999",2,121,60.50,60.50,48,73
"Compare_File_1294",2,121,60.50,60.50,44,77
"Compare_File_1643",2,121,60.50,60.50,45,76
"Compare_File_2316",2,121,60.50,60.50,49,72
"Compare_File_1184",2,121,60.50,60.50,46,75
"Compare_File_1132",2,121,60.50,60.50,49,72
"Compare_File_2523",2,121,60.50,60.50,38,83
"Compare_File_3997",2,121,60.50,60.50,40,81
"Compare_File_1721",2,121,60.50,60.50,35,86
"Compare_File_382",2,120,60.00,60.00,50,70
"Compare_File_990",2,120,60.00,60.00,41,79
"Compare_File_1700",2,120,60.00,60.00,57,63
"Compare_File_730",2,120,60.00,60.00,31,89
"Compare_File_1174",2,120,60.00,60.00,44,76
"Compare_File_2184",2,120,60.00,60.00,46,74
"Compare_File_3789",2,120,60.00,60.00,54,66
"Compare_File_3585",2,120,60.00,60.00,38,82
"Compare_File_1693",2,120,60.00,60.00,40,80
"Compare_File_1505",2,120,60.00,60.00,51,69
"Compare_File_1493",2,120,60.00,60.00,45,75
"Compare_File_297",2,120,60.00,60.00,18,102
"Compare_File_1990",2,120,60.00,60.00,53,67
"Compare_File_2947",2,120,60.00,60.00,36,84
"Compare_File_3003",2,120,60.00,60.00,36,84
"Compare_File_1943",2,120,60.00,60.00,40,80
"Compare_File_3047",2,120,60.00,60.00,42,78
"Compare_File_1838",2,120,60.00,60.00,55,65
"Compare_File_1002",2,120,60.00,60.00,57,63
"Compare_File_1078",2,120,60.00,60.00,42,78
"Compare_File_2842",2,120,60.00,60.00,41,79
"Compare_File_317",2,120,60.00,60.00,30,90
"Compare_File_3172",2,120,60.00,60.00,43,77
"Compare_File_989",2,120,60.00,60.00,38,82
"Compare_File_1548",2,120,60.00,60.00,37,83
"Compare_File_3295",2,120,60.00,60.00,56,64
"Compare_File_1000",2,120,60.00,60.00,49,71
"Compare_File_3996",2,120,60.00,60.00,44,76
"Compare_File_336",2,120,60.00,60.00,37,83
"Compare_File_398",2,120,60.00,60.00,33,87
"Compare_File_1678",2,119,59.50,59.50,48,71
"Compare_File_3316",2,119,59.50,59.50,43,76
"Compare_File_309",2,119,59.50,59.50,19,100
"Compare_File_256",2,119,59.50,59.50,29,90
"Compare_File_1606",2,119,59.50,59.50,46,73
"Compare_File_3312",2,119,59.50,59.50,46,73
"Compare_File_1207",2,119,59.50,59.50,47,72
"Compare_File_2083",2,119,59.50,59.50,35,84
"Compare_File_1821",2,119,59.50,59.50,33,86
"Compare_File_729",2,119,59.50,59.50,35,84
"Compare_File_3107",2,119,59.50,59.50,28,91
"Compare_File_1986",2,119,59.50,59.50,42,77
"Compare_File_3866",2,119,59.50,59.50,46,73
"Compare_File_1861",2,119,59.50,59.50,46,73
"Compare_File_2329",2,119,59.50,59.50,46,73
"Compare_File_2897",2,118,59.00,59.00,40,78
"Compare_File_413",2,118,59.00,59.00,46,72
"Compare_File_2916",2,118,59.00,59.00,39,79
"Compare_File_2082",2,118,59.00,59.00,39,79
"Compare_File_2923",2,118,59.00,59.00,39,79
"Compare_File_1637",2,118,59.00,59.00,44,74
"Compare_File_3864",2,118,59.00,59.00,46,72
"Compare_File_489",2,118,59.00,59.00,37,81
"Compare_File_2206",2,118,59.00,59.00,44,74
"Compare_File_3264",2,118,59.00,59.00,40,78
"Compare_File_3825",2,118,59.00,59.00,41,77
"Compare_File_1695",2,118,59.00,59.00,45,73
"Compare_File_1586",2,118,59.00,59.00,46,72
"Compare_File_2289",2,118,59.00,59.00,45,73
"Compare_File_3386",2,118,59.00,59.00,43,75
"Compare_File_3903",2,118,59.00,59.00,58,60
"Compare_File_2794",2,118,59.00,59.00,48,70
"Compare_File_982",2,118,59.00,59.00,31,87
"Compare_File_2501",2,118,59.00,59.00,37,81
"Compare_File_2979",2,118,59.00,59.00,57,61
"Compare_File_3865",2,118,59.00,59.00,43,75
"Compare_File_1081",2,118,59.00,59.00,45,73
"Compare_File_1582",2,118,59.00,59.00,35,83
"Compare_File_808",2,118,59.00,59.00,43,75
"Compare_File_3202",2,118,59.00,59.00,41,77
"Compare_File_3592",2,118,59.00,59.00,47,71
"Compare_File_958",2,118,59.00,59.00,47,71
"Compare_File_266",2,118,59.00,59.00,36,82
"Compare_File_1809",2,118,59.00,59.00,49,69
"Compare_File_884",2,118,59.00,59.00,36,82
"Compare_File_1647",2,117,58.50,58.50,35,82
"Compare_File_695",2,117,58.50,58.50,23,94
"Compare_File_2449",2,117,58.50,58.50,44,73
"Compare_File_3028",2,117,58.50,58.50,46,71
"Compare_File_1777",2,117,58.50,58.50,28,89
"Compare_File_585",2,117,58.50,58.50,40,77
"Compare_File_3685",2,117,58.50,58.50,48,69
"Compare_File_70",2,117,58.50,58.50,27,90
"Compare_File_1365",2,117,58.50,58.50,49,68
"Compare_File_548",2,117,58.50,58.50,45,72
"Compare_File_521",2,117,58.50,58.50,55,62
"Compare_File_1549",2,117,58.50,58.50,35,82
"Compare_File_3955",2,117,58.50,58.50,47,70
"Compare_File_1414",2,117,58.50,58.50,50,67
"Compare_File_411",2,117,58.50,58.50,37,80
"Compare_File_1465",2,117,58.50,58.50,40,77
"Compare_File_3049",2,117,58.50,58.50,49,68
"Compare_File_1948",2,117,58.50,58.50,51,66
"Compare_File_3092",2,117,58.50,58.50,37,80
"Compare_File_232",2,117,58.50,58.50,22,95
"Compare_File_3121",2,116,58.00,58.00,40,76
"Compare_File_3958",2,116,58.00,58.00,54,62
"Compare_File_1694",2,116,58.00,58.00,42,74
"Compare_File_1481",2,116,58.00,58.00,43,73
"Compare_File_528",2,116,58.00,58.00,53,63
"Compare_File_2503",2,116,58.00,58.00,43,73
"Compare_File_1570",2,116,58.00,58.00,36,80
"Compare_File_3719",2,116,58.00,58.00,34,82
"Compare_File_3196",2,116,58.00,58.00,36,80
"Compare_File_1302",2,116,58.00,58.00,48,68
"Compare_File_3737",2,116,58.00,58.00,38,78
"Compare_File_881",2,116,58.00,58.00,36,80
"Compare_File_1219",2,116,58.00,58.00,33,83
"Compare_File_3326",2,116,58.00,58.00,45,71
"Compare_File_3371",2,116,58.00,58.00,41,75
"Compare_File_1524",2,116,58.00,58.00,47,69
"Compare_File_3379",2,116,58.00,58.00,43,73
"Compare_File_1320",2,116,58.00,58.00,39,77
"Compare_File_490",2,116,58.00,58.00,47,69
"Compare_File_664",2,116,58.00,58.00,32,84
"Compare_File_1300",2,116,58.00,58.00,52,64
"Compare_File_1011",2,116,58.00,58.00,46,70
"Compare_File_828",2,116,58.00,58.00,35,81
"Compare_File_3313",2,116,58.00,58.00,44,72
"Compare_File_855",2,116,58.00,58.00,25,91
"Compare_File_1640",2,116,58.00,58.00,33,83
"Compare_File_1787",2,115,57.50,57.50,37,78
"Compare_File_962",2,115,57.50,57.50,49,66
"Compare_File_3243",2,115,57.50,57.50,43,72
"Compare_File_1542",2,115,57.50,57.50,40,75
"Compare_File_3995",2,115,57.50,57.50,39,76
"Compare_File_1203",2,115,57.50,57.50,48,67
"Compare_File_1823",2,115,57.50,57.50,46,69
"Compare_File_1704",2,115,57.50,57.50,41,74
"Compare_File_1950",2,115,57.50,57.50,37,78
"Compare_File_2045",2,115,57.50,57.50,46,69
"Compare_File_2911",2,115,57.50,57.50,47,68
"Compare_File_1702",2,115,57.50,57.50,40,75
"Compare_File_2552",2,115,57.50,57.50,37,78
"Compare_File_2946",2,115,57.50,57.50,37,78
"Compare_File_1290",2,114,57.00,57.00,43,71
"Compare_File_1085",2,114,57.00,57.00,36,78
"Compare_File_875",2,114,57.00,57.00,38,76
"Compare_File_649",2,114,57.00,57.00,41,73
"Compare_File_1790",2,114,57.00,57.00,48,66
"Compare_File_2201",2,114,57.00,57.00,37,77
"Compare_File_697",2,114,57.00,57.00,22,92
"Compare_File_843",2,114,57.00,57.00,30,84
"Compare_File_1211",2,114,57.00,57.00,41,73
"Compare_File_1614",2,114,57.00,57.00,25,89
"Compare_File_1710",2,114,57.00,57.00,46,68
"Compare_File_355",2,114,57.00,57.00,38,76
"Compare_File_1585",2,114,57.00,57.00,42,72
"Compare_File_878",2,114,57.00,57.00,31,83
"Compare_File_2730",2,114,57.00,57.00,37,77
"Compare_File_1523",2,114,57.00,57.00,53,61
"Compare_File_1741",2,114,57.00,57.00,35,79
"Compare_File_3389",2,114,57.00,57.00,44,70
"Compare_File_3605",2,114,57.00,57.00,47,67
"Compare_File_3899",2,114,57.00,57.00,43,71
"Compare_File_3362",2,114,57.00,57.00,37,77
"Compare_File_3821",2,113,56.50,56.50,37,76
"Compare_File_2932",2,113,56.50,56.50,49,64
"Compare_File_1099",2,113,56.50,56.50,48,65
"Compare_File_3607",2,113,56.50,56.50,42,71
"Compare_File_2814",2,113,56.50,56.50,36,77
"Compare_File_3994",2,113,56.50,56.50,43,70
"Compare_File_2022",2,113,56.50,56.50,47,66
"Compare_File_2220",2,113,56.50,56.50,40,73
"Compare_File_1991",2,113,56.50,56.50,45,68
"Compare_File_1624",2,113,56.50,56.50,33,80
"Compare_File_3122",2,113,56.50,56.50,52,61
"Compare_File_1293",2,113,56.50,56.50,41,72
"Compare_File_588",2,113,56.50,56.50,42,71
"Compare_File_1518",2,112,56.00,56.00,50,62
"Compare_File_834",2,112,56.00,56.00,37,75
"Compare_File_1884",2,112,56.00,56.00,47,65
"Compare_File_776",2,112,56.00,56.00,40,72
"Compare_File_2496",2,112,56.00,56.00,42,70
"Compare_File_887",2,112,56.00,56.00,29,83
"Compare_File_3619",2,112,56.00,56.00,53,59
"Compare_File_2307",2,112,56.00,56.00,25,87
"Compare_File_2507",2,112,56.00,56.00,38,74
"Compare_File_2951",2,112,56.00,56.00,42,70
"Compare_File_3018",2,112,56.00,56.00,48,64
"Compare_File_3557",2,112,56.00,56.00,55,57
"Compare_File_2913",2,112,56.00,56.00,48,64
"Compare_File_3123",2,112,56.00,56.00,44,68
"Compare_File_1667",2,112,56.00,56.00,41,71
"Compare_File_1244",2,111,55.50,55.50,47,64
"Compare_File_910",2,111,55.50,55.50,36,75
"Compare_File_3674",2,111,55.50,55.50,42,69
"Compare_File_1522",2,111,55.50,55.50,49,62
"Compare_File_2787",2,111,55.50,55.50,52,59
"Compare_File_2841",2,111,55.50,55.50,44,67
"Compare_File_2912",2,111,55.50,55.50,45,66
"Compare_File_1996",2,111,55.50,55.50,50,61
"Compare_File_797",2,111,55.50,55.50,36,75
"Compare_File_3967",2,111,55.50,55.50,39,72
"Compare_File_1560",2,111,55.50,55.50,52,59
"Compare_File_848",2,111,55.50,55.50,31,80
"Compare_File_527",2,111,55.50,55.50,54,57
"Compare_File_1789",2,111,55.50,55.50,38,73
"Compare_File_1954",2,111,55.50,55.50,47,64
"Compare_File_759",2,111,55.50,55.50,32,79
"Compare_File_988",2,110,55.00,55.00,44,66
"Compare_File_908",2,110,55.00,55.00,25,85
"Compare_File_1788",2,110,55.00,55.00,36,74
"Compare_File_3992",2,110,55.00,55.00,37,73
"Compare_File_226",2,110,55.00,55.00,22,88
"Compare_File_608",2,110,55.00,55.00,35,75
"Compare_File_1703",2,110,55.00,55.00,49,61
"Compare_File_3006",2,110,55.00,55.00,44,66
"Compare_File_1322",2,110,55.00,55.00,46,64
"Compare_File_1698",2,110,55.00,55.00,48,62
"Compare_File_693",2,110,55.00,55.00,29,81
"Compare_File_3729",2,110,55.00,55.00,43,67
"Compare_File_478",2,110,55.00,55.00,42,68
"Compare_File_3374",2,110,55.00,55.00,48,62
"Compare_File_415",2,110,55.00,55.00,41,69
"Compare_File_576",2,110,55.00,55.00,34,76
"Compare_File_671",2,110,55.00,55.00,43,67
"Compare_File_786",2,110,55.00,55.00,30,80
"Compare_File_3998",2,110,55.00,55.00,40,70
"Compare_File_1720",2,110,55.00,55.00,33,77
"Compare_File_2490",2,110,55.00,55.00,49,61
"Compare_File_1385",2,109,54.50,54.50,29,80
"Compare_File_2526",2,109,54.50,54.50,51,58
"Compare_File_2861",2,109,54.50,54.50,41,68
"Compare_File_3469",2,109,54.50,54.50,44,65
"Compare_File_3726",2,109,54.50,54.50,42,67
"Compare_File_1521",2,109,54.50,54.50,48,61
"Compare_File_3667",2,109,54.50,54.50,33,76
"Compare_File_1420",2,109,54.50,54.50,40,69
"Compare_File_2500",2,109,54.50,54.50,50,59
"Compare_File_2448",2,109,54.50,54.50,44,65
"Compare_File_3963",2,109,54.50,54.50,49,60
"Compare_File_1204",2,109,54.50,54.50,42,67
"Compare_File_2733",2,109,54.50,54.50,30,79
"Compare_File_2328",2,109,54.50,54.50,35,74
"Compare_File_1195",2,108,54.00,54.00,42,66
"Compare_File_2390",2,108,54.00,54.00,43,65
"Compare_File_1708",2,108,54.00,54.00,45,63
"Compare_File_1489",2,108,54.00,54.00,48,60
"Compare_File_400",2,108,54.00,54.00,24,84
"Compare_File_2399",2,108,54.00,54.00,42,66
"Compare_File_261",2,108,54.00,54.00,28,80
"Compare_File_715",2,108,54.00,54.00,38,70
"Compare_File_2505",2,108,54.00,54.00,41,67
"Compare_File_2069",2,108,54.00,54.00,40,68
"Compare_File_3964",2,108,54.00,54.00,42,66
"Compare_File_918",2,108,54.00,54.00,37,71
"Compare_File_394",2,108,54.00,54.00,28,80
"Compare_File_2102",2,108,54.00,54.00,45,63
"Compare_File_3690",2,108,54.00,54.00,38,70
"Compare_File_3370",2,108,54.00,54.00,50,58
"Compare_File_1458",2,108,54.00,54.00,53,55
"Compare_File_597",2,108,54.00,54.00,50,58
"Compare_File_381",2,107,53.50,53.50,43,64
"Compare_File_480",2,107,53.50,53.50,46,61
"Compare_File_1517",2,107,53.50,53.50,53,54
"Compare_File_2312",2,107,53.50,53.50,42,65
"Compare_File_104",2,107,53.50,53.50,42,65
"Compare_File_2048",2,107,53.50,53.50,35,72
"Compare_File_1577",2,107,53.50,53.50,43,64
"Compare_File_1485",2,107,53.50,53.50,45,62
"Compare_File_339",2,107,53.50,53.50,32,75
"Compare_File_1512",2,107,53.50,53.50,33,74
"Compare_File_1415",2,107,53.50,53.50,45,62
"Compare_File_1782",2,106,53.00,53.00,27,79
"Compare_File_3900",2,106,53.00,53.00,41,65
"Compare_File_912",2,106,53.00,53.00,43,63
"Compare_File_401",2,106,53.00,53.00,36,70
"Compare_File_2837",2,106,53.00,53.00,46,60
"Compare_File_717",2,106,53.00,53.00,29,77
"Compare_File_1212",2,106,53.00,53.00,35,71
"Compare_File_1706",2,106,53.00,53.00,31,75
"Compare_File_493",2,106,53.00,53.00,43,63
"Compare_File_1856",2,105,52.50,52.50,33,72
"Compare_File_993",2,105,52.50,52.50,40,65
"Compare_File_3728",2,105,52.50,52.50,47,58
"Compare_File_1092",2,105,52.50,52.50,41,64
"Compare_File_895",2,105,52.50,52.50,38,67
"Compare_File_596",2,105,52.50,52.50,31,74
"Compare_File_3459",2,105,52.50,52.50,25,80
"Compare_File_1487",2,105,52.50,52.50,49,56
"Compare_File_3959",2,104,52.00,52.00,45,59
"Compare_File_337",2,104,52.00,52.00,38,66
"Compare_File_487",2,104,52.00,52.00,38,66
"Compare_File_2525",2,104,52.00,52.00,39,65
"Compare_File_3999",2,104,52.00,52.00,38,66
"Compare_File_3542",2,104,52.00,52.00,42,62
"Compare_File_2997",2,104,52.00,52.00,45,59
"Compare_File_271",2,104,52.00,52.00,18,86
"Compare_File_713",2,104,52.00,52.00,39,65
"Compare_File_230",2,104,52.00,52.00,27,77
"Compare_File_240",2,104,52.00,52.00,25,79
"Compare_File_1857",2,103,51.50,51.50,46,57
"Compare_File_579",2,103,51.50,51.50,36,67
"Compare_File_3408",2,103,51.50,51.50,34,69
"Compare_File_3066",2,103,51.50,51.50,38,65
"Compare_File_611",2,103,51.50,51.50,41,62
"Compare_File_1245",2,103,51.50,51.50,34,69
"Compare_File_1514",2,102,51.00,51.00,40,62
"Compare_File_396",2,102,51.00,51.00,31,71
"Compare_File_1434",2,102,51.00,51.00,29,73
"Compare_File_412",2,102,51.00,51.00,46,56
"Compare_File_3617",2,102,51.00,51.00,50,52
"Compare_File_1051",2,101,50.50,50.50,44,57
"Compare_File_3492",2,101,50.50,50.50,50,51
"Compare_File_1200",2,101,50.50,50.50,38,63
"Compare_File_589",2,101,50.50,50.50,33,68
"Compare_File_1836",2,101,50.50,50.50,33,68
"Compare_File_3061",2,101,50.50,50.50,50,51
"Compare_File_404",2,101,50.50,50.50,43,58
"Compare_File_1335",2,101,50.50,50.50,34,67
"Compare_File_403",2,100,50.00,50.00,34,66
"Compare_File_1118",2,100,50.00,50.00,40,60
"Compare_File_718",2,99,49.50,49.50,37,62
"Compare_File_3580",2,99,49.50,49.50,32,67
"Compare_File_2880",2,99,49.50,49.50,43,56
"Compare_File_3009",2,99,49.50,49.50,34,65
"Compare_File_2828",2,98,49.00,49.00,47,51
"Compare_File_264",2,98,49.00,49.00,35,63
"Compare_File_2829",2,98,49.00,49.00,44,54
"Compare_File_992",2,97,48.50,48.50,38,59
"Compare_File_844",2,97,48.50,48.50,38,59
"Compare_File_1913",2,97,48.50,48.50,43,54
"Compare_File_410",2,97,48.50,48.50,39,58
"Compare_File_3098",2,96,48.00,48.00,42,54
"Compare_File_1005",2,96,48.00,48.00,32,64
"Compare_File_3673",2,96,48.00,48.00,37,59
"Compare_File_845",2,96,48.00,48.00,35,61
"Compare_File_1808",2,96,48.00,48.00,38,58
"Compare_File_399",2,95,47.50,47.50,24,71
"Compare_File_610",2,95,47.50,47.50,28,67
"Compare_File_724",2,95,47.50,47.50,40,55
"Compare_File_532",2,95,47.50,47.50,42,53
"Compare_File_986",2,94,47.00,47.00,31,63
"Compare_File_2198",2,94,47.00,47.00,37,57
"Compare_File_580",2,94,47.00,47.00,39,55
"Compare_File_3640",2,94,47.00,47.00,38,56
"Compare_File_674",2,94,47.00,47.00,24,70
"Compare_File_2840",2,94,47.00,47.00,38,56
"Compare_File_1745",2,93,46.50,46.50,38,55
"Compare_File_268",2,93,46.50,46.50,23,70
"Compare_File_2177",2,92,46.00,46.00,40,52
"Compare_File_234",2,92,46.00,46.00,35,57
"Compare_File_338",2,92,46.00,46.00,28,64
"Compare_File_3649",2,92,46.00,46.00,42,50
"Compare_File_1155",2,91,45.50,45.50,33,58
"Compare_File_2827",2,91,45.50,45.50,45,46
"Compare_File_3962",2,90,45.00,45.00,42,48
"Compare_File_299",2,90,45.00,45.00,20,70
"Compare_File_405",2,89,44.50,44.50,31,58
"Compare_File_1307",2,89,44.50,44.50,37,52
"Compare_File_1488",2,89,44.50,44.50,34,55
"Compare_File_529",2,89,44.50,44.50,41,48
"Compare_File_293",2,89,44.50,44.50,17,72
"Compare_File_998",2,89,44.50,44.50,38,51
"Compare_File_1218",2,89,44.50,44.50,38,51
"Compare_File_3063",2,88,44.00,44.00,39,49
"Compare_File_290",2,87,43.50,43.50,20,67
"Compare_File_711",2,87,43.50,43.50,39,48
"Compare_File_409",2,86,43.00,43.00,40,46
"Compare_File_1101",2,86,43.00,43.00,39,47
"Compare_File_294",2,85,42.50,42.50,16,69
"Compare_File_3301",2,85,42.50,42.50,41,44
"Compare_File_852",2,82,41.00,41.00,34,48
"Compare_File_231",2,79,39.50,39.50,21,58
"Compare_File_408",2,79,39.50,39.50,33,46
"Compare_File_295",2,78,39.00,39.00,22,56
"Compare_File_851",2,76,38.00,38.00,38,38
"Process_Results",2,13,6.50,6.50,6,7
"Sort_Files",2,5,2.50,2.50,2,3
"Calculate_Avg_FileSize",2,1,0.50,0.50,0,1
"Folder_Stats",2,0,0.00,0.00,0,0
