Operation,CallCount,TotalTimeMs,AverageTimeMs,MedianTimeMs,MinTimeMs,MaxTimeMs
"CompareFilesWithCaching",8000,1082431,135.30,51.00,5,10877
"Compare_Objects",8000,444708,55.59,24.00,0,1112
"Deserialize_Old_ComplexOrderResponse_Xml",8000,299221,37.40,4.00,0,10342
"Deserialize_New_ComplexOrderResponse_Xml",8000,198635,24.83,2.00,0,10861
"Parallel_Comparison",2,50211,25105.50,25105.50,20791,29420
"CompareFolderUploadsAsync",1,41886,41886.00,41886.00,41886,41886
"Generate_File_Hash",16000,19855,1.24,0.00,0,274
"Compare_File_2330",2,10932,5466.00,5466.00,53,10879
"Compare_File_2425",2,10395,5197.50,5197.50,25,10370
"Compare_File_842",2,10218,5109.00,5109.00,45,10173
"Compare_File_840",2,10035,5017.50,5017.50,52,9983
"Compare_File_776",2,9659,4829.50,4829.50,112,9547
"Compare_File_68",2,8047,4023.50,4023.50,3608,4439
"Compare_File_1254",2,7933,3966.50,3966.50,114,7819
"Compare_File_1",2,7797,3898.50,3898.50,3745,4052
"Compare_File_16",2,7611,3805.50,3805.50,3148,4463
"Compare_File_4",2,7461,3730.50,3730.50,72,7389
"Compare_File_1262",2,6900,3450.00,3450.00,129,6771
"Compare_File_1257",2,6655,3327.50,3327.50,173,6482
"Compare_File_293",2,6643,3321.50,3321.50,85,6558
"Compare_File_484",2,6548,3274.00,3274.00,36,6512
"Compare_File_225",2,6272,3136.00,3136.00,110,6162
"Compare_File_1264",2,6173,3086.50,3086.50,26,6147
"Compare_File_0",2,5056,2528.00,2528.00,2319,2737
"Compare_File_245",2,4673,2336.50,2336.50,107,4566
"Compare_File_250",2,4531,2265.50,2265.50,245,4286
"Compare_File_1251",2,4345,2172.50,2172.50,94,4251
"Compare_File_175",2,4269,2134.50,2134.50,11,4258
"Compare_File_10",2,4109,2054.50,2054.50,15,4094
"Compare_File_3",2,4030,2015.00,2015.00,89,3941
"Compare_File_83",2,4022,2011.00,2011.00,59,3963
"Compare_File_8",2,4017,2008.50,2008.50,6,4011
"Compare_File_5",2,3921,1960.50,1960.50,23,3898
"Compare_File_66",2,3737,1868.50,1868.50,78,3659
"Compare_File_447",2,3728,1864.00,1864.00,132,3596
"Compare_File_7",2,3695,1847.50,1847.50,34,3661
"Compare_File_12",2,3677,1838.50,1838.50,7,3670
"Compare_File_9",2,3595,1797.50,1797.50,6,3589
"Compare_File_13",2,3503,1751.50,1751.50,25,3478
"Compare_File_11",2,3460,1730.00,1730.00,21,3439
"Compare_File_84",2,3424,1712.00,1712.00,882,2542
"Compare_File_19",2,3365,1682.50,1682.50,11,3354
"Compare_File_22",2,3263,1631.50,1631.50,141,3122
"Compare_File_195",2,3255,1627.50,1627.50,32,3223
"Compare_File_110",2,3221,1610.50,1610.50,770,2451
"Compare_File_18",2,3177,1588.50,1588.50,20,3157
"Compare_File_14",2,3143,1571.50,1571.50,21,3122
"Compare_File_23",2,3131,1565.50,1565.50,9,3122
"Compare_File_17",2,3046,1523.00,1523.00,190,2856
"Compare_File_78",2,3035,1517.50,1517.50,698,2337
"Compare_File_6",2,3012,1506.00,1506.00,21,2991
"Compare_File_102",2,2984,1492.00,1492.00,411,2573
"Compare_File_24",2,2971,1485.50,1485.50,9,2962
"Compare_File_21",2,2949,1474.50,1474.50,10,2939
"Compare_File_106",2,2919,1459.50,1459.50,704,2215
"Compare_File_2",2,2894,1447.00,1447.00,157,2737
"Compare_File_49",2,2825,1412.50,1412.50,104,2721
"Compare_File_52",2,2773,1386.50,1386.50,49,2724
"Generate_Config_Fingerprint",8006,2772,0.35,0.00,0,231
"Compare_File_20",2,2770,1385.00,1385.00,27,2743
"Compare_File_15",2,2760,1380.00,1380.00,20,2740
"Compare_File_104",2,2753,1376.50,1376.50,66,2687
"Compare_File_1723",2,2745,1372.50,1372.50,52,2693
"Compare_File_54",2,2741,1370.50,1370.50,62,2679
"Compare_File_113",2,2658,1329.00,1329.00,84,2574
"Compare_File_60",2,2642,1321.00,1321.00,64,2578
"Compare_File_47",2,2635,1317.50,1317.50,106,2529
"Compare_File_53",2,2606,1303.00,1303.00,26,2580
"Compare_File_51",2,2599,1299.50,1299.50,70,2529
"Compare_File_44",2,2528,1264.00,1264.00,77,2451
"Compare_File_43",2,2481,1240.50,1240.50,29,2452
"Compare_File_118",2,2425,1212.50,1212.50,54,2371
"Compare_File_48",2,2338,1169.00,1169.00,71,2267
"Compare_File_114",2,2287,1143.50,1143.50,43,2244
"Compare_File_123",2,2265,1132.50,1132.50,77,2188
"Compare_File_56",2,2243,1121.50,1121.50,105,2138
"Compare_File_124",2,2205,1102.50,1102.50,27,2178
"Compare_File_143",2,2189,1094.50,1094.50,570,1619
"Compare_File_141",2,2112,1056.00,1056.00,105,2007
"Compare_File_144",2,2059,1029.50,1029.50,63,1996
"Compare_File_137",2,1900,950.00,950.00,76,1824
"Compare_File_1948",2,1890,945.00,945.00,31,1859
"Compare_File_410",2,1869,934.50,934.50,86,1783
"Compare_File_405",2,1837,918.50,918.50,107,1730
"Compare_File_566",2,1810,905.00,905.00,24,1786
"Compare_File_587",2,1798,899.00,899.00,94,1704
"Compare_File_236",2,1781,890.50,890.50,79,1702
"Compare_File_579",2,1766,883.00,883.00,77,1689
"Compare_File_500",2,1763,881.50,881.50,98,1665
"Compare_File_1116",2,1757,878.50,878.50,17,1740
"Compare_File_140",2,1752,876.00,876.00,77,1675
"Compare_File_524",2,1729,864.50,864.50,287,1442
"Compare_File_485",2,1695,847.50,847.50,55,1640
"Compare_File_407",2,1638,819.00,819.00,116,1522
"Compare_File_295",2,1627,813.50,813.50,231,1396
"Compare_File_283",2,1579,789.50,789.50,70,1509
"Compare_File_145",2,1569,784.50,784.50,90,1479
"Compare_File_296",2,1536,768.00,768.00,190,1346
"Compare_File_969",2,1473,736.50,736.50,32,1441
"Compare_File_582",2,1307,653.50,653.50,78,1229
"Compare_File_2227",2,1259,629.50,629.50,23,1236
"Compare_File_3455",2,1240,620.00,620.00,73,1167
"Compare_File_608",2,1215,607.50,607.50,269,946
"Compare_File_1962",2,1213,606.50,606.50,269,944
"Compare_File_385",2,1213,606.50,606.50,19,1194
"Compare_File_1951",2,1146,573.00,573.00,131,1015
"Compare_File_3889",2,1144,572.00,572.00,516,628
"Compare_File_3420",2,1128,564.00,564.00,175,953
"Compare_File_1395",2,1121,560.50,560.50,61,1060
"Compare_File_2817",2,1098,549.00,549.00,481,617
"Compare_File_1865",2,1079,539.50,539.50,32,1047
"Compare_File_358",2,1058,529.00,529.00,20,1038
"Compare_File_1127",2,1056,528.00,528.00,28,1028
"Compare_File_2828",2,1047,523.50,523.50,422,625
"Compare_File_378",2,1021,510.50,510.50,19,1002
"Compare_File_2059",2,1015,507.50,507.50,354,661
"Compare_File_3090",2,1000,500.00,500.00,78,922
"Compare_File_3507",2,992,496.00,496.00,481,511
"Compare_File_3434",2,970,485.00,485.00,107,863
"Compare_File_1987",2,962,481.00,481.00,135,827
"Compare_File_1041",2,948,474.00,474.00,17,931
"Compare_File_3430",2,924,462.00,462.00,25,899
"Compare_File_3883",2,922,461.00,461.00,208,714
"Compare_File_139",2,912,456.00,456.00,311,601
"Compare_File_3730",2,896,448.00,448.00,14,882
"Compare_File_3539",2,895,447.50,447.50,321,574
"Compare_File_3440",2,890,445.00,445.00,39,851
"Compare_File_1038",2,883,441.50,441.50,227,656
"Compare_File_309",2,862,431.00,431.00,242,620
"Compare_File_3735",2,857,428.50,428.50,38,819
"Compare_File_3890",2,856,428.00,428.00,290,566
"Compare_File_3163",2,849,424.50,424.50,384,465
"Compare_File_2924",2,847,423.50,423.50,85,762
"Compare_File_2287",2,845,422.50,422.50,82,763
"Compare_File_1953",2,838,419.00,419.00,24,814
"Compare_File_1959",2,836,418.00,418.00,252,584
"Compare_File_138",2,832,416.00,416.00,396,436
"Compare_File_963",2,832,416.00,416.00,62,770
"Compare_File_951",2,830,415.00,415.00,16,814
"Compare_File_112",2,826,413.00,413.00,95,731
"Compare_File_1692",2,815,407.50,407.50,36,779
"Compare_File_2662",2,805,402.50,402.50,121,684
"Compare_File_1463",2,804,402.00,402.00,49,755
"Compare_File_3667",2,804,402.00,402.00,121,683
"Compare_File_2791",2,800,400.00,400.00,297,503
"Compare_File_3910",2,798,399.00,399.00,27,771
"Compare_File_3594",2,796,398.00,398.00,174,622
"Compare_File_2687",2,796,398.00,398.00,333,463
"Compare_File_3907",2,789,394.50,394.50,12,777
"Compare_File_3888",2,788,394.00,394.00,157,631
"Compare_File_2514",2,786,393.00,393.00,391,395
"Compare_File_3733",2,785,392.50,392.50,30,755
"Compare_File_3538",2,784,392.00,392.00,36,748
"Compare_File_3728",2,784,392.00,392.00,33,751
"Compare_File_2710",2,784,392.00,392.00,299,485
"Compare_File_1919",2,783,391.50,391.50,21,762
"Compare_File_3422",2,780,390.00,390.00,77,703
"Compare_File_3761",2,779,389.50,389.50,169,610
"Compare_File_3467",2,772,386.00,386.00,101,671
"Compare_File_2933",2,772,386.00,386.00,57,715
"Compare_File_3914",2,770,385.00,385.00,25,745
"Compare_File_3071",2,770,385.00,385.00,21,749
"Compare_File_101",2,769,384.50,384.50,14,755
"Compare_File_2153",2,759,379.50,379.50,15,744
"Compare_File_1500",2,758,379.00,379.00,98,660
"Compare_File_1970",2,757,378.50,378.50,9,748
"Compare_File_1972",2,753,376.50,376.50,12,741
"Compare_File_1064",2,752,376.00,376.00,16,736
"Compare_File_288",2,749,374.50,374.50,180,569
"Compare_File_95",2,749,374.50,374.50,12,737
"Compare_File_2664",2,747,373.50,373.50,170,577
"Compare_File_1085",2,745,372.50,372.50,167,578
"Compare_File_3466",2,745,372.50,372.50,77,668
"Compare_File_581",2,745,372.50,372.50,121,624
"Compare_File_1438",2,743,371.50,371.50,143,600
"Compare_File_1491",2,743,371.50,371.50,142,601
"Compare_File_3693",2,740,370.00,370.00,33,707
"Compare_File_2785",2,734,367.00,367.00,40,694
"Compare_File_1975",2,733,366.50,366.50,162,571
"Compare_File_2936",2,729,364.50,364.50,30,699
"Compare_File_1184",2,729,364.50,364.50,312,417
"Compare_File_1334",2,728,364.00,364.00,359,369
"Compare_File_2293",2,726,363.00,363.00,265,461
"Compare_File_1750",2,726,363.00,363.00,164,562
"Compare_File_2508",2,720,360.00,360.00,136,584
"Compare_File_3423",2,716,358.00,358.00,19,697
"Compare_File_1862",2,715,357.50,357.50,195,520
"Compare_File_1129",2,715,357.50,357.50,66,649
"Compare_File_1399",2,715,357.50,357.50,181,534
"Compare_File_3928",2,714,357.00,357.00,98,616
"Compare_File_1713",2,714,357.00,357.00,67,647
"Compare_File_3885",2,710,355.00,355.00,41,669
"Compare_File_982",2,710,355.00,355.00,225,485
"Compare_File_2300",2,709,354.50,354.50,147,562
"Compare_File_538",2,706,353.00,353.00,103,603
"Compare_File_316",2,706,353.00,353.00,183,523
"Compare_File_2481",2,703,351.50,351.50,292,411
"Compare_File_846",2,701,350.50,350.50,206,495
"Compare_File_2471",2,701,350.50,350.50,262,439
"Compare_File_2877",2,700,350.00,350.00,15,685
"Compare_File_3117",2,698,349.00,349.00,139,559
"Compare_File_1067",2,697,348.50,348.50,10,687
"Compare_File_1098",2,697,348.50,348.50,198,499
"Compare_File_3901",2,696,348.00,348.00,191,505
"Compare_File_1259",2,691,345.50,345.50,99,592
"Compare_File_1353",2,691,345.50,345.50,303,388
"Compare_File_1256",2,691,345.50,345.50,233,458
"Compare_File_1265",2,690,345.00,345.00,255,435
"Compare_File_3463",2,690,345.00,345.00,114,576
"Compare_File_2997",2,683,341.50,341.50,141,542
"Compare_File_3261",2,681,340.50,340.50,293,388
"Compare_File_2657",2,681,340.50,340.50,255,426
"Compare_File_483",2,680,340.00,340.00,157,523
"Compare_File_3649",2,679,339.50,339.50,167,512
"Compare_File_2694",2,678,339.00,339.00,302,376
"Compare_File_127",2,677,338.50,338.50,45,632
"Compare_File_2332",2,676,338.00,338.00,9,667
"Compare_File_936",2,676,338.00,338.00,98,578
"Compare_File_3087",2,674,337.00,337.00,20,654
"Compare_File_3188",2,670,335.00,335.00,294,376
"Compare_File_3086",2,668,334.00,334.00,13,655
"Compare_File_2728",2,667,333.50,333.50,284,383
"Compare_File_3487",2,667,333.50,333.50,57,610
"Compare_File_1185",2,667,333.50,333.50,308,359
"Compare_File_1498",2,667,333.50,333.50,51,616
"Compare_File_3001",2,666,333.00,333.00,122,544
"Compare_File_2693",2,665,332.50,332.50,77,588
"Compare_File_2194",2,665,332.50,332.50,319,346
"Compare_File_3399",2,663,331.50,331.50,127,536
"Compare_File_3931",2,663,331.50,331.50,49,614
"Compare_File_3162",2,662,331.00,331.00,198,464
"Compare_File_2078",2,662,331.00,331.00,236,426
"Compare_File_2071",2,660,330.00,330.00,46,614
"Compare_File_3447",2,660,330.00,330.00,108,552
"Compare_File_3697",2,659,329.50,329.50,178,481
"Compare_File_2761",2,658,329.00,329.00,181,477
"Compare_File_3887",2,649,324.50,324.50,22,627
"Compare_File_1032",2,649,324.50,324.50,34,615
"Compare_File_1496",2,647,323.50,323.50,26,621
"Compare_File_3093",2,647,323.50,323.50,20,627
"Compare_File_474",2,645,322.50,322.50,84,561
"Compare_File_1345",2,645,322.50,322.50,161,484
"Compare_File_1439",2,644,322.00,322.00,252,392
"Compare_File_3783",2,643,321.50,321.50,21,622
"Compare_File_3444",2,641,320.50,320.50,66,575
"Compare_File_315",2,640,320.00,320.00,268,372
"Compare_File_129",2,638,319.00,319.00,142,496
"Compare_File_3424",2,638,319.00,319.00,73,565
"Compare_File_1762",2,638,319.00,319.00,52,586
"Compare_File_3872",2,637,318.50,318.50,242,395
"Compare_File_841",2,637,318.50,318.50,198,439
"Compare_File_1513",2,634,317.00,317.00,70,564
"Compare_File_3481",2,633,316.50,316.50,112,521
"Compare_File_681",2,632,316.00,316.00,74,558
"Compare_File_3137",2,631,315.50,315.50,231,400
"Compare_File_1510",2,629,314.50,314.50,85,544
"Compare_File_1031",2,623,311.50,311.50,181,442
"Compare_File_3729",2,622,311.00,311.00,17,605
"Compare_File_2518",2,619,309.50,309.50,106,513
"Compare_File_3063",2,619,309.50,309.50,145,474
"Compare_File_146",2,618,309.00,309.00,36,582
"Compare_File_2133",2,615,307.50,307.50,243,372
"Compare_File_81",2,614,307.00,307.00,82,532
"Compare_File_332",2,613,306.50,306.50,77,536
"Compare_File_3158",2,613,306.50,306.50,114,499
"Compare_File_3873",2,613,306.50,306.50,246,367
"Compare_File_82",2,612,306.00,306.00,124,488
"Compare_File_1763",2,611,305.50,305.50,296,315
"Compare_File_3720",2,610,305.00,305.00,82,528
"Compare_File_374",2,606,303.00,303.00,265,341
"Compare_File_3308",2,604,302.00,302.00,297,307
"Compare_File_284",2,604,302.00,302.00,274,330
"Compare_File_416",2,603,301.50,301.50,214,389
"Compare_File_1352",2,603,301.50,301.50,271,332
"Compare_File_2295",2,603,301.50,301.50,32,571
"Compare_File_3042",2,602,301.00,301.00,14,588
"Compare_File_3244",2,600,300.00,300.00,132,468
"Compare_File_125",2,599,299.50,299.50,23,576
"Compare_File_1370",2,598,299.00,299.00,245,353
"Compare_File_3724",2,598,299.00,299.00,81,517
"Compare_File_1566",2,597,298.50,298.50,267,330
"Compare_File_3419",2,595,297.50,297.50,191,404
"Compare_File_1478",2,593,296.50,296.50,81,512
"Compare_File_1093",2,592,296.00,296.00,70,522
"Compare_File_1508",2,591,295.50,295.50,28,563
"Compare_File_2656",2,589,294.50,294.50,269,320
"Compare_File_282",2,586,293.00,293.00,262,324
"Compare_File_2833",2,585,292.50,292.50,15,570
"Compare_File_2145",2,585,292.50,292.50,266,319
"Compare_File_302",2,584,292.00,292.00,104,480
"Compare_File_977",2,583,291.50,291.50,50,533
"Compare_File_2185",2,583,291.50,291.50,15,568
"Compare_File_2490",2,582,291.00,291.00,66,516
"Compare_File_366",2,580,290.00,290.00,246,334
"Compare_File_1874",2,579,289.50,289.50,67,512
"Compare_File_1157",2,578,289.00,289.00,24,554
"Compare_File_682",2,578,289.00,289.00,73,505
"Compare_File_3397",2,577,288.50,288.50,269,308
"Compare_File_3153",2,575,287.50,287.50,48,527
"Compare_File_3432",2,573,286.50,286.50,18,555
"Compare_File_3113",2,572,286.00,286.00,22,550
"Compare_File_128",2,571,285.50,285.50,66,505
"Compare_File_1248",2,571,285.50,285.50,173,398
"Compare_File_3480",2,567,283.50,283.50,72,495
"Compare_File_1840",2,566,283.00,283.00,15,551
"Compare_File_2644",2,565,282.50,282.50,83,482
"Compare_File_3621",2,565,282.50,282.50,49,516
"Compare_File_2594",2,565,282.50,282.50,206,359
"Compare_File_3639",2,562,281.00,281.00,80,482
"Compare_File_2065",2,561,280.50,280.50,23,538
"Compare_File_1976",2,560,280.00,280.00,117,443
"Compare_File_2533",2,558,279.00,279.00,166,392
"Compare_File_3505",2,558,279.00,279.00,121,437
"Compare_File_3764",2,558,279.00,279.00,16,542
"Compare_File_2830",2,557,278.50,278.50,15,542
"Compare_File_2765",2,556,278.00,278.00,227,329
"Compare_File_3813",2,555,277.50,277.50,16,539
"Compare_File_609",2,555,277.50,277.50,27,528
"Compare_File_2669",2,554,277.00,277.00,16,538
"Compare_File_3961",2,553,276.50,276.50,223,330
"Compare_File_3439",2,553,276.50,276.50,175,378
"Compare_File_126",2,553,276.50,276.50,52,501
"Compare_File_3871",2,551,275.50,275.50,240,311
"Compare_File_3472",2,548,274.00,274.00,237,311
"Compare_File_2593",2,546,273.00,273.00,225,321
"Compare_File_497",2,546,273.00,273.00,122,424
"Compare_File_2902",2,546,273.00,273.00,10,536
"Compare_File_3954",2,545,272.50,272.50,195,350
"Compare_File_3067",2,544,272.00,272.00,26,518
"Compare_File_2727",2,544,272.00,272.00,135,409
"Compare_File_3045",2,544,272.00,272.00,33,511
"Compare_File_1245",2,544,272.00,272.00,223,321
"Compare_File_3312",2,540,270.00,270.00,251,289
"Compare_File_855",2,540,270.00,270.00,174,366
"Compare_File_3490",2,539,269.50,269.50,91,448
"Compare_File_1111",2,539,269.50,269.50,14,525
"Compare_File_402",2,538,269.00,269.00,145,393
"Compare_File_863",2,538,269.00,269.00,214,324
"Compare_File_3013",2,538,269.00,269.00,17,521
"Compare_File_3625",2,537,268.50,268.50,154,383
"Compare_File_1441",2,536,268.00,268.00,166,370
"Compare_File_2211",2,535,267.50,267.50,177,358
"Compare_File_2655",2,535,267.50,267.50,107,428
"Compare_File_2376",2,534,267.00,267.00,93,441
"Compare_File_1252",2,534,267.00,267.00,154,380
"Compare_File_1380",2,533,266.50,266.50,258,275
"Compare_File_1731",2,533,266.50,266.50,17,516
"Compare_File_2876",2,531,265.50,265.50,18,513
"Compare_File_3848",2,530,265.00,265.00,78,452
"Compare_File_2854",2,530,265.00,265.00,71,459
"Compare_File_3577",2,529,264.50,264.50,48,481
"Compare_File_503",2,529,264.50,264.50,166,363
"Compare_File_1094",2,528,264.00,264.00,106,422
"Compare_File_3900",2,527,263.50,263.50,18,509
"Compare_File_1063",2,526,263.00,263.00,44,482
"Compare_File_2658",2,526,263.00,263.00,115,411
"Compare_File_1318",2,523,261.50,261.50,208,315
"Compare_File_1877",2,523,261.50,261.50,33,490
"Compare_File_3962",2,520,260.00,260.00,218,302
"Compare_File_171",2,520,260.00,260.00,29,491
"Compare_File_3048",2,519,259.50,259.50,219,300
"Compare_File_2292",2,519,259.50,259.50,52,467
"Compare_File_2794",2,518,259.00,259.00,120,398
"Compare_File_167",2,518,259.00,259.00,61,457
"Compare_File_1675",2,517,258.50,258.50,127,390
"Compare_File_852",2,517,258.50,258.50,157,360
"Compare_File_2827",2,516,258.00,258.00,22,494
"Compare_File_3641",2,516,258.00,258.00,12,504
"Compare_File_3886",2,515,257.50,257.50,146,369
"Compare_File_3190",2,515,257.50,257.50,222,293
"Compare_File_1671",2,515,257.50,257.50,25,490
"Compare_File_2930",2,513,256.50,256.50,34,479
"Compare_File_2746",2,513,256.50,256.50,79,434
"Compare_File_3609",2,510,255.00,255.00,29,481
"Compare_File_1640",2,510,255.00,255.00,14,496
"Compare_File_847",2,508,254.00,254.00,201,307
"Compare_File_3398",2,508,254.00,254.00,238,270
"Compare_File_1200",2,508,254.00,254.00,47,461
"Compare_File_3303",2,506,253.00,253.00,197,309
"Compare_File_1196",2,506,253.00,253.00,193,313
"Compare_File_3482",2,505,252.50,252.50,40,465
"Compare_File_3717",2,504,252.00,252.00,128,376
"Compare_File_3344",2,503,251.50,251.50,86,417
"Compare_File_3857",2,503,251.50,251.50,212,291
"Compare_File_2079",2,502,251.00,251.00,41,461
"Compare_File_3534",2,502,251.00,251.00,101,401
"Compare_File_67",2,500,250.00,250.00,129,371
"Compare_File_3355",2,500,250.00,250.00,149,351
"Compare_File_2621",2,499,249.50,249.50,70,429
"Compare_File_1065",2,497,248.50,248.50,12,485
"Compare_File_2762",2,496,248.00,248.00,155,341
"Compare_File_2777",2,496,248.00,248.00,161,335
"Compare_File_3326",2,496,248.00,248.00,183,313
"Compare_File_308",2,493,246.50,246.50,65,428
"Compare_File_3165",2,493,246.50,246.50,26,467
"Compare_File_2515",2,493,246.50,246.50,125,368
"Compare_File_3021",2,492,246.00,246.00,109,383
"Compare_File_3425",2,491,245.50,245.50,26,465
"Compare_File_1898",2,490,245.00,245.00,168,322
"Compare_File_1670",2,490,245.00,245.00,194,296
"Compare_File_131",2,489,244.50,244.50,84,405
"Compare_File_1603",2,488,244.00,244.00,18,470
"Compare_File_1864",2,488,244.00,244.00,19,469
"Compare_File_3025",2,487,243.50,243.50,26,461
"Compare_File_3951",2,486,243.00,243.00,120,366
"Compare_File_1398",2,486,243.00,243.00,103,383
"Compare_File_3908",2,484,242.00,242.00,28,456
"Compare_File_986",2,484,242.00,242.00,19,465
"Compare_File_3633",2,483,241.50,241.50,133,350
"Compare_File_3869",2,483,241.50,241.50,91,392
"Compare_File_206",2,483,241.50,241.50,186,297
"Compare_File_3884",2,483,241.50,241.50,134,349
"Compare_File_2824",2,482,241.00,241.00,40,442
"Compare_File_1322",2,480,240.00,240.00,240,240
"Compare_File_1576",2,480,240.00,240.00,163,317
"Compare_File_3574",2,480,240.00,240.00,149,331
"Compare_File_65",2,480,240.00,240.00,101,379
"Compare_File_1246",2,479,239.50,239.50,161,318
"Compare_File_498",2,478,239.00,239.00,49,429
"Compare_File_2546",2,478,239.00,239.00,26,452
"Compare_File_1609",2,477,238.50,238.50,151,326
"Compare_File_419",2,477,238.50,238.50,192,285
"Compare_File_3011",2,476,238.00,238.00,13,463
"Compare_File_149",2,474,237.00,237.00,84,390
"Compare_File_1872",2,473,236.50,236.50,202,271
"Compare_File_692",2,472,236.00,236.00,86,386
"Compare_File_1497",2,472,236.00,236.00,72,400
"Compare_File_2527",2,472,236.00,236.00,21,451
"Compare_File_412",2,472,236.00,236.00,60,412
"Compare_File_420",2,471,235.50,235.50,189,282
"Compare_File_3091",2,471,235.50,235.50,81,390
"Compare_File_2806",2,470,235.00,235.00,25,445
"Compare_File_2818",2,470,235.00,235.00,229,241
"Compare_File_854",2,470,235.00,235.00,142,328
"Compare_File_684",2,469,234.50,234.50,181,288
"Compare_File_1202",2,469,234.50,234.50,183,286
"Compare_File_2809",2,468,234.00,234.00,154,314
"Compare_File_3504",2,468,234.00,234.00,50,418
"Compare_File_3723",2,468,234.00,234.00,92,376
"Compare_File_2652",2,468,234.00,234.00,41,427
"Compare_File_3882",2,467,233.50,233.50,215,252
"Compare_File_3575",2,466,233.00,233.00,32,434
"Compare_File_3465",2,465,232.50,232.50,80,385
"Compare_File_3759",2,465,232.50,232.50,78,387
"Compare_File_3396",2,464,232.00,232.00,158,306
"Compare_File_1303",2,464,232.00,232.00,231,233
"Compare_File_2469",2,464,232.00,232.00,86,378
"Compare_File_130",2,463,231.50,231.50,51,412
"Compare_File_69",2,462,231.00,231.00,128,334
"Compare_File_2659",2,462,231.00,231.00,197,265
"Compare_File_704",2,462,231.00,231.00,112,350
"Compare_File_3532",2,462,231.00,231.00,18,444
"Compare_File_3913",2,461,230.50,230.50,11,450
"Compare_File_2756",2,461,230.50,230.50,22,439
"Compare_File_3546",2,461,230.50,230.50,144,317
"Compare_File_2863",2,460,230.00,230.00,73,387
"Compare_File_3260",2,459,229.50,229.50,198,261
"Compare_File_1799",2,459,229.50,229.50,201,258
"Compare_File_3198",2,459,229.50,229.50,120,339
"Compare_File_3254",2,458,229.00,229.00,194,264
"Compare_File_2511",2,458,229.00,229.00,36,422
"Compare_File_1437",2,457,228.50,228.50,81,376
"Compare_File_3620",2,457,228.50,228.50,160,297
"Compare_File_3573",2,456,228.00,228.00,60,396
"Compare_File_1021",2,455,227.50,227.50,31,424
"Compare_File_3651",2,455,227.50,227.50,23,432
"Compare_File_3780",2,455,227.50,227.50,19,436
"Compare_File_414",2,455,227.50,227.50,96,359
"Compare_File_1608",2,454,227.00,227.00,155,299
"Compare_File_929",2,454,227.00,227.00,193,261
"Compare_File_3024",2,454,227.00,227.00,115,339
"Compare_File_286",2,454,227.00,227.00,225,229
"Compare_File_3154",2,452,226.00,226.00,48,404
"Compare_File_3960",2,452,226.00,226.00,132,320
"Compare_File_1189",2,452,226.00,226.00,55,397
"Compare_File_2953",2,451,225.50,225.50,80,371
"Compare_File_254",2,451,225.50,225.50,138,313
"Compare_File_306",2,451,225.50,225.50,212,239
"Compare_File_2620",2,450,225.00,225.00,178,272
"Compare_File_291",2,450,225.00,225.00,140,310
"Compare_File_1810",2,450,225.00,225.00,117,333
"Compare_File_1175",2,450,225.00,225.00,15,435
"Compare_File_172",2,449,224.50,224.50,205,244
"Compare_File_3818",2,449,224.50,224.50,178,271
"Compare_File_1740",2,449,224.50,224.50,200,249
"Compare_File_234",2,448,224.00,224.00,160,288
"Compare_File_3527",2,448,224.00,224.00,14,434
"Compare_File_2289",2,447,223.50,223.50,67,380
"Compare_File_1410",2,447,223.50,223.50,117,330
"Compare_File_386",2,446,223.00,223.00,181,265
"Compare_File_707",2,446,223.00,223.00,23,423
"Compare_File_406",2,445,222.50,222.50,91,354
"Compare_File_158",2,445,222.50,222.50,80,365
"Compare_File_3814",2,444,222.00,222.00,12,432
"Compare_File_3064",2,444,222.00,222.00,94,350
"Compare_File_853",2,444,222.00,222.00,174,270
"Compare_File_373",2,443,221.50,221.50,196,247
"Compare_File_3560",2,440,220.00,220.00,10,430
"Compare_File_184",2,440,220.00,220.00,144,296
"Compare_File_2232",2,439,219.50,219.50,33,406
"Compare_File_2372",2,439,219.50,219.50,118,321
"Compare_File_105",2,439,219.50,219.50,117,322
"Compare_File_2547",2,438,219.00,219.00,71,367
"Compare_File_255",2,438,219.00,219.00,119,319
"Compare_File_2168",2,438,219.00,219.00,28,410
"Compare_File_2526",2,437,218.50,218.50,71,366
"Compare_File_3630",2,437,218.50,218.50,69,368
"Compare_File_3934",2,437,218.50,218.50,64,373
"Compare_File_3138",2,437,218.50,218.50,217,220
"Compare_File_3468",2,435,217.50,217.50,21,414
"Compare_File_2147",2,435,217.50,217.50,147,288
"Compare_File_3867",2,435,217.50,217.50,90,345
"Compare_File_2101",2,434,217.00,217.00,35,399
"Compare_File_1148",2,433,216.50,216.50,95,338
"Compare_File_2921",2,433,216.50,216.50,14,419
"Compare_File_3196",2,432,216.00,216.00,183,249
"Compare_File_2296",2,432,216.00,216.00,22,410
"Compare_File_814",2,431,215.50,215.50,23,408
"Compare_File_1260",2,431,215.50,215.50,88,343
"Compare_File_2479",2,430,215.00,215.00,29,401
"Compare_File_2695",2,430,215.00,215.00,82,348
"Compare_File_3533",2,430,215.00,215.00,149,281
"Compare_File_3129",2,429,214.50,214.50,11,418
"Compare_File_3262",2,429,214.50,214.50,186,243
"Compare_File_252",2,428,214.00,214.00,110,318
"Compare_File_1611",2,428,214.00,214.00,31,397
"Compare_File_3547",2,427,213.50,213.50,115,312
"Compare_File_1522",2,426,213.00,213.00,11,415
"Compare_File_470",2,426,213.00,213.00,141,285
"Compare_File_783",2,426,213.00,213.00,28,398
"Compare_File_3903",2,425,212.50,212.50,26,399
"Compare_File_1717",2,424,212.00,212.00,177,247
"Compare_File_3046",2,424,212.00,212.00,17,407
"Compare_File_3690",2,424,212.00,212.00,150,274
"Compare_File_3964",2,423,211.50,211.50,97,326
"Compare_File_2182",2,423,211.50,211.50,99,324
"Compare_File_3389",2,423,211.50,211.50,102,321
"Compare_File_901",2,422,211.00,211.00,92,330
"Compare_File_2586",2,422,211.00,211.00,204,218
"Compare_File_417",2,422,211.00,211.00,113,309
"Compare_File_954",2,421,210.50,210.50,23,398
"Compare_File_3923",2,421,210.50,210.50,27,394
"Compare_File_1195",2,419,209.50,209.50,14,405
"Compare_File_1338",2,418,209.00,209.00,77,341
"Compare_File_1541",2,416,208.00,208.00,39,377
"Compare_File_3215",2,416,208.00,208.00,79,337
"Compare_File_2335",2,415,207.50,207.50,165,250
"Compare_File_312",2,415,207.50,207.50,27,388
"Compare_File_3322",2,415,207.50,207.50,183,232
"Compare_File_3498",2,413,206.50,206.50,53,360
"Compare_File_2334",2,413,206.50,206.50,55,358
"Compare_File_3568",2,412,206.00,206.00,37,375
"Compare_File_1712",2,412,206.00,206.00,27,385
"Compare_File_998",2,412,206.00,206.00,172,240
"Compare_File_3488",2,412,206.00,206.00,45,367
"Compare_File_965",2,412,206.00,206.00,153,259
"Compare_File_103",2,412,206.00,206.00,59,353
"Compare_File_387",2,412,206.00,206.00,135,277
"Compare_File_413",2,411,205.50,205.50,85,326
"Compare_File_2228",2,411,205.50,205.50,66,345
"Compare_File_824",2,411,205.50,205.50,72,339
"Compare_File_3588",2,411,205.50,205.50,148,263
"Compare_File_945",2,410,205.00,205.00,22,388
"Compare_File_2327",2,410,205.00,205.00,29,381
"Compare_File_292",2,410,205.00,205.00,120,290
"Compare_File_64",2,410,205.00,205.00,109,301
"Compare_File_3811",2,410,205.00,205.00,42,368
"Compare_File_1694",2,409,204.50,204.50,35,374
"Compare_File_2618",2,409,204.50,204.50,183,226
"Compare_File_1452",2,409,204.50,204.50,48,361
"Compare_File_307",2,408,204.00,204.00,170,238
"Compare_File_3655",2,408,204.00,204.00,20,388
"Compare_File_2302",2,408,204.00,204.00,142,266
"Compare_File_839",2,408,204.00,204.00,137,271
"Compare_File_1003",2,408,204.00,204.00,16,392
"Compare_File_151",2,408,204.00,204.00,40,368
"Compare_File_1368",2,408,204.00,204.00,36,372
"Compare_File_1183",2,407,203.50,203.50,98,309
"Compare_File_3631",2,407,203.50,203.50,152,255
"Compare_File_394",2,407,203.50,203.50,98,309
"Compare_File_1449",2,407,203.50,203.50,14,393
"Compare_File_874",2,406,203.00,203.00,142,264
"Compare_File_3566",2,406,203.00,203.00,58,348
"Compare_File_3418",2,406,203.00,203.00,39,367
"Compare_File_2037",2,405,202.50,202.50,24,381
"Compare_File_1247",2,405,202.50,202.50,29,376
"Compare_File_1445",2,404,202.00,202.00,11,393
"Compare_File_3375",2,404,202.00,202.00,90,314
"Compare_File_2870",2,404,202.00,202.00,91,313
"Compare_File_2663",2,404,202.00,202.00,180,224
"Compare_File_1086",2,403,201.50,201.50,69,334
"Compare_File_372",2,403,201.50,201.50,135,268
"Compare_File_3519",2,403,201.50,201.50,51,352
"Compare_File_350",2,403,201.50,201.50,20,383
"Compare_File_2080",2,402,201.00,201.00,33,369
"Compare_File_1365",2,402,201.00,201.00,40,362
"Compare_File_2965",2,401,200.50,200.50,61,340
"Compare_File_3810",2,401,200.50,200.50,84,317
"Compare_File_2711",2,400,200.00,200.00,29,371
"Compare_File_3952",2,399,199.50,199.50,18,381
"Compare_File_3835",2,398,199.00,199.00,179,219
"Compare_File_1719",2,398,199.00,199.00,161,237
"Compare_File_2164",2,398,199.00,199.00,29,369
"Compare_File_1981",2,397,198.50,198.50,72,325
"Compare_File_3817",2,397,198.50,198.50,91,306
"Compare_File_2231",2,397,198.50,198.50,40,357
"Compare_File_1569",2,397,198.50,198.50,108,289
"Compare_File_3186",2,397,198.50,198.50,99,298
"Compare_File_428",2,397,198.50,198.50,182,215
"Compare_File_426",2,396,198.00,198.00,186,210
"Compare_File_404",2,395,197.50,197.50,141,254
"Compare_File_1315",2,394,197.00,197.00,160,234
"Compare_File_975",2,394,197.00,197.00,174,220
"Compare_File_276",2,394,197.00,197.00,83,311
"Compare_File_1853",2,393,196.50,196.50,169,224
"Compare_File_1182",2,393,196.50,196.50,183,210
"Compare_File_2216",2,393,196.50,196.50,27,366
"Compare_File_2356",2,392,196.00,196.00,104,288
"Compare_File_2795",2,392,196.00,196.00,45,347
"Compare_File_3556",2,392,196.00,196.00,11,381
"Compare_File_3721",2,392,196.00,196.00,38,354
"Compare_File_3819",2,392,196.00,196.00,53,339
"Compare_File_3858",2,391,195.50,195.50,12,379
"Compare_File_1757",2,391,195.50,195.50,13,378
"Compare_File_850",2,389,194.50,194.50,29,360
"Compare_File_452",2,389,194.50,194.50,113,276
"Compare_File_3358",2,389,194.50,194.50,176,213
"Compare_File_3320",2,389,194.50,194.50,44,345
"Compare_File_1354",2,389,194.50,194.50,119,270
"Compare_File_2993",2,388,194.00,194.00,23,365
"Compare_File_2929",2,388,194.00,194.00,44,344
"Compare_File_2633",2,387,193.50,193.50,37,350
"Compare_File_715",2,387,193.50,193.50,18,369
"Compare_File_1444",2,387,193.50,193.50,190,197
"Compare_File_3662",2,386,193.00,193.00,34,352
"Compare_File_2541",2,386,193.00,193.00,26,360
"Compare_File_2768",2,386,193.00,193.00,43,343
"Compare_File_927",2,385,192.50,192.50,156,229
"Compare_File_3748",2,385,192.50,192.50,25,360
"Compare_File_1688",2,385,192.50,192.50,70,315
"Compare_File_3591",2,384,192.00,192.00,12,372
"Compare_File_1372",2,384,192.00,192.00,41,343
"Compare_File_1724",2,384,192.00,192.00,182,202
"Compare_File_2203",2,384,192.00,192.00,27,357
"Compare_File_313",2,383,191.50,191.50,47,336
"Compare_File_2639",2,383,191.50,191.50,116,267
"Compare_File_3648",2,382,191.00,191.00,58,324
"Compare_File_2868",2,382,191.00,191.00,19,363
"Compare_File_1433",2,382,191.00,191.00,88,294
"Compare_File_1011",2,382,191.00,191.00,15,367
"Compare_File_147",2,381,190.50,190.50,48,333
"Compare_File_2592",2,381,190.50,190.50,18,363
"Compare_File_2477",2,379,189.50,189.50,59,320
"Compare_File_845",2,379,189.50,189.50,123,256
"Compare_File_3718",2,378,189.00,189.00,19,359
"Compare_File_415",2,378,189.00,189.00,170,208
"Compare_File_3775",2,377,188.50,188.50,123,254
"Compare_File_1571",2,377,188.50,188.50,44,333
"Compare_File_2950",2,377,188.50,188.50,114,263
"Compare_File_2102",2,377,188.50,188.50,29,348
"Compare_File_77",2,377,188.50,188.50,57,320
"Compare_File_623",2,376,188.00,188.00,44,332
"Compare_File_246",2,376,188.00,188.00,18,358
"Compare_File_3712",2,375,187.50,187.50,41,334
"Compare_File_1659",2,374,187.00,187.00,28,346
"Compare_File_1613",2,374,187.00,187.00,169,205
"Compare_File_208",2,374,187.00,187.00,123,251
"Compare_File_259",2,374,187.00,187.00,60,314
"Compare_File_3316",2,373,186.50,186.50,29,344
"Compare_File_1241",2,373,186.50,186.50,184,189
"Compare_File_3877",2,373,186.50,186.50,56,317
"Compare_File_421",2,373,186.50,186.50,144,229
"Compare_File_247",2,373,186.50,186.50,135,238
"Compare_File_2836",2,373,186.50,186.50,10,363
"Compare_File_1904",2,373,186.50,186.50,12,361
"Compare_File_2406",2,372,186.00,186.00,97,275
"Compare_File_290",2,372,186.00,186.00,180,192
"Compare_File_311",2,372,186.00,186.00,75,297
"Compare_File_3289",2,372,186.00,186.00,111,261
"Compare_File_2351",2,371,185.50,185.50,12,359
"Compare_File_1575",2,371,185.50,185.50,28,343
"Compare_File_1330",2,370,185.00,185.00,9,361
"Compare_File_3762",2,370,185.00,185.00,22,348
"Compare_File_1084",2,370,185.00,185.00,103,267
"Compare_File_3670",2,370,185.00,185.00,25,345
"Compare_File_3545",2,370,185.00,185.00,171,199
"Compare_File_717",2,368,184.00,184.00,19,349
"Compare_File_3499",2,367,183.50,183.50,92,275
"Compare_File_3645",2,367,183.50,183.50,9,358
"Compare_File_3043",2,367,183.50,183.50,73,294
"Compare_File_3665",2,366,183.00,183.00,35,331
"Compare_File_796",2,366,183.00,183.00,50,316
"Compare_File_2752",2,366,183.00,183.00,91,275
"Compare_File_3296",2,365,182.50,182.50,10,355
"Compare_File_422",2,365,182.50,182.50,142,223
"Compare_File_812",2,365,182.50,182.50,67,298
"Compare_File_3189",2,364,182.00,182.00,93,271
"Compare_File_253",2,364,182.00,182.00,65,299
"Compare_File_1748",2,364,182.00,182.00,13,351
"Compare_File_2731",2,364,182.00,182.00,147,217
"Compare_File_3906",2,364,182.00,182.00,11,353
"Compare_File_3535",2,363,181.50,181.50,36,327
"Compare_File_482",2,363,181.50,181.50,68,295
"Compare_File_2197",2,363,181.50,181.50,130,233
"Compare_File_1149",2,363,181.50,181.50,139,224
"Compare_File_2804",2,363,181.50,181.50,19,344
"Compare_File_3280",2,363,181.50,181.50,24,339
"Compare_File_2054",2,362,181.00,181.00,36,326
"Compare_File_1243",2,362,181.00,181.00,29,333
"Compare_File_3321",2,361,180.50,180.50,116,245
"Compare_File_3291",2,361,180.50,180.50,56,305
"Compare_File_1130",2,361,180.50,180.50,158,203
"Compare_File_3760",2,361,180.50,180.50,31,330
"Compare_File_1573",2,360,180.00,180.00,37,323
"Compare_File_1821",2,360,180.00,180.00,58,302
"Compare_File_281",2,360,180.00,180.00,175,185
"Compare_File_3899",2,360,180.00,180.00,88,272
"Compare_File_203",2,359,179.50,179.50,153,206
"Compare_File_107",2,359,179.50,179.50,70,289
"Compare_File_2224",2,359,179.50,179.50,40,319
"Compare_File_2784",2,358,179.00,179.00,148,210
"Compare_File_1811",2,358,179.00,179.00,19,339
"Compare_File_1443",2,358,179.00,179.00,116,242
"Compare_File_527",2,358,179.00,179.00,27,331
"Compare_File_2373",2,358,179.00,179.00,130,228
"Compare_File_2688",2,357,178.50,178.50,61,296
"Compare_File_2800",2,357,178.50,178.50,69,288
"Compare_File_1400",2,356,178.00,178.00,125,231
"Compare_File_2414",2,356,178.00,178.00,136,220
"Compare_File_1479",2,356,178.00,178.00,30,326
"Compare_File_650",2,356,178.00,178.00,11,345
"Compare_File_3701",2,356,178.00,178.00,42,314
"Compare_File_356",2,356,178.00,178.00,167,189
"Compare_File_3626",2,356,178.00,178.00,175,181
"Compare_File_3148",2,356,178.00,178.00,25,331
"Compare_File_2551",2,356,178.00,178.00,13,343
"Compare_File_2787",2,354,177.00,177.00,36,318
"Compare_File_2482",2,354,177.00,177.00,79,275
"Compare_File_2305",2,354,177.00,177.00,90,264
"Compare_File_1308",2,354,177.00,177.00,114,240
"Compare_File_2161",2,353,176.50,176.50,9,344
"Compare_File_3891",2,353,176.50,176.50,15,338
"Compare_File_2938",2,353,176.50,176.50,27,326
"Compare_File_305",2,353,176.50,176.50,149,204
"Compare_File_266",2,353,176.50,176.50,127,226
"Compare_File_3002",2,353,176.50,176.50,14,339
"Compare_File_2528",2,352,176.00,176.00,11,341
"Compare_File_618",2,352,176.00,176.00,21,331
"Compare_File_799",2,351,175.50,175.50,33,318
"Compare_File_3038",2,351,175.50,175.50,56,295
"Compare_File_2510",2,350,175.00,175.00,109,241
"Compare_File_2857",2,350,175.00,175.00,103,247
"Compare_File_2223",2,350,175.00,175.00,27,323
"Compare_File_2214",2,350,175.00,175.00,12,338
"Compare_File_3879",2,349,174.50,174.50,47,302
"Compare_File_2555",2,349,174.50,174.50,11,338
"Compare_File_3530",2,349,174.50,174.50,34,315
"Compare_File_1169",2,349,174.50,174.50,56,293
"Compare_File_1829",2,349,174.50,174.50,93,256
"Compare_File_1088",2,349,174.50,174.50,68,281
"Compare_File_817",2,349,174.50,174.50,59,290
"Compare_File_2198",2,348,174.00,174.00,113,235
"Compare_File_274",2,348,174.00,174.00,91,257
"Compare_File_1159",2,347,173.50,173.50,35,312
"Compare_File_2107",2,347,173.50,173.50,35,312
"Compare_File_2588",2,347,173.50,173.50,11,336
"Compare_File_3557",2,347,173.50,173.50,13,334
"Compare_File_1440",2,346,173.00,173.00,26,320
"Compare_File_1126",2,346,173.00,173.00,20,326
"Compare_File_2792",2,346,173.00,173.00,155,191
"Compare_File_1860",2,345,172.50,172.50,107,238
"Compare_File_1623",2,345,172.50,172.50,9,336
"Compare_File_723",2,344,172.00,172.00,20,324
"Compare_File_3880",2,344,172.00,172.00,87,257
"Compare_File_525",2,344,172.00,172.00,10,334
"Compare_File_2937",2,343,171.50,171.50,107,236
"Compare_File_1278",2,343,171.50,171.50,169,174
"Compare_File_1435",2,343,171.50,171.50,35,308
"Compare_File_1577",2,343,171.50,171.50,22,321
"Compare_File_1885",2,342,171.00,171.00,25,317
"Compare_File_1789",2,342,171.00,171.00,40,302
"Compare_File_2129",2,342,171.00,171.00,123,219
"Compare_File_3216",2,341,170.50,170.50,66,275
"Compare_File_1276",2,341,170.50,170.50,51,290
"Compare_File_289",2,341,170.50,170.50,150,191
"Compare_File_915",2,340,170.00,170.00,71,269
"Compare_File_3126",2,340,170.00,170.00,55,285
"Compare_File_1310",2,340,170.00,170.00,148,192
"Compare_File_3392",2,340,170.00,170.00,150,190
"Compare_File_2994",2,339,169.50,169.50,157,182
"Compare_File_3503",2,339,169.50,169.50,128,211
"Compare_File_298",2,339,169.50,169.50,169,170
"Compare_File_2674",2,339,169.50,169.50,119,220
"Compare_File_1555",2,339,169.50,169.50,40,299
"Compare_File_928",2,338,169.00,169.00,150,188
"Compare_File_1258",2,338,169.00,169.00,130,208
"Compare_File_3323",2,338,169.00,169.00,22,316
"Compare_File_3856",2,338,169.00,169.00,36,302
"Compare_File_1431",2,338,169.00,169.00,34,304
"Compare_File_429",2,337,168.50,168.50,124,213
"Compare_File_480",2,337,168.50,168.50,127,210
"Compare_File_3251",2,337,168.50,168.50,138,199
"Compare_File_3936",2,337,168.50,168.50,61,276
"Compare_File_242",2,337,168.50,168.50,159,178
"Compare_File_925",2,336,168.00,168.00,53,283
"Compare_File_3427",2,336,168.00,168.00,12,324
"Compare_File_795",2,336,168.00,168.00,18,318
"Compare_File_2764",2,336,168.00,168.00,44,292
"Compare_File_785",2,336,168.00,168.00,125,211
"Compare_File_690",2,335,167.50,167.50,115,220
"Compare_File_3365",2,335,167.50,167.50,13,322
"Compare_File_1049",2,335,167.50,167.50,97,238
"Compare_File_3629",2,335,167.50,167.50,87,248
"Compare_File_2472",2,335,167.50,167.50,79,256
"Compare_File_1973",2,335,167.50,167.50,10,325
"Compare_File_1382",2,335,167.50,167.50,41,294
"Compare_File_1114",2,335,167.50,167.50,21,314
"Compare_File_1040",2,334,167.00,167.00,146,188
"Compare_File_3683",2,334,167.00,167.00,134,200
"Compare_File_1451",2,334,167.00,167.00,12,322
"Compare_File_1557",2,334,167.00,167.00,20,314
"Compare_File_1240",2,334,167.00,167.00,85,249
"Compare_File_400",2,333,166.50,166.50,28,305
"Compare_File_1295",2,333,166.50,166.50,146,187
"Compare_File_360",2,333,166.50,166.50,24,309
"Compare_File_3754",2,333,166.50,166.50,53,280
"Compare_File_3493",2,333,166.50,166.50,74,259
"Compare_File_3529",2,333,166.50,166.50,48,285
"Compare_File_2291",2,332,166.00,166.00,76,256
"Compare_File_844",2,332,166.00,166.00,81,251
"Compare_File_3636",2,332,166.00,166.00,15,317
"Compare_File_2926",2,332,166.00,166.00,125,207
"Compare_File_3253",2,331,165.50,165.50,133,198
"Compare_File_297",2,330,165.00,165.00,90,240
"Compare_File_395",2,330,165.00,165.00,21,309
"Compare_File_835",2,330,165.00,165.00,21,309
"Compare_File_2704",2,329,164.50,164.50,142,187
"Compare_File_3192",2,329,164.50,164.50,65,264
"Compare_File_2140",2,329,164.50,164.50,10,319
"Compare_File_3963",2,329,164.50,164.50,25,304
"Compare_File_481",2,328,164.00,164.00,85,243
"Compare_File_228",2,328,164.00,164.00,124,204
"Compare_File_1854",2,328,164.00,164.00,18,310
"Compare_File_3666",2,328,164.00,164.00,32,296
"Compare_File_1985",2,327,163.50,163.50,37,290
"Compare_File_1366",2,327,163.50,163.50,85,242
"Compare_File_2463",2,327,163.50,163.50,33,294
"Compare_File_2448",2,327,163.50,163.50,82,245
"Compare_File_1356",2,327,163.50,163.50,25,302
"Compare_File_2816",2,326,163.00,163.00,126,200
"Compare_File_2825",2,326,163.00,163.00,86,240
"Compare_File_818",2,326,163.00,163.00,129,197
"Compare_File_401",2,326,163.00,163.00,25,301
"Compare_File_941",2,326,163.00,163.00,70,256
"Compare_File_952",2,326,163.00,163.00,45,281
"Compare_File_2812",2,326,163.00,163.00,17,309
"Compare_File_2815",2,326,163.00,163.00,110,216
"Compare_File_1201",2,326,163.00,163.00,21,305
"Compare_File_2234",2,325,162.50,162.50,100,225
"Compare_File_424",2,325,162.50,162.50,89,236
"Compare_File_1835",2,325,162.50,162.50,89,236
"Compare_File_793",2,325,162.50,162.50,19,306
"Compare_File_2401",2,325,162.50,162.50,20,305
"Compare_File_976",2,325,162.50,162.50,52,273
"Compare_File_3020",2,324,162.00,162.00,123,201
"Compare_File_2557",2,324,162.00,162.00,11,313
"Compare_File_453",2,324,162.00,162.00,123,201
"Compare_File_1188",2,323,161.50,161.50,27,296
"Compare_File_823",2,323,161.50,161.50,25,298
"Compare_File_1949",2,322,161.00,161.00,160,162
"Compare_File_2399",2,322,161.00,161.00,17,305
"Compare_File_3212",2,322,161.00,161.00,42,280
"Compare_File_3967",2,322,161.00,161.00,17,305
"Compare_File_2367",2,322,161.00,161.00,55,267
"Compare_File_383",2,322,161.00,161.00,34,288
"Compare_File_3966",2,322,161.00,161.00,18,304
"Compare_File_1239",2,321,160.50,160.50,115,206
"Compare_File_2971",2,321,160.50,160.50,20,301
"Compare_File_3920",2,320,160.00,160.00,22,298
"Compare_File_2589",2,320,160.00,160.00,13,307
"Compare_File_1982",2,319,159.50,159.50,22,297
"Compare_File_3569",2,319,159.50,159.50,32,287
"Compare_File_2519",2,319,159.50,159.50,144,175
"Compare_File_1448",2,319,159.50,159.50,10,309
"Compare_File_3195",2,319,159.50,159.50,87,232
"Compare_File_2122",2,319,159.50,159.50,151,168
"Compare_File_1349",2,319,159.50,159.50,34,285
"Compare_File_3036",2,319,159.50,159.50,65,254
"Compare_File_441",2,317,158.50,158.50,74,243
"Compare_File_3755",2,317,158.50,158.50,59,258
"Compare_File_2865",2,317,158.50,158.50,76,241
"Compare_File_2607",2,316,158.00,158.00,16,300
"Compare_File_3781",2,316,158.00,158.00,102,214
"Compare_File_1777",2,316,158.00,158.00,9,307
"Compare_File_3706",2,316,158.00,158.00,39,277
"Compare_File_2691",2,316,158.00,158.00,11,305
"Compare_File_205",2,316,158.00,158.00,156,160
"Compare_File_2123",2,316,158.00,158.00,36,280
"Compare_File_1377",2,316,158.00,158.00,23,293
"Compare_File_1309",2,316,158.00,158.00,109,207
"Compare_File_134",2,315,157.50,157.50,118,197
"Compare_File_3016",2,315,157.50,157.50,122,193
"Compare_File_443",2,314,157.00,157.00,115,199
"Compare_File_3679",2,314,157.00,157.00,116,198
"Compare_File_3281",2,314,157.00,157.00,12,302
"Compare_File_450",2,314,157.00,157.00,67,247
"Compare_File_397",2,313,156.50,156.50,106,207
"Compare_File_3388",2,313,156.50,156.50,15,298
"Compare_File_1074",2,313,156.50,156.50,141,172
"Compare_File_515",2,313,156.50,156.50,12,301
"Compare_File_455",2,312,156.00,156.00,118,194
"Compare_File_3276",2,311,155.50,155.50,31,280
"Compare_File_364",2,310,155.00,155.00,23,287
"Compare_File_2864",2,310,155.00,155.00,88,222
"Compare_File_568",2,310,155.00,155.00,102,208
"Compare_File_2873",2,310,155.00,155.00,66,244
"Compare_File_384",2,310,155.00,155.00,19,291
"Compare_File_3500",2,310,155.00,155.00,36,274
"Compare_File_3905",2,309,154.50,154.50,68,241
"Compare_File_3199",2,309,154.50,154.50,112,197
"Compare_File_713",2,309,154.50,154.50,68,241
"Compare_File_1741",2,309,154.50,154.50,86,223
"Compare_File_922",2,308,154.00,154.00,42,266
"Compare_File_1515",2,308,154.00,154.00,148,160
"Compare_File_1447",2,307,153.50,153.50,11,296
"Compare_File_3267",2,307,153.50,153.50,31,276
"Compare_File_3252",2,307,153.50,153.50,99,208
"Compare_File_2196",2,306,153.00,153.00,70,236
"Compare_File_688",2,306,153.00,153.00,122,184
"Compare_File_3681",2,306,153.00,153.00,96,210
"Compare_File_2813",2,306,153.00,153.00,14,292
"Compare_File_900",2,306,153.00,153.00,37,269
"Compare_File_439",2,306,153.00,153.00,85,221
"Compare_File_1300",2,306,153.00,153.00,64,242
"Compare_File_2413",2,306,153.00,153.00,124,182
"Compare_File_782",2,306,153.00,153.00,144,162
"Compare_File_371",2,305,152.50,152.50,103,202
"Compare_File_215",2,305,152.50,152.50,134,171
"Compare_File_2629",2,305,152.50,152.50,121,184
"Compare_File_3949",2,305,152.50,152.50,63,242
"Compare_File_1489",2,304,152.00,152.00,39,265
"Compare_File_1643",2,304,152.00,152.00,71,233
"Compare_File_2180",2,304,152.00,152.00,43,261
"Compare_File_2230",2,303,151.50,151.50,37,266
"Compare_File_2435",2,303,151.50,151.50,59,244
"Compare_File_153",2,302,151.00,151.00,106,196
"Compare_File_1325",2,302,151.00,151.00,10,292
"Compare_File_3855",2,302,151.00,151.00,12,290
"Compare_File_3669",2,302,151.00,151.00,75,227
"Compare_File_1809",2,302,151.00,151.00,69,233
"Compare_File_2563",2,301,150.50,150.50,51,250
"Compare_File_3213",2,301,150.50,150.50,114,187
"Compare_File_3589",2,301,150.50,150.50,38,263
"Compare_File_3853",2,301,150.50,150.50,138,163
"Compare_File_3069",2,301,150.50,150.50,102,199
"Compare_File_1742",2,301,150.50,150.50,119,182
"Compare_File_3049",2,301,150.50,150.50,56,245
"Compare_File_3663",2,300,150.00,150.00,89,211
"Compare_File_3777",2,300,150.00,150.00,25,275
"Compare_File_2917",2,300,150.00,150.00,105,195
"Compare_File_2992",2,300,150.00,150.00,131,169
"Compare_File_2797",2,299,149.50,149.50,35,264
"Compare_File_3494",2,299,149.50,149.50,40,259
"Compare_File_1432",2,298,149.00,149.00,95,203
"Compare_File_367",2,298,149.00,149.00,52,246
"Compare_File_1666",2,298,149.00,149.00,11,287
"Compare_File_310",2,298,149.00,149.00,86,212
"Compare_File_72",2,297,148.50,148.50,60,237
"Compare_File_3495",2,297,148.50,148.50,41,256
"Compare_File_3737",2,297,148.50,148.50,27,270
"Compare_File_3393",2,297,148.50,148.50,24,273
"Compare_File_1050",2,297,148.50,148.50,130,167
"Compare_File_494",2,297,148.50,148.50,54,243
"Compare_File_319",2,296,148.00,148.00,24,272
"Compare_File_3876",2,296,148.00,148.00,58,238
"Compare_File_539",2,296,148.00,148.00,24,272
"Compare_File_886",2,295,147.50,147.50,102,193
"Compare_File_152",2,295,147.50,147.50,42,253
"Compare_File_2222",2,295,147.50,147.50,115,180
"Compare_File_1176",2,295,147.50,147.50,58,237
"Compare_File_685",2,295,147.50,147.50,68,227
"Compare_File_2893",2,295,147.50,147.50,89,206
"Compare_File_3250",2,295,147.50,147.50,61,234
"Compare_File_3044",2,295,147.50,147.50,67,228
"Compare_File_2600",2,294,147.00,147.00,26,268
"Compare_File_2415",2,294,147.00,147.00,18,276
"Compare_File_3266",2,294,147.00,147.00,20,274
"Compare_File_2598",2,294,147.00,147.00,18,276
"Compare_File_689",2,294,147.00,147.00,115,179
"Compare_File_2733",2,294,147.00,147.00,14,280
"Compare_File_411",2,294,147.00,147.00,93,201
"Compare_File_477",2,293,146.50,146.50,64,229
"Compare_File_1944",2,293,146.50,146.50,121,172
"Compare_File_116",2,293,146.50,146.50,57,236
"Compare_File_322",2,293,146.50,146.50,24,269
"Compare_File_2907",2,292,146.00,146.00,130,162
"Compare_File_1605",2,292,146.00,146.00,12,280
"Compare_File_451",2,292,146.00,146.00,128,164
"Compare_File_3376",2,291,145.50,145.50,82,209
"Compare_File_2853",2,291,145.50,145.50,30,261
"Compare_File_606",2,291,145.50,145.50,93,198
"Compare_File_784",2,291,145.50,145.50,106,185
"Compare_File_1610",2,291,145.50,145.50,119,172
"Compare_File_1369",2,290,145.00,145.00,83,207
"Compare_File_3230",2,290,145.00,145.00,132,158
"Compare_File_2730",2,290,145.00,145.00,138,152
"Compare_File_150",2,289,144.50,144.50,40,249
"Compare_File_430",2,289,144.50,144.50,131,158
"Compare_File_2520",2,289,144.50,144.50,66,223
"Compare_File_2412",2,289,144.50,144.50,131,158
"Compare_File_2275",2,288,144.00,144.00,124,164
"Compare_File_731",2,288,144.00,144.00,134,154
"Compare_File_3372",2,288,144.00,144.00,42,246
"Compare_File_3085",2,288,144.00,144.00,114,174
"Compare_File_3219",2,288,144.00,144.00,18,270
"Compare_File_1823",2,287,143.50,143.50,97,190
"Compare_File_2646",2,287,143.50,143.50,135,152
"Compare_File_953",2,286,143.00,143.00,21,265
"Compare_File_1033",2,286,143.00,143.00,79,207
"Compare_File_3311",2,286,143.00,143.00,59,227
"Compare_File_3391",2,286,143.00,143.00,78,208
"Compare_File_2927",2,286,143.00,143.00,78,208
"Compare_File_3145",2,286,143.00,143.00,81,205
"Compare_File_3417",2,286,143.00,143.00,121,165
"Compare_File_1882",2,285,142.50,142.50,51,234
"Compare_File_2238",2,285,142.50,142.50,142,143
"Compare_File_3390",2,285,142.50,142.50,72,213
"Compare_File_220",2,285,142.50,142.50,111,174
"Compare_File_2964",2,285,142.50,142.50,63,222
"Compare_File_726",2,285,142.50,142.50,22,263
"Compare_File_2522",2,285,142.50,142.50,17,268
"Compare_File_3765",2,285,142.50,142.50,20,265
"Compare_File_2473",2,284,142.00,142.00,106,178
"Compare_File_2467",2,284,142.00,142.00,27,257
"Compare_File_3055",2,284,142.00,142.00,40,244
"Compare_File_2404",2,284,142.00,142.00,136,148
"Compare_File_1434",2,284,142.00,142.00,141,143
"Compare_File_115",2,284,142.00,142.00,29,255
"Compare_File_1947",2,283,141.50,141.50,119,164
"Compare_File_3719",2,283,141.50,141.50,87,196
"Compare_File_3023",2,283,141.50,141.50,103,180
"Compare_File_427",2,283,141.50,141.50,77,206
"Compare_File_3956",2,283,141.50,141.50,56,227
"Compare_File_2995",2,283,141.50,141.50,125,158
"Compare_File_1051",2,282,141.00,141.00,23,259
"Compare_File_2086",2,282,141.00,141.00,30,252
"Compare_File_268",2,282,141.00,141.00,32,250
"Compare_File_1836",2,282,141.00,141.00,86,196
"Compare_File_3687",2,282,141.00,141.00,107,175
"Compare_File_2702",2,282,141.00,141.00,91,191
"Compare_File_3445",2,282,141.00,141.00,105,177
"Compare_File_260",2,281,140.50,140.50,50,231
"Compare_File_2307",2,281,140.50,140.50,121,160
"Compare_File_2283",2,281,140.50,140.50,102,179
"Compare_File_3947",2,281,140.50,140.50,30,251
"Compare_File_1304",2,280,140.00,140.00,116,164
"Compare_File_1191",2,280,140.00,140.00,56,224
"Compare_File_2596",2,280,140.00,140.00,116,164
"Compare_File_1280",2,280,140.00,140.00,25,255
"Compare_File_1384",2,280,140.00,140.00,28,252
"Compare_File_1622",2,280,140.00,140.00,12,268
"Compare_File_3525",2,280,140.00,140.00,28,252
"Compare_File_3347",2,280,140.00,140.00,31,249
"Compare_File_300",2,280,140.00,140.00,78,202
"Compare_File_2229",2,280,140.00,140.00,13,267
"Compare_File_3878",2,279,139.50,139.50,34,245
"Compare_File_2615",2,279,139.50,139.50,19,260
"Compare_File_196",2,279,139.50,139.50,123,156
"Compare_File_1961",2,279,139.50,139.50,28,251
"Compare_File_3969",2,278,139.00,139.00,14,264
"Compare_File_1279",2,278,139.00,139.00,80,198
"Compare_File_924",2,278,139.00,139.00,46,232
"Compare_File_2988",2,278,139.00,139.00,68,210
"Compare_File_3264",2,277,138.50,138.50,82,195
"Compare_File_63",2,277,138.50,138.50,128,149
"Compare_File_1092",2,277,138.50,138.50,68,209
"Compare_File_2565",2,277,138.50,138.50,45,232
"Compare_File_2996",2,277,138.50,138.50,98,179
"Compare_File_3830",2,277,138.50,138.50,22,255
"Compare_File_2297",2,277,138.50,138.50,70,207
"Compare_File_1406",2,277,138.50,138.50,20,257
"Compare_File_349",2,276,138.00,138.00,32,244
"Compare_File_3166",2,276,138.00,138.00,15,261
"Compare_File_1186",2,275,137.50,137.50,27,248
"Compare_File_2622",2,275,137.50,137.50,67,208
"Compare_File_3346",2,275,137.50,137.50,24,251
"Compare_File_995",2,275,137.50,137.50,14,261
"Compare_File_2201",2,274,137.00,137.00,81,193
"Compare_File_2708",2,274,137.00,137.00,25,249
"Compare_File_3333",2,274,137.00,137.00,21,253
"Compare_File_79",2,273,136.50,136.50,96,177
"Compare_File_1893",2,273,136.50,136.50,20,253
"Compare_File_779",2,273,136.50,136.50,123,150
"Compare_File_2274",2,273,136.50,136.50,82,191
"Compare_File_2738",2,273,136.50,136.50,88,185
"Compare_File_2235",2,273,136.50,136.50,24,249
"Compare_File_3634",2,273,136.50,136.50,33,240
"Compare_File_1269",2,273,136.50,136.50,21,252
"Compare_File_556",2,272,136.00,136.00,20,252
"Compare_File_1053",2,272,136.00,136.00,64,208
"Compare_File_2820",2,271,135.50,135.50,56,215
"Compare_File_3710",2,271,135.50,135.50,40,231
"Compare_File_1454",2,271,135.50,135.50,12,259
"Compare_File_1794",2,271,135.50,135.50,68,203
"Compare_File_1501",2,271,135.50,135.50,62,209
"Compare_File_1103",2,271,135.50,135.50,21,250
"Compare_File_2798",2,271,135.50,135.50,63,208
"Compare_File_988",2,270,135.00,135.00,70,200
"Compare_File_111",2,270,135.00,135.00,45,225
"Compare_File_1998",2,270,135.00,135.00,94,176
"Compare_File_168",2,270,135.00,135.00,50,220
"Compare_File_1966",2,270,135.00,135.00,125,145
"Compare_File_3270",2,270,135.00,135.00,22,248
"Compare_File_2184",2,269,134.50,134.50,16,253
"Compare_File_3395",2,268,134.00,134.00,96,172
"Compare_File_301",2,268,134.00,134.00,101,167
"Compare_File_3957",2,268,134.00,134.00,42,226
"Compare_File_3972",2,268,134.00,134.00,10,258
"Compare_File_3066",2,268,134.00,134.00,108,160
"Compare_File_2411",2,268,134.00,134.00,108,160
"Compare_File_1766",2,268,134.00,134.00,105,163
"Compare_File_2548",2,268,134.00,134.00,114,154
"Compare_File_108",2,267,133.50,133.50,51,216
"Compare_File_2303",2,267,133.50,133.50,133,134
"Compare_File_918",2,267,133.50,133.50,19,248
"Compare_File_3378",2,267,133.50,133.50,15,252
"Compare_File_163",2,266,133.00,133.00,58,208
"Compare_File_3582",2,266,133.00,133.00,94,172
"Compare_File_1686",2,266,133.00,133.00,126,140
"Compare_File_2346",2,266,133.00,133.00,82,184
"Compare_File_3386",2,266,133.00,133.00,30,236
"Compare_File_1710",2,266,133.00,133.00,29,237
"Compare_File_3374",2,266,133.00,133.00,75,191
"Compare_File_640",2,266,133.00,133.00,60,206
"Compare_File_2294",2,265,132.50,132.50,67,198
"Compare_File_3946",2,265,132.50,132.50,54,211
"Compare_File_1009",2,265,132.50,132.50,9,256
"Compare_File_2195",2,265,132.50,132.50,30,235
"Compare_File_73",2,265,132.50,132.50,115,150
"Compare_File_1344",2,265,132.50,132.50,121,144
"Compare_File_347",2,265,132.50,132.50,116,149
"Compare_File_3404",2,265,132.50,132.50,11,254
"Compare_File_2308",2,264,132.00,132.00,65,199
"Compare_File_2340",2,264,132.00,132.00,21,243
"Compare_File_1793",2,264,132.00,132.00,79,185
"Compare_File_2409",2,264,132.00,132.00,81,183
"Compare_File_1994",2,263,131.50,131.50,21,242
"Compare_File_1850",2,263,131.50,131.50,36,227
"Compare_File_222",2,263,131.50,131.50,112,151
"Compare_File_1255",2,263,131.50,131.50,29,234
"Compare_File_403",2,263,131.50,131.50,115,148
"Compare_File_3862",2,263,131.50,131.50,20,243
"Compare_File_166",2,263,131.50,131.50,123,140
"Compare_File_454",2,263,131.50,131.50,85,178
"Compare_File_1960",2,263,131.50,131.50,37,226
"Compare_File_3401",2,262,131.00,131.00,20,242
"Compare_File_440",2,262,131.00,131.00,61,201
"Compare_File_1428",2,262,131.00,131.00,38,224
"Compare_File_2686",2,262,131.00,131.00,105,157
"Compare_File_820",2,262,131.00,131.00,118,144
"Compare_File_3486",2,262,131.00,131.00,86,176
"Compare_File_294",2,261,130.50,130.50,108,153
"Compare_File_2963",2,261,130.50,130.50,37,224
"Compare_File_526",2,261,130.50,130.50,27,234
"Compare_File_3711",2,260,130.00,130.00,38,222
"Compare_File_74",2,260,130.00,130.00,32,228
"Compare_File_810",2,260,130.00,130.00,30,230
"Compare_File_2461",2,260,130.00,130.00,123,137
"Compare_File_1298",2,259,129.50,129.50,50,209
"Compare_File_224",2,259,129.50,129.50,124,135
"Compare_File_2299",2,259,129.50,129.50,33,226
"Compare_File_1367",2,259,129.50,129.50,39,220
"Compare_File_1536",2,259,129.50,129.50,85,174
"Compare_File_574",2,259,129.50,129.50,63,196
"Compare_File_363",2,259,129.50,129.50,22,237
"Compare_File_3736",2,259,129.50,129.50,15,244
"Compare_File_2089",2,259,129.50,129.50,28,231
"Compare_File_3194",2,259,129.50,129.50,67,192
"Compare_File_920",2,258,129.00,129.00,19,239
"Compare_File_1396",2,258,129.00,129.00,67,191
"Compare_File_1581",2,258,129.00,129.00,112,146
"Compare_File_2732",2,257,128.50,128.50,15,242
"Compare_File_830",2,257,128.50,128.50,124,133
"Compare_File_3379",2,257,128.50,128.50,105,152
"Compare_File_109",2,257,128.50,128.50,43,214
"Compare_File_199",2,257,128.50,128.50,12,245
"Compare_File_3756",2,257,128.50,128.50,61,196
"Compare_File_3336",2,256,128.00,128.00,86,170
"Compare_File_2660",2,256,128.00,128.00,29,227
"Compare_File_2353",2,256,128.00,128.00,61,195
"Compare_File_1703",2,255,127.50,127.50,27,228
"Compare_File_1892",2,255,127.50,127.50,30,225
"Compare_File_1490",2,255,127.50,127.50,72,183
"Compare_File_1321",2,255,127.50,127.50,18,237
"Compare_File_2345",2,254,127.00,127.00,22,232
"Compare_File_1701",2,254,127.00,127.00,46,208
"Compare_File_625",2,254,127.00,127.00,28,226
"Compare_File_2860",2,254,127.00,127.00,14,240
"Compare_File_1016",2,254,127.00,127.00,18,236
"Compare_File_2403",2,254,127.00,127.00,79,175
"Compare_File_3510",2,254,127.00,127.00,110,144
"Compare_File_1305",2,254,127.00,127.00,34,220
"Compare_File_3926",2,254,127.00,127.00,109,145
"Compare_File_314",2,254,127.00,127.00,61,193
"Compare_File_3661",2,254,127.00,127.00,13,241
"Compare_File_1714",2,254,127.00,127.00,122,132
"Compare_File_856",2,254,127.00,127.00,22,232
"Compare_File_2692",2,254,127.00,127.00,43,211
"Compare_File_2023",2,254,127.00,127.00,19,235
"Compare_File_2331",2,253,126.50,126.50,9,244
"Compare_File_837",2,253,126.50,126.50,103,150
"Compare_File_2251",2,253,126.50,126.50,18,235
"Compare_File_528",2,252,126.00,126.00,110,142
"Compare_File_991",2,252,126.00,126.00,46,206
"Compare_File_3671",2,252,126.00,126.00,34,218
"Compare_File_3272",2,252,126.00,126.00,79,173
"Compare_File_2271",2,252,126.00,126.00,77,175
"Compare_File_3402",2,251,125.50,125.50,78,173
"Compare_File_2389",2,251,125.50,125.50,37,214
"Compare_File_391",2,251,125.50,125.50,103,148
"Compare_File_244",2,251,125.50,125.50,106,145
"Compare_File_1405",2,251,125.50,125.50,113,138
"Compare_File_958",2,251,125.50,125.50,22,229
"Compare_File_3169",2,250,125.00,125.00,83,167
"Compare_File_2550",2,250,125.00,125.00,24,226
"Compare_File_848",2,250,125.00,125.00,30,220
"Compare_File_2013",2,250,125.00,125.00,24,226
"Compare_File_1936",2,250,125.00,125.00,62,188
"Compare_File_202",2,250,125.00,125.00,58,192
"Compare_File_2900",2,250,125.00,125.00,52,198
"Compare_File_781",2,249,124.50,124.50,25,224
"Compare_File_2183",2,249,124.50,124.50,98,151
"Compare_File_396",2,249,124.50,124.50,39,210
"Compare_File_362",2,249,124.50,124.50,69,180
"Compare_File_3511",2,249,124.50,124.50,65,184
"Compare_File_2839",2,249,124.50,124.50,83,166
"Compare_File_1216",2,249,124.50,124.50,18,231
"Compare_File_1831",2,248,124.00,124.00,88,160
"Compare_File_142",2,248,124.00,124.00,54,194
"Compare_File_2521",2,248,124.00,124.00,29,219
"Compare_File_2422",2,248,124.00,124.00,57,191
"Compare_File_2387",2,248,124.00,124.00,27,221
"Compare_File_2642",2,247,123.50,123.50,58,189
"Compare_File_3692",2,247,123.50,123.50,73,174
"Compare_File_3088",2,247,123.50,123.50,11,236
"Compare_File_3612",2,247,123.50,123.50,28,219
"Compare_File_207",2,247,123.50,123.50,100,147
"Compare_File_2920",2,247,123.50,123.50,16,231
"Compare_File_2073",2,247,123.50,123.50,85,162
"Compare_File_3866",2,247,123.50,123.50,28,219
"Compare_File_1890",2,247,123.50,123.50,21,226
"Compare_File_486",2,247,123.50,123.50,92,155
"Compare_File_702",2,246,123.00,123.00,96,150
"Compare_File_3863",2,246,123.00,123.00,15,231
"Compare_File_585",2,246,123.00,123.00,58,188
"Compare_File_423",2,246,123.00,123.00,106,140
"Compare_File_2718",2,246,123.00,123.00,21,225
"Compare_File_1720",2,246,123.00,123.00,48,198
"Compare_File_1394",2,245,122.50,122.50,42,203
"Compare_File_2066",2,245,122.50,122.50,8,237
"Compare_File_2714",2,245,122.50,122.50,22,223
"Compare_File_194",2,245,122.50,122.50,80,165
"Compare_File_1404",2,245,122.50,122.50,104,141
"Compare_File_2043",2,245,122.50,122.50,67,178
"Compare_File_449",2,245,122.50,122.50,122,123
"Compare_File_2151",2,245,122.50,122.50,14,231
"Compare_File_3284",2,245,122.50,122.50,30,215
"Compare_File_2039",2,245,122.50,122.50,16,229
"Compare_File_3832",2,245,122.50,122.50,25,220
"Compare_File_1306",2,244,122.00,122.00,116,128
"Compare_File_1052",2,244,122.00,122.00,66,178
"Compare_File_1277",2,244,122.00,122.00,50,194
"Compare_File_1010",2,244,122.00,122.00,12,232
"Compare_File_831",2,244,122.00,122.00,115,129
"Compare_File_2984",2,244,122.00,122.00,53,191
"Compare_File_2665",2,244,122.00,122.00,63,181
"Compare_File_535",2,243,121.50,121.50,25,218
"Compare_File_3912",2,243,121.50,121.50,24,219
"Compare_File_2486",2,243,121.50,121.50,101,142
"Compare_File_849",2,243,121.50,121.50,39,204
"Compare_File_235",2,243,121.50,121.50,62,181
"Compare_File_1604",2,243,121.50,121.50,58,185
"Compare_File_1307",2,242,121.00,121.00,53,189
"Compare_File_1214",2,242,121.00,121.00,12,230
"Compare_File_2100",2,242,121.00,121.00,37,205
"Compare_File_71",2,242,121.00,121.00,62,180
"Compare_File_3278",2,242,121.00,121.00,14,228
"Compare_File_3911",2,242,121.00,121.00,37,205
"Compare_File_2928",2,242,121.00,121.00,41,201
"Compare_File_201",2,242,121.00,121.00,38,204
"Compare_File_1618",2,242,121.00,121.00,12,230
"Compare_File_1327",2,241,120.50,120.50,9,232
"Compare_File_337",2,241,120.50,120.50,8,233
"Compare_File_1034",2,241,120.50,120.50,22,219
"Compare_File_3632",2,241,120.50,120.50,120,121
"Compare_File_456",2,241,120.50,120.50,89,152
"Compare_File_3255",2,241,120.50,120.50,32,209
"Compare_File_2492",2,240,120.00,120.00,81,159
"Compare_File_418",2,240,120.00,120.00,76,164
"Compare_File_871",2,240,120.00,120.00,43,197
"Compare_File_3299",2,240,120.00,120.00,29,211
"Compare_File_3581",2,240,120.00,120.00,57,183
"Compare_File_2277",2,240,120.00,120.00,96,144
"Compare_File_1495",2,240,120.00,120.00,73,167
"Compare_File_3965",2,239,119.50,119.50,24,215
"Compare_File_2841",2,239,119.50,119.50,38,201
"Compare_File_409",2,239,119.50,119.50,112,127
"Compare_File_2743",2,239,119.50,119.50,31,208
"Compare_File_380",2,239,119.50,119.50,60,179
"Compare_File_1702",2,238,119.00,119.00,73,165
"Compare_File_160",2,238,119.00,119.00,34,204
"Compare_File_2885",2,238,119.00,119.00,100,138
"Compare_File_1311",2,238,119.00,119.00,102,136
"Compare_File_1375",2,237,118.50,118.50,12,225
"Compare_File_3470",2,237,118.50,118.50,61,176
"Compare_File_3139",2,237,118.50,118.50,29,208
"Compare_File_2044",2,237,118.50,118.50,111,126
"Compare_File_1711",2,237,118.50,118.50,44,193
"Compare_File_304",2,237,118.50,118.50,48,189
"Compare_File_2286",2,237,118.50,118.50,66,171
"Compare_File_2150",2,236,118.00,118.00,57,179
"Compare_File_1669",2,236,118.00,118.00,101,135
"Compare_File_1104",2,236,118.00,118.00,106,130
"Compare_File_3753",2,236,118.00,118.00,29,207
"Compare_File_1162",2,236,118.00,118.00,12,224
"Compare_File_1965",2,236,118.00,118.00,26,210
"Compare_File_2428",2,236,118.00,118.00,84,152
"Compare_File_1390",2,236,118.00,118.00,17,219
"Compare_File_2162",2,236,118.00,118.00,101,135
"Compare_File_376",2,235,117.50,117.50,17,218
"Compare_File_586",2,235,117.50,117.50,36,199
"Compare_File_3940",2,235,117.50,117.50,49,186
"Compare_File_3563",2,235,117.50,117.50,30,205
"Compare_File_3177",2,235,117.50,117.50,90,145
"Compare_File_3578",2,235,117.50,117.50,87,148
"Compare_File_148",2,235,117.50,117.50,33,202
"Compare_File_869",2,235,117.50,117.50,25,210
"Compare_File_2719",2,235,117.50,117.50,21,214
"Compare_File_1046",2,235,117.50,117.50,52,183
"Compare_File_3041",2,234,117.00,117.00,47,187
"Compare_File_2643",2,234,117.00,117.00,94,140
"Compare_File_709",2,234,117.00,117.00,102,132
"Compare_File_683",2,234,117.00,117.00,96,138
"Compare_File_3685",2,234,117.00,117.00,51,183
"Compare_File_3895",2,234,117.00,117.00,9,225
"Compare_File_3601",2,234,117.00,117.00,10,224
"Compare_File_2766",2,234,117.00,117.00,87,147
"Compare_File_393",2,234,117.00,117.00,41,193
"Compare_File_1426",2,234,117.00,117.00,27,207
"Compare_File_3078",2,234,117.00,117.00,99,135
"Compare_File_120",2,233,116.50,116.50,93,140
"Compare_File_3864",2,233,116.50,116.50,10,223
"Compare_File_61",2,233,116.50,116.50,109,124
"Compare_File_476",2,233,116.50,116.50,31,202
"Compare_File_1274",2,233,116.50,116.50,47,186
"Compare_File_1101",2,233,116.50,116.50,42,191
"Compare_File_3847",2,233,116.50,116.50,94,139
"Compare_File_1218",2,233,116.50,116.50,10,223
"Compare_File_3828",2,232,116.00,116.00,103,129
"Compare_File_693",2,232,116.00,116.00,22,210
"Compare_File_469",2,232,116.00,116.00,108,124
"Compare_File_3140",2,232,116.00,116.00,21,211
"Compare_File_3314",2,231,115.50,115.50,107,124
"Compare_File_2371",2,231,115.50,115.50,80,151
"Compare_File_686",2,231,115.50,115.50,79,152
"Compare_File_2018",2,231,115.50,115.50,18,213
"Compare_File_902",2,231,115.50,115.50,73,158
"Compare_File_3686",2,231,115.50,115.50,16,215
"Compare_File_1942",2,230,115.00,115.00,64,166
"Compare_File_3624",2,230,115.00,115.00,50,180
"Compare_File_2895",2,230,115.00,115.00,96,134
"Compare_File_1819",2,230,115.00,115.00,66,164
"Compare_File_641",2,230,115.00,115.00,71,159
"Compare_File_3214",2,230,115.00,115.00,94,136
"Compare_File_170",2,230,115.00,115.00,111,119
"Compare_File_699",2,230,115.00,115.00,77,153
"Compare_File_475",2,230,115.00,115.00,69,161
"Compare_File_2426",2,229,114.50,114.50,57,172
"Compare_File_1704",2,229,114.50,114.50,13,216
"Compare_File_3562",2,229,114.50,114.50,12,217
"Compare_File_2628",2,229,114.50,114.50,29,200
"Compare_File_479",2,229,114.50,114.50,74,155
"Compare_File_1562",2,229,114.50,114.50,35,194
"Compare_File_3084",2,228,114.00,114.00,112,116
"Compare_File_3273",2,228,114.00,114.00,18,210
"Compare_File_2248",2,228,114.00,114.00,72,156
"Compare_File_398",2,228,114.00,114.00,23,205
"Compare_File_3341",2,227,113.50,113.50,25,202
"Compare_File_3902",2,227,113.50,113.50,12,215
"Compare_File_3074",2,227,113.50,113.50,111,116
"Compare_File_1661",2,227,113.50,113.50,16,211
"Compare_File_2862",2,227,113.50,113.50,24,203
"Compare_File_788",2,227,113.50,113.50,15,212
"Compare_File_1749",2,227,113.50,113.50,95,132
"Compare_File_2961",2,226,113.00,113.00,63,163
"Compare_File_1253",2,226,113.00,113.00,40,186
"Compare_File_2802",2,226,113.00,113.00,31,195
"Compare_File_2780",2,226,113.00,113.00,64,162
"Compare_File_3132",2,226,113.00,113.00,34,192
"Compare_File_862",2,226,113.00,113.00,22,204
"Compare_File_2019",2,225,112.50,112.50,24,201
"Compare_File_117",2,225,112.50,112.50,34,191
"Compare_File_155",2,225,112.50,112.50,34,191
"Compare_File_2774",2,225,112.50,112.50,97,128
"Compare_File_1355",2,225,112.50,112.50,90,135
"Compare_File_1281",2,225,112.50,112.50,20,205
"Compare_File_1211",2,225,112.50,112.50,11,214
"Compare_File_1602",2,225,112.50,112.50,49,176
"Compare_File_1425",2,225,112.50,112.50,10,215
"Compare_File_548",2,225,112.50,112.50,24,201
"Compare_File_2554",2,224,112.00,112.00,14,210
"Compare_File_2976",2,224,112.00,112.00,19,205
"Compare_File_3201",2,224,112.00,112.00,13,211
"Compare_File_1429",2,224,112.00,112.00,56,168
"Compare_File_285",2,224,112.00,112.00,39,185
"Compare_File_1843",2,224,112.00,112.00,47,177
"Compare_File_2979",2,224,112.00,112.00,26,198
"Compare_File_2163",2,224,112.00,112.00,11,213
"Compare_File_457",2,223,111.50,111.50,89,134
"Compare_File_730",2,223,111.50,111.50,35,188
"Compare_File_223",2,223,111.50,111.50,75,148
"Compare_File_459",2,223,111.50,111.50,84,139
"Compare_File_1343",2,223,111.50,111.50,111,112
"Compare_File_226",2,223,111.50,111.50,99,124
"Compare_File_1867",2,223,111.50,111.50,25,198
"Compare_File_725",2,223,111.50,111.50,24,199
"Compare_File_1847",2,223,111.50,111.50,41,182
"Compare_File_3708",2,223,111.50,111.50,38,185
"Compare_File_433",2,223,111.50,111.50,28,195
"Compare_File_1332",2,223,111.50,111.50,12,211
"Compare_File_2939",2,222,111.00,111.00,107,115
"Compare_File_729",2,222,111.00,111.00,31,191
"Compare_File_1137",2,222,111.00,111.00,33,189
"Compare_File_3918",2,222,111.00,111.00,19,203
"Compare_File_80",2,222,111.00,111.00,85,137
"Compare_File_248",2,222,111.00,111.00,88,134
"Compare_File_1312",2,222,111.00,111.00,52,170
"Compare_File_3586",2,221,110.50,110.50,61,160
"Compare_File_774",2,221,110.50,110.50,94,127
"Compare_File_2449",2,221,110.50,110.50,52,169
"Compare_File_2773",2,221,110.50,110.50,38,183
"Compare_File_436",2,221,110.50,110.50,82,139
"Compare_File_2626",2,221,110.50,110.50,12,209
"Compare_File_722",2,221,110.50,110.50,29,192
"Compare_File_375",2,221,110.50,110.50,19,202
"Compare_File_2254",2,221,110.50,110.50,12,209
"Compare_File_3208",2,221,110.50,110.50,60,161
"Compare_File_59",2,220,110.00,110.00,35,185
"Compare_File_829",2,220,110.00,110.00,108,112
"Compare_File_868",2,220,110.00,110.00,26,194
"Compare_File_1911",2,220,110.00,110.00,12,208
"Compare_File_1891",2,220,110.00,110.00,21,199
"Compare_File_2457",2,220,110.00,110.00,74,146
"Compare_File_1505",2,219,109.50,109.50,47,172
"Compare_File_1296",2,219,109.50,109.50,60,159
"Compare_File_3150",2,219,109.50,109.50,76,143
"Compare_File_2799",2,219,109.50,109.50,30,189
"Compare_File_392",2,219,109.50,109.50,25,194
"Compare_File_2020",2,219,109.50,109.50,20,199
"Compare_File_2779",2,218,109.00,109.00,50,168
"Compare_File_2861",2,218,109.00,109.00,95,123
"Compare_File_2632",2,218,109.00,109.00,95,123
"Compare_File_638",2,218,109.00,109.00,43,175
"Compare_File_2735",2,218,109.00,109.00,13,205
"Compare_File_3930",2,218,109.00,109.00,94,124
"Compare_File_1980",2,218,109.00,109.00,21,197
"Compare_File_3263",2,218,109.00,109.00,85,133
"Compare_File_2408",2,218,109.00,109.00,96,122
"Compare_File_588",2,218,109.00,109.00,44,174
"Compare_File_3259",2,217,108.50,108.50,18,199
"Compare_File_724",2,217,108.50,108.50,20,197
"Compare_File_2165",2,217,108.50,108.50,27,190
"Compare_File_3247",2,217,108.50,108.50,74,143
"Compare_File_2975",2,217,108.50,108.50,50,167
"Compare_File_3394",2,217,108.50,108.50,100,117
"Compare_File_379",2,217,108.50,108.50,19,198
"Compare_File_2513",2,217,108.50,108.50,23,194
"Compare_File_2288",2,217,108.50,108.50,75,142
"Compare_File_540",2,217,108.50,108.50,20,197
"Compare_File_1564",2,217,108.50,108.50,21,196
"Compare_File_58",2,217,108.50,108.50,69,148
"Compare_File_3572",2,217,108.50,108.50,67,150
"Compare_File_771",2,217,108.50,108.50,32,185
"Compare_File_1481",2,216,108.00,108.00,21,195
"Compare_File_3974",2,216,108.00,108.00,15,201
"Compare_File_3328",2,216,108.00,108.00,11,205
"Compare_File_233",2,216,108.00,108.00,57,159
"Compare_File_2581",2,216,108.00,108.00,40,176
"Compare_File_2012",2,216,108.00,108.00,28,188
"Compare_File_2253",2,216,108.00,108.00,13,203
"Compare_File_256",2,216,108.00,108.00,72,144
"Compare_File_3012",2,216,108.00,108.00,13,203
"Compare_File_325",2,216,108.00,108.00,18,198
"Compare_File_3136",2,216,108.00,108.00,51,165
"Compare_File_3277",2,216,108.00,108.00,19,197
"Compare_File_133",2,216,108.00,108.00,36,180
"Compare_File_444",2,215,107.50,107.50,67,148
"Compare_File_645",2,215,107.50,107.50,51,164
"Compare_File_2990",2,215,107.50,107.50,16,199
"Compare_File_3249",2,215,107.50,107.50,67,148
"Compare_File_510",2,215,107.50,107.50,21,194
"Compare_File_2616",2,214,107.00,107.00,16,198
"Compare_File_1912",2,214,107.00,107.00,11,203
"Compare_File_575",2,214,107.00,107.00,26,188
"Compare_File_3294",2,214,107.00,107.00,107,107
"Compare_File_76",2,214,107.00,107.00,97,117
"Compare_File_2400",2,214,107.00,107.00,29,185
"Compare_File_1392",2,214,107.00,107.00,47,167
"Compare_File_2661",2,214,107.00,107.00,17,197
"Compare_File_2677",2,214,107.00,107.00,49,165
"Compare_File_1726",2,214,107.00,107.00,38,176
"Compare_File_1047",2,214,107.00,107.00,31,183
"Compare_File_3200",2,214,107.00,107.00,13,201
"Compare_File_1442",2,214,107.00,107.00,93,121
"Compare_File_1876",2,214,107.00,107.00,60,154
"Compare_File_3627",2,213,106.50,106.50,97,116
"Compare_File_2724",2,213,106.50,106.50,17,196
"Compare_File_2127",2,213,106.50,106.50,82,131
"Compare_File_851",2,213,106.50,106.50,33,180
"Compare_File_2914",2,213,106.50,106.50,16,197
"Compare_File_3107",2,213,106.50,106.50,71,142
"Compare_File_2328",2,213,106.50,106.50,83,130
"Compare_File_365",2,212,106.00,106.00,19,193
"Compare_File_3792",2,212,106.00,106.00,12,200
"Compare_File_2747",2,212,106.00,106.00,35,177
"Compare_File_2725",2,212,106.00,106.00,59,153
"Compare_File_893",2,211,105.50,105.50,38,173
"Compare_File_3229",2,211,105.50,105.50,56,155
"Compare_File_2375",2,211,105.50,105.50,51,160
"Compare_File_2770",2,211,105.50,105.50,70,141
"Compare_File_1765",2,210,105.00,105.00,35,175
"Compare_File_2654",2,210,105.00,105.00,64,146
"Compare_File_270",2,210,105.00,105.00,47,163
"Compare_File_2450",2,210,105.00,105.00,86,124
"Compare_File_2192",2,210,105.00,105.00,71,139
"Compare_File_432",2,210,105.00,105.00,32,178
"Compare_File_2625",2,210,105.00,105.00,23,187
"Compare_File_2998",2,210,105.00,105.00,75,135
"Compare_File_3103",2,209,104.50,104.50,22,187
"Compare_File_1037",2,209,104.50,104.50,50,159
"Compare_File_2935",2,209,104.50,104.50,35,174
"Compare_File_164",2,209,104.50,104.50,49,160
"Compare_File_2617",2,209,104.50,104.50,35,174
"Compare_File_1658",2,209,104.50,104.50,39,170
"Compare_File_1983",2,209,104.50,104.50,21,188
"Compare_File_2395",2,209,104.50,104.50,33,176
"Compare_File_2154",2,209,104.50,104.50,34,175
"Compare_File_3542",2,208,104.00,104.00,33,175
"Compare_File_257",2,208,104.00,104.00,26,182
"Compare_File_3338",2,208,104.00,104.00,32,176
"Compare_File_178",2,208,104.00,104.00,15,193
"Compare_File_2465",2,207,103.50,103.50,30,177
"Compare_File_1180",2,207,103.50,103.50,16,191
"Compare_File_200",2,207,103.50,103.50,10,197
"Compare_File_1215",2,207,103.50,103.50,67,140
"Compare_File_381",2,206,103.00,103.00,31,175
"Compare_File_2891",2,206,103.00,103.00,76,130
"Compare_File_272",2,206,103.00,103.00,91,115
"Compare_File_3080",2,206,103.00,103.00,45,161
"Compare_File_3218",2,206,103.00,103.00,19,187
"Compare_File_916",2,206,103.00,103.00,83,123
"Compare_File_287",2,206,103.00,103.00,36,170
"Compare_File_3592",2,206,103.00,103.00,18,188
"Compare_File_169",2,205,102.50,102.50,83,122
"Compare_File_1177",2,205,102.50,102.50,73,132
"Compare_File_3039",2,205,102.50,102.50,51,154
"Compare_File_3075",2,205,102.50,102.50,28,177
"Compare_File_2217",2,205,102.50,102.50,13,192
"Compare_File_3802",2,205,102.50,102.50,56,149
"Compare_File_1946",2,205,102.50,102.50,57,148
"Compare_File_1294",2,205,102.50,102.50,68,137
"Compare_File_438",2,205,102.50,102.50,88,117
"Compare_File_3421",2,205,102.50,102.50,76,129
"Compare_File_3146",2,204,102.00,102.00,89,115
"Compare_File_3541",2,204,102.00,102.00,43,161
"Compare_File_1317",2,204,102.00,102.00,26,178
"Compare_File_996",2,204,102.00,102.00,13,191
"Compare_File_1291",2,204,102.00,102.00,76,128
"Compare_File_2113",2,203,101.50,101.50,47,156
"Compare_File_580",2,203,101.50,101.50,67,136
"Compare_File_3371",2,203,101.50,101.50,86,117
"Compare_File_2911",2,203,101.50,101.50,46,157
"Compare_File_3119",2,203,101.50,101.50,98,105
"Compare_File_3922",2,203,101.50,101.50,90,113
"Compare_File_2470",2,202,101.00,101.00,67,135
"Compare_File_1261",2,202,101.00,101.00,84,118
"Compare_File_2982",2,202,101.00,101.00,41,161
"Compare_File_448",2,202,101.00,101.00,92,110
"Compare_File_3128",2,202,101.00,101.00,91,111
"Compare_File_1292",2,202,101.00,101.00,98,104
"Compare_File_3825",2,202,101.00,101.00,48,154
"Compare_File_3694",2,202,101.00,101.00,53,149
"Compare_File_1535",2,202,101.00,101.00,91,111
"Compare_File_1342",2,202,101.00,101.00,81,121
"Compare_File_3460",2,202,101.00,101.00,50,152
"Compare_File_757",2,202,101.00,101.00,24,178
"Compare_File_2835",2,202,101.00,101.00,30,172
"Compare_File_1795",2,202,101.00,101.00,53,149
"Compare_File_1633",2,201,100.50,100.50,18,183
"Compare_File_382",2,201,100.50,100.50,20,181
"Compare_File_3095",2,201,100.50,100.50,17,184
"Compare_File_191",2,201,100.50,100.50,34,167
"Compare_File_887",2,201,100.50,100.50,97,104
"Compare_File_778",2,201,100.50,100.50,67,134
"Compare_File_3774",2,201,100.50,100.50,37,164
"Compare_File_3348",2,201,100.50,100.50,40,161
"Compare_File_3675",2,201,100.50,100.50,82,119
"Compare_File_2684",2,201,100.50,100.50,62,139
"Compare_File_3243",2,200,100.00,100.00,84,116
"Compare_File_434",2,200,100.00,100.00,22,178
"Compare_File_3959",2,200,100.00,100.00,30,170
"Compare_File_251",2,200,100.00,100.00,82,118
"Compare_File_2245",2,200,100.00,100.00,28,172
"Compare_File_647",2,200,100.00,100.00,33,167
"Compare_File_3543",2,200,100.00,100.00,65,135
"Compare_File_472",2,200,100.00,100.00,59,141
"Compare_File_602",2,200,100.00,100.00,71,129
"Compare_File_2651",2,199,99.50,99.50,14,185
"Compare_File_3988",2,199,99.50,99.50,62,137
"Compare_File_642",2,199,99.50,99.50,19,180
"Compare_File_3782",2,199,99.50,99.50,18,181
"Compare_File_1143",2,199,99.50,99.50,51,148
"Compare_File_3123",2,199,99.50,99.50,69,130
"Compare_File_554",2,199,99.50,99.50,54,145
"Compare_File_154",2,199,99.50,99.50,63,136
"Compare_File_1511",2,198,99.00,99.00,28,170
"Compare_File_2282",2,198,99.00,99.00,97,101
"Compare_File_1849",2,198,99.00,99.00,29,169
"Compare_File_2298",2,198,99.00,99.00,47,151
"Compare_File_3593",2,198,99.00,99.00,21,177
"Compare_File_3035",2,198,99.00,99.00,67,131
"Compare_File_2263",2,198,99.00,99.00,18,180
"Compare_File_643",2,198,99.00,99.00,20,178
"Compare_File_271",2,198,99.00,99.00,39,159
"Compare_File_3608",2,198,99.00,99.00,34,164
"Compare_File_3057",2,198,99.00,99.00,26,172
"Compare_File_2106",2,197,98.50,98.50,93,104
"Compare_File_3852",2,197,98.50,98.50,61,136
"Compare_File_2760",2,197,98.50,98.50,39,158
"Compare_File_1313",2,197,98.50,98.50,98,99
"Compare_File_677",2,197,98.50,98.50,11,186
"Compare_File_964",2,197,98.50,98.50,85,112
"Compare_File_858",2,197,98.50,98.50,42,155
"Compare_File_2722",2,197,98.50,98.50,45,152
"Compare_File_227",2,197,98.50,98.50,73,124
"Compare_File_1357",2,197,98.50,98.50,32,165
"Compare_File_321",2,196,98.00,98.00,31,165
"Compare_File_1083",2,196,98.00,98.00,25,171
"Compare_File_2446",2,196,98.00,98.00,32,164
"Compare_File_3496",2,196,98.00,98.00,45,151
"Compare_File_353",2,196,98.00,98.00,34,162
"Compare_File_1297",2,196,98.00,98.00,73,123
"Compare_File_1822",2,196,98.00,98.00,77,119
"Compare_File_2285",2,196,98.00,98.00,95,101
"Compare_File_1883",2,196,98.00,98.00,92,104
"Compare_File_2485",2,195,97.50,97.50,24,171
"Compare_File_2879",2,195,97.50,97.50,11,184
"Compare_File_1889",2,195,97.50,97.50,19,176
"Compare_File_2556",2,194,97.00,97.00,15,179
"Compare_File_3571",2,194,97.00,97.00,34,160
"Compare_File_1895",2,194,97.00,97.00,22,172
"Compare_File_1314",2,194,97.00,97.00,52,142
"Compare_File_867",2,194,97.00,97.00,33,161
"Compare_File_445",2,194,97.00,97.00,33,161
"Compare_File_2999",2,193,96.50,96.50,23,170
"Compare_File_1160",2,193,96.50,96.50,79,114
"Compare_File_3407",2,193,96.50,96.50,14,179
"Compare_File_2270",2,193,96.50,96.50,12,181
"Compare_File_3537",2,193,96.50,96.50,54,139
"Compare_File_2148",2,193,96.50,96.50,42,151
"Compare_File_819",2,193,96.50,96.50,79,114
"Compare_File_3051",2,193,96.50,96.50,49,144
"Compare_File_3868",2,193,96.50,96.50,29,164
"Compare_File_2421",2,193,96.50,96.50,46,147
"Compare_File_3628",2,193,96.50,96.50,92,101
"Compare_File_2892",2,193,96.50,96.50,89,104
"Compare_File_221",2,193,96.50,96.50,94,99
"Compare_File_2247",2,192,96.00,96.00,43,149
"Compare_File_3977",2,192,96.00,96.00,61,131
"Compare_File_911",2,192,96.00,96.00,43,149
"Compare_File_864",2,192,96.00,96.00,64,128
"Compare_File_3307",2,192,96.00,96.00,68,124
"Compare_File_1039",2,192,96.00,96.00,26,166
"Compare_File_2452",2,192,96.00,96.00,29,163
"Compare_File_2591",2,192,96.00,96.00,20,172
"Compare_File_3130",2,191,95.50,95.50,12,179
"Compare_File_269",2,191,95.50,95.50,86,105
"Compare_File_3829",2,191,95.50,95.50,65,126
"Compare_File_2146",2,191,95.50,95.50,22,169
"Compare_File_2717",2,191,95.50,95.50,21,170
"Compare_File_2769",2,191,95.50,95.50,43,148
"Compare_File_496",2,191,95.50,95.50,63,128
"Compare_File_2906",2,191,95.50,95.50,73,118
"Compare_File_357",2,191,95.50,95.50,26,165
"Compare_File_2209",2,190,95.00,95.00,37,153
"Compare_File_773",2,190,95.00,95.00,32,158
"Compare_File_2685",2,190,95.00,95.00,30,160
"Compare_File_2480",2,190,95.00,95.00,43,147
"Compare_File_437",2,190,95.00,95.00,86,104
"Compare_File_2712",2,190,95.00,95.00,28,162
"Compare_File_3290",2,190,95.00,95.00,77,113
"Compare_File_230",2,190,95.00,95.00,76,114
"Compare_File_1708",2,189,94.50,94.50,65,124
"Compare_File_1512",2,189,94.50,94.50,22,167
"Compare_File_1832",2,189,94.50,94.50,59,130
"Compare_File_2246",2,189,94.50,94.50,30,159
"Compare_File_1242",2,189,94.50,94.50,69,120
"Compare_File_3682",2,189,94.50,94.50,79,110
"Compare_File_1629",2,188,94.00,94.00,14,174
"Compare_File_2128",2,188,94.00,94.00,29,159
"Compare_File_2272",2,188,94.00,94.00,59,129
"Compare_File_973",2,188,94.00,94.00,49,139
"Compare_File_3380",2,188,94.00,94.00,60,128
"Compare_File_3231",2,188,94.00,94.00,53,135
"Compare_File_2843",2,188,94.00,94.00,20,168
"Compare_File_219",2,188,94.00,94.00,59,129
"Compare_File_493",2,188,94.00,94.00,53,135
"Compare_File_2478",2,187,93.50,93.50,32,155
"Compare_File_857",2,187,93.50,93.50,21,166
"Compare_File_399",2,187,93.50,93.50,43,144
"Compare_File_75",2,187,93.50,93.50,24,163
"Compare_File_577",2,187,93.50,93.50,42,145
"Compare_File_351",2,187,93.50,93.50,21,166
"Compare_File_1771",2,187,93.50,93.50,21,166
"Compare_File_897",2,187,93.50,93.50,58,129
"Compare_File_572",2,187,93.50,93.50,31,156
"Compare_File_2985",2,186,93.00,93.00,33,153
"Compare_File_193",2,186,93.00,93.00,18,168
"Compare_File_2981",2,186,93.00,93.00,25,161
"Compare_File_2823",2,186,93.00,93.00,35,151
"Compare_File_1147",2,186,93.00,93.00,71,115
"Compare_File_1663",2,186,93.00,93.00,86,100
"Compare_File_3173",2,186,93.00,93.00,50,136
"Compare_File_3246",2,186,93.00,93.00,78,108
"Compare_File_1923",2,185,92.50,92.50,84,101
"Compare_File_442",2,185,92.50,92.50,71,114
"Compare_File_933",2,185,92.50,92.50,38,147
"Compare_File_1887",2,185,92.50,92.50,26,159
"Compare_File_3549",2,185,92.50,92.50,32,153
"Compare_File_2675",2,185,92.50,92.50,21,164
"Compare_File_899",2,185,92.50,92.50,59,126
"Compare_File_3359",2,185,92.50,92.50,12,173
"Compare_File_2417",2,185,92.50,92.50,21,164
"Compare_File_3352",2,185,92.50,92.50,34,151
"Compare_File_698",2,185,92.50,92.50,51,134
"Compare_File_3258",2,185,92.50,92.50,88,97
"Compare_File_2262",2,185,92.50,92.50,12,173
"Compare_File_2483",2,185,92.50,92.50,17,168
"Compare_File_1299",2,185,92.50,92.50,72,113
"Compare_File_2177",2,184,92.00,92.00,76,108
"Compare_File_3801",2,184,92.00,92.00,28,156
"Compare_File_370",2,184,92.00,92.00,42,142
"Compare_File_2814",2,184,92.00,92.00,12,172
"Compare_File_3941",2,184,92.00,92.00,29,155
"Compare_File_734",2,184,92.00,92.00,18,166
"Compare_File_3749",2,184,92.00,92.00,54,130
"Compare_File_3917",2,184,92.00,92.00,48,136
"Compare_File_1632",2,183,91.50,91.50,15,168
"Compare_File_2190",2,183,91.50,91.50,56,127
"Compare_File_2280",2,183,91.50,91.50,90,93
"Compare_File_2041",2,183,91.50,91.50,19,164
"Compare_File_578",2,183,91.50,91.50,69,114
"Compare_File_3892",2,182,91.00,91.00,38,144
"Compare_File_2024",2,182,91.00,91.00,21,161
"Compare_File_1565",2,182,91.00,91.00,77,105
"Compare_File_1979",2,182,91.00,91.00,21,161
"Compare_File_2355",2,182,91.00,91.00,79,103
"Compare_File_644",2,182,91.00,91.00,19,163
"Compare_File_2281",2,182,91.00,91.00,29,153
"Compare_File_2361",2,182,91.00,91.00,29,153
"Compare_File_425",2,182,91.00,91.00,53,129
"Compare_File_3831",2,182,91.00,91.00,25,157
"Compare_File_1801",2,182,91.00,91.00,86,96
"Compare_File_1776",2,181,90.50,90.50,85,96
"Compare_File_2139",2,181,90.50,90.50,8,173
"Compare_File_446",2,181,90.50,90.50,37,144
"Compare_File_157",2,181,90.50,90.50,47,134
"Compare_File_1421",2,181,90.50,90.50,11,170
"Compare_File_1649",2,181,90.50,90.50,47,134
"Compare_File_3647",2,181,90.50,90.50,8,173
"Compare_File_549",2,181,90.50,90.50,21,160
"Compare_File_3151",2,181,90.50,90.50,48,133
"Compare_File_2474",2,180,90.00,90.00,38,142
"Compare_File_3881",2,180,90.00,90.00,44,136
"Compare_File_1066",2,180,90.00,90.00,12,168
"Compare_File_352",2,180,90.00,90.00,39,141
"Compare_File_1833",2,180,90.00,90.00,85,95
"Compare_File_3950",2,180,90.00,90.00,63,117
"Compare_File_696",2,179,89.50,89.50,45,134
"Compare_File_468",2,179,89.50,89.50,63,116
"Compare_File_1732",2,179,89.50,89.50,21,158
"Compare_File_156",2,179,89.50,89.50,48,131
"Compare_File_2447",2,179,89.50,89.50,67,112
"Compare_File_3082",2,179,89.50,89.50,45,134
"Compare_File_675",2,179,89.50,89.50,70,109
"Compare_File_2595",2,179,89.50,89.50,19,160
"Compare_File_3120",2,179,89.50,89.50,48,131
"Compare_File_865",2,179,89.50,89.50,22,157
"Compare_File_1824",2,179,89.50,89.50,25,154
"Compare_File_3315",2,179,89.50,89.50,87,92
"Compare_File_490",2,179,89.50,89.50,28,151
"Compare_File_2497",2,179,89.50,89.50,87,92
"Compare_File_3155",2,178,89.00,89.00,27,151
"Compare_File_3478",2,178,89.00,89.00,82,96
"Compare_File_1171",2,178,89.00,89.00,48,130
"Compare_File_1263",2,178,89.00,89.00,36,142
"Compare_File_2017",2,178,89.00,89.00,44,134
"Compare_File_1984",2,178,89.00,89.00,10,168
"Compare_File_980",2,178,89.00,89.00,26,152
"Compare_File_1797",2,178,89.00,89.00,26,152
"Compare_File_1422",2,178,89.00,89.00,9,169
"Compare_File_1337",2,178,89.00,89.00,84,94
"Compare_File_132",2,178,89.00,89.00,31,147
"Compare_File_3124",2,178,89.00,89.00,58,120
"Compare_File_2859",2,178,89.00,89.00,30,148
"Compare_File_967",2,178,89.00,89.00,13,165
"Compare_File_1574",2,177,88.50,88.50,31,146
"Compare_File_2397",2,177,88.50,88.50,14,163
"Compare_File_2111",2,177,88.50,88.50,81,96
"Compare_File_536",2,177,88.50,88.50,23,154
"Compare_File_1917",2,177,88.50,88.50,43,134
"Compare_File_70",2,177,88.50,88.50,58,119
"Compare_File_666",2,177,88.50,88.50,13,164
"Compare_File_89",2,177,88.50,88.50,7,170
"Compare_File_3257",2,177,88.50,88.50,30,147
"Compare_File_2567",2,177,88.50,88.50,86,91
"Compare_File_3854",2,177,88.50,88.50,69,108
"Compare_File_232",2,177,88.50,88.50,64,113
"Compare_File_2517",2,176,88.00,88.00,32,144
"Compare_File_873",2,176,88.00,88.00,61,115
"Compare_File_86",2,176,88.00,88.00,77,99
"Compare_File_2613",2,175,87.50,87.50,17,158
"Compare_File_1614",2,175,87.50,87.50,17,158
"Compare_File_181",2,175,87.50,87.50,33,142
"Compare_File_932",2,175,87.50,87.50,49,126
"Compare_File_1758",2,175,87.50,87.50,28,147
"Compare_File_50",2,175,87.50,87.50,72,103
"Compare_File_733",2,174,87.00,87.00,45,129
"Compare_File_488",2,174,87.00,87.00,24,150
"Compare_File_2445",2,174,87.00,87.00,39,135
"Compare_File_1427",2,174,87.00,87.00,19,155
"Compare_File_2540",2,174,87.00,87.00,20,154
"Compare_File_2713",2,174,87.00,87.00,31,143
"Compare_File_2468",2,173,86.50,86.50,83,90
"Compare_File_3373",2,173,86.50,86.50,50,123
"Compare_File_3483",2,173,86.50,86.50,47,126
"Compare_File_2466",2,173,86.50,86.50,27,146
"Compare_File_1107",2,173,86.50,86.50,21,152
"Compare_File_3282",2,173,86.50,86.50,12,161
"Compare_File_3275",2,173,86.50,86.50,17,156
"Compare_File_62",2,173,86.50,86.50,55,118
"Compare_File_700",2,173,86.50,86.50,41,132
"Compare_File_299",2,173,86.50,86.50,81,92
"Compare_File_2278",2,172,86.00,86.00,29,143
"Compare_File_1302",2,172,86.00,86.00,55,117
"Compare_File_204",2,172,86.00,86.00,31,141
"Compare_File_3640",2,172,86.00,86.00,16,156
"Compare_File_3431",2,172,86.00,86.00,21,151
"Compare_File_2558",2,172,86.00,86.00,45,127
"Compare_File_1378",2,172,86.00,86.00,42,130
"Compare_File_3364",2,172,86.00,86.00,73,99
"Compare_File_1271",2,172,86.00,86.00,45,127
"Compare_File_55",2,172,86.00,86.00,65,107
"Compare_File_3769",2,172,86.00,86.00,32,140
"Compare_File_768",2,172,86.00,86.00,51,121
"Compare_File_2058",2,172,86.00,86.00,44,128
"Compare_File_209",2,172,86.00,86.00,84,88
"Compare_File_435",2,171,85.50,85.50,52,119
"Compare_File_1173",2,171,85.50,85.50,59,112
"Compare_File_2454",2,171,85.50,85.50,27,144
"Compare_File_1950",2,171,85.50,85.50,27,144
"Compare_File_229",2,171,85.50,85.50,46,125
"Compare_File_2016",2,171,85.50,85.50,68,103
"Compare_File_1316",2,171,85.50,85.50,40,131
"Compare_File_408",2,171,85.50,85.50,52,119
"Compare_File_3030",2,171,85.50,85.50,74,97
"Compare_File_2587",2,171,85.50,85.50,13,158
"Compare_File_3197",2,171,85.50,85.50,71,100
"Compare_File_2410",2,171,85.50,85.50,55,116
"Compare_File_3983",2,170,85.00,85.00,77,93
"Compare_File_1217",2,170,85.00,85.00,12,158
"Compare_File_1760",2,170,85.00,85.00,9,161
"Compare_File_3238",2,170,85.00,85.00,11,159
"Compare_File_1383",2,170,85.00,85.00,64,106
"Compare_File_1572",2,170,85.00,85.00,57,113
"Compare_File_2436",2,170,85.00,85.00,11,159
"Compare_File_3205",2,170,85.00,85.00,16,154
"Compare_File_3101",2,169,84.50,84.50,23,146
"Compare_File_3240",2,169,84.50,84.50,15,154
"Compare_File_1179",2,169,84.50,84.50,56,113
"Compare_File_3924",2,169,84.50,84.50,63,106
"Compare_File_2021",2,169,84.50,84.50,23,146
"Compare_File_326",2,169,84.50,84.50,48,121
"Compare_File_159",2,169,84.50,84.50,62,107
"Compare_File_3676",2,169,84.50,84.50,81,88
"Compare_File_2333",2,169,84.50,84.50,31,138
"Compare_File_3613",2,169,84.50,84.50,77,92
"Compare_File_2476",2,169,84.50,84.50,29,140
"Compare_File_3248",2,168,84.00,84.00,68,100
"Compare_File_3089",2,168,84.00,84.00,19,149
"Compare_File_460",2,168,84.00,84.00,16,152
"Compare_File_600",2,168,84.00,84.00,32,136
"Compare_File_870",2,168,84.00,84.00,22,146
"Compare_File_2316",2,168,84.00,84.00,79,89
"Compare_File_3083",2,168,84.00,84.00,53,115
"Compare_File_898",2,167,83.50,83.50,45,122
"Compare_File_604",2,167,83.50,83.50,49,118
"Compare_File_761",2,167,83.50,83.50,76,91
"Compare_File_431",2,167,83.50,83.50,29,138
"Compare_File_2061",2,167,83.50,83.50,74,93
"Compare_File_3157",2,167,83.50,83.50,29,138
"Compare_File_3522",2,167,83.50,83.50,17,150
"Compare_File_3022",2,167,83.50,83.50,36,131
"Compare_File_1462",2,167,83.50,83.50,26,141
"Compare_File_2259",2,167,83.50,83.50,25,142
"Compare_File_2680",2,167,83.50,83.50,22,145
"Compare_File_962",2,166,83.00,83.00,68,98
"Compare_File_594",2,166,83.00,83.00,25,141
"Compare_File_1838",2,166,83.00,83.00,81,85
"Compare_File_3105",2,166,83.00,83.00,35,131
"Compare_File_3217",2,166,83.00,83.00,19,147
"Compare_File_946",2,166,83.00,83.00,48,118
"Compare_File_3065",2,166,83.00,83.00,48,118
"Compare_File_1530",2,166,83.00,83.00,59,107
"Compare_File_231",2,165,82.50,82.50,42,123
"Compare_File_875",2,165,82.50,82.50,57,108
"Compare_File_1579",2,165,82.50,82.50,43,122
"Compare_File_2856",2,165,82.50,82.50,26,139
"Compare_File_2374",2,165,82.50,82.50,9,156
"Compare_File_1921",2,165,82.50,82.50,21,144
"Compare_File_3415",2,165,82.50,82.50,82,83
"Compare_File_3851",2,164,82.00,82.00,75,89
"Compare_File_91",2,164,82.00,82.00,79,85
"Compare_File_3548",2,164,82.00,82.00,35,129
"Compare_File_3441",2,164,82.00,82.00,67,97
"Compare_File_3875",2,164,82.00,82.00,60,104
"Compare_File_836",2,164,82.00,82.00,19,145
"Compare_File_2748",2,164,82.00,82.00,38,126
"Compare_File_895",2,164,82.00,82.00,21,143
"Compare_File_2416",2,164,82.00,82.00,17,147
"Compare_File_3689",2,164,82.00,82.00,38,126
"Compare_File_218",2,164,82.00,82.00,14,150
"Compare_File_3070",2,164,82.00,82.00,54,110
"Compare_File_1035",2,163,81.50,81.50,29,134
"Compare_File_2855",2,163,81.50,81.50,62,101
"Compare_File_880",2,163,81.50,81.50,26,137
"Compare_File_210",2,163,81.50,81.50,67,96
"Compare_File_2423",2,163,81.50,81.50,64,99
"Compare_File_303",2,163,81.50,81.50,67,96
"Compare_File_2284",2,163,81.50,81.50,71,92
"Compare_File_3056",2,163,81.50,81.50,21,142
"Compare_File_3327",2,163,81.50,81.50,52,111
"Compare_File_2443",2,163,81.50,81.50,36,127
"Compare_File_2193",2,163,81.50,81.50,46,117
"Compare_File_2344",2,163,81.50,81.50,18,145
"Compare_File_822",2,162,81.00,81.00,38,124
"Compare_File_3342",2,162,81.00,81.00,26,136
"Compare_File_2758",2,162,81.00,81.00,23,139
"Compare_File_388",2,162,81.00,81.00,30,132
"Compare_File_2160",2,162,81.00,81.00,74,88
"Compare_File_3757",2,162,81.00,81.00,52,110
"Compare_File_1800",2,162,81.00,81.00,76,86
"Compare_File_555",2,161,80.50,80.50,20,141
"Compare_File_348",2,161,80.50,80.50,20,141
"Compare_File_1830",2,161,80.50,80.50,59,102
"Compare_File_2258",2,161,80.50,80.50,11,150
"Compare_File_369",2,161,80.50,80.50,44,117
"Compare_File_1420",2,161,80.50,80.50,11,150
"Compare_File_1739",2,161,80.50,80.50,64,97
"Compare_File_85",2,161,80.50,80.50,39,122
"Compare_File_3343",2,161,80.50,80.50,26,135
"Compare_File_3644",2,161,80.50,80.50,64,97
"Compare_File_3842",2,161,80.50,80.50,30,131
"Compare_File_921",2,161,80.50,80.50,10,151
"Compare_File_1430",2,160,80.00,80.00,16,144
"Compare_File_2750",2,160,80.00,80.00,15,145
"Compare_File_278",2,160,80.00,80.00,46,114
"Compare_File_3929",2,160,80.00,80.00,56,104
"Compare_File_877",2,160,80.00,80.00,26,134
"Compare_File_361",2,160,80.00,80.00,20,140
"Compare_File_368",2,160,80.00,80.00,76,84
"Compare_File_2491",2,160,80.00,80.00,29,131
"Compare_File_2312",2,159,79.50,79.50,54,105
"Compare_File_3523",2,159,79.50,79.50,33,126
"Compare_File_703",2,159,79.50,79.50,54,105
"Compare_File_3820",2,159,79.50,79.50,43,116
"Compare_File_843",2,159,79.50,79.50,37,122
"Compare_File_2249",2,159,79.50,79.50,32,127
"Compare_File_968",2,159,79.50,79.50,15,144
"Compare_File_2064",2,159,79.50,79.50,44,115
"Compare_File_243",2,159,79.50,79.50,34,125
"Compare_File_596",2,159,79.50,79.50,20,139
"Compare_File_872",2,159,79.50,79.50,23,136
"Compare_File_1275",2,159,79.50,79.50,69,90
"Compare_File_828",2,159,79.50,79.50,45,114
"Compare_File_621",2,159,79.50,79.50,51,108
"Compare_File_1144",2,158,79.00,79.00,60,98
"Compare_File_3232",2,158,79.00,79.00,20,138
"Compare_File_3618",2,158,79.00,79.00,38,120
"Compare_File_3475",2,158,79.00,79.00,69,89
"Compare_File_2896",2,158,79.00,79.00,74,84
"Compare_File_1320",2,158,79.00,79.00,19,139
"Compare_File_2749",2,158,79.00,79.00,42,116
"Compare_File_2524",2,158,79.00,79.00,21,137
"Compare_File_567",2,158,79.00,79.00,28,130
"Compare_File_2767",2,158,79.00,79.00,42,116
"Compare_File_2631",2,158,79.00,79.00,32,126
"Compare_File_3443",2,158,79.00,79.00,48,110
"Compare_File_2638",2,158,79.00,79.00,54,104
"Compare_File_1273",2,158,79.00,79.00,52,106
"Compare_File_947",2,157,78.50,78.50,37,120
"Compare_File_821",2,157,78.50,78.50,32,125
"Compare_File_3584",2,157,78.50,78.50,28,129
"Compare_File_1551",2,157,78.50,78.50,73,84
"Compare_File_3919",2,157,78.50,78.50,41,116
"Compare_File_377",2,157,78.50,78.50,19,138
"Compare_File_3622",2,156,78.00,78.00,49,107
"Compare_File_584",2,156,78.00,78.00,66,90
"Compare_File_3293",2,156,78.00,78.00,50,106
"Compare_File_45",2,156,78.00,78.00,26,130
"Compare_File_478",2,156,78.00,78.00,29,127
"Compare_File_780",2,156,78.00,78.00,42,114
"Compare_File_3794",2,156,78.00,78.00,24,132
"Compare_File_2960",2,155,77.50,77.50,36,119
"Compare_File_2441",2,155,77.50,77.50,23,132
"Compare_File_2624",2,155,77.50,77.50,16,139
"Compare_File_1113",2,155,77.50,77.50,24,131
"Compare_File_3795",2,155,77.50,77.50,22,133
"Compare_File_792",2,155,77.50,77.50,69,86
"Compare_File_1131",2,154,77.00,77.00,38,116
"Compare_File_212",2,154,77.00,77.00,16,138
"Compare_File_3245",2,154,77.00,77.00,73,81
"Compare_File_1025",2,154,77.00,77.00,48,106
"Compare_File_3111",2,154,77.00,77.00,21,133
"Compare_File_3310",2,154,77.00,77.00,50,104
"Compare_File_463",2,154,77.00,77.00,46,108
"Compare_File_1721",2,154,77.00,77.00,55,99
"Compare_File_1379",2,153,76.50,76.50,51,102
"Compare_File_3933",2,153,76.50,76.50,73,80
"Compare_File_217",2,153,76.50,76.50,14,139
"Compare_File_320",2,153,76.50,76.50,40,113
"Compare_File_3029",2,153,76.50,76.50,10,143
"Compare_File_659",2,153,76.50,76.50,25,128
"Compare_File_2803",2,153,76.50,76.50,21,132
"Compare_File_1329",2,153,76.50,76.50,9,144
"Compare_File_1619",2,153,76.50,76.50,43,110
"Compare_File_3319",2,153,76.50,76.50,60,93
"Compare_File_3027",2,152,76.00,76.00,43,109
"Compare_File_2903",2,152,76.00,76.00,51,101
"Compare_File_2850",2,152,76.00,76.00,36,116
"Compare_File_3304",2,152,76.00,76.00,63,89
"Compare_File_2124",2,152,76.00,76.00,43,109
"Compare_File_589",2,152,76.00,76.00,47,105
"Compare_File_355",2,152,76.00,76.00,17,135
"Compare_File_2899",2,152,76.00,76.00,23,129
"Compare_File_3239",2,152,76.00,76.00,17,135
"Compare_File_1407",2,152,76.00,76.00,29,123
"Compare_File_2126",2,152,76.00,76.00,33,119
"Compare_File_787",2,152,76.00,76.00,38,114
"Compare_File_2991",2,151,75.50,75.50,30,121
"Compare_File_1570",2,151,75.50,75.50,33,118
"Compare_File_2290",2,151,75.50,75.50,60,91
"Compare_File_1140",2,151,75.50,75.50,35,116
"Compare_File_1208",2,151,75.50,75.50,28,123
"Compare_File_1138",2,151,75.50,75.50,67,84
"Compare_File_2310",2,151,75.50,75.50,26,125
"Compare_File_2459",2,151,75.50,75.50,59,92
"Compare_File_1685",2,151,75.50,75.50,18,133
"Compare_File_764",2,151,75.50,75.50,60,91
"Compare_File_1802",2,150,75.00,75.00,19,131
"Compare_File_3242",2,150,75.00,75.00,13,137
"Compare_File_3921",2,150,75.00,75.00,26,124
"Compare_File_3031",2,150,75.00,75.00,67,83
"Compare_File_2604",2,150,75.00,75.00,20,130
"Compare_File_859",2,150,75.00,75.00,50,100
"Compare_File_1687",2,150,75.00,75.00,34,116
"Compare_File_3032",2,150,75.00,75.00,71,79
"Compare_File_2205",2,150,75.00,75.00,10,140
"Compare_File_136",2,150,75.00,75.00,49,101
"Compare_File_2202",2,150,75.00,75.00,34,116
"Compare_File_687",2,150,75.00,75.00,74,76
"Compare_File_576",2,150,75.00,75.00,36,114
"Compare_File_1954",2,150,75.00,75.00,66,84
"Compare_File_825",2,150,75.00,75.00,33,117
"Compare_File_903",2,150,75.00,75.00,27,123
"Compare_File_3751",2,150,75.00,75.00,28,122
"Compare_File_931",2,150,75.00,75.00,40,110
"Compare_File_838",2,150,75.00,75.00,21,129
"Compare_File_2890",2,149,74.50,74.50,25,124
"Compare_File_57",2,149,74.50,74.50,60,89
"Compare_File_2354",2,149,74.50,74.50,38,111
"Compare_File_1665",2,149,74.50,74.50,54,95
"Compare_File_1062",2,149,74.50,74.50,28,121
"Compare_File_3354",2,149,74.50,74.50,32,117
"Compare_File_1000",2,149,74.50,74.50,32,117
"Compare_File_1371",2,149,74.50,74.50,10,139
"Compare_File_2538",2,148,74.00,74.00,54,94
"Compare_File_3945",2,148,74.00,74.00,26,122
"Compare_File_1528",2,148,74.00,74.00,20,128
"Compare_File_1219",2,148,74.00,74.00,23,125
"Compare_File_2200",2,148,74.00,74.00,53,95
"Compare_File_3768",2,148,74.00,74.00,30,118
"Compare_File_2516",2,148,74.00,74.00,48,100
"Compare_File_258",2,147,73.50,73.50,71,76
"Compare_File_2407",2,147,73.50,73.50,22,125
"Compare_File_2273",2,147,73.50,73.50,18,129
"Compare_File_816",2,147,73.50,73.50,22,125
"Compare_File_3300",2,147,73.50,73.50,24,123
"Compare_File_3187",2,147,73.50,73.50,45,102
"Compare_File_211",2,147,73.50,73.50,14,133
"Compare_File_2250",2,147,73.50,73.50,48,99
"Compare_File_241",2,147,73.50,73.50,50,97
"Compare_File_974",2,147,73.50,73.50,51,96
"Compare_File_937",2,147,73.50,73.50,25,122
"Compare_File_1774",2,146,73.00,73.00,20,126
"Compare_File_1139",2,146,73.00,73.00,35,111
"Compare_File_789",2,146,73.00,73.00,13,133
"Compare_File_2986",2,146,73.00,73.00,66,80
"Compare_File_3734",2,146,73.00,73.00,38,108
"Compare_File_2488",2,146,73.00,73.00,32,114
"Compare_File_3518",2,146,73.00,73.00,62,84
"Compare_File_1507",2,146,73.00,73.00,34,112
"Compare_File_213",2,146,73.00,73.00,10,136
"Compare_File_2159",2,146,73.00,73.00,15,131
"Compare_File_3698",2,146,73.00,73.00,19,127
"Compare_File_2645",2,146,73.00,73.00,19,127
"Compare_File_3590",2,146,73.00,73.00,14,132
"Compare_File_3313",2,146,73.00,73.00,59,87
"Compare_File_2679",2,145,72.50,72.50,24,121
"Compare_File_1424",2,145,72.50,72.50,10,135
"Compare_File_2534",2,145,72.50,72.50,10,135
"Compare_File_2343",2,145,72.50,72.50,70,75
"Compare_File_2104",2,145,72.50,72.50,34,111
"Compare_File_1023",2,145,72.50,72.50,22,123
"Compare_File_2236",2,145,72.50,72.50,30,115
"Compare_File_1079",2,145,72.50,72.50,28,117
"Compare_File_912",2,144,72.00,72.00,21,123
"Compare_File_3462",2,144,72.00,72.00,60,84
"Compare_File_3134",2,144,72.00,72.00,65,79
"Compare_File_2241",2,144,72.00,72.00,38,106
"Compare_File_1764",2,144,72.00,72.00,41,103
"Compare_File_3133",2,144,72.00,72.00,51,93
"Compare_File_2867",2,144,72.00,72.00,36,108
"Compare_File_3400",2,144,72.00,72.00,24,120
"Compare_File_3927",2,144,72.00,72.00,46,98
"Compare_File_491",2,144,72.00,72.00,21,123
"Compare_File_2553",2,144,72.00,72.00,11,133
"Compare_File_2913",2,144,72.00,72.00,37,107
"Compare_File_639",2,143,71.50,71.50,22,121
"Compare_File_1561",2,143,71.50,71.50,69,74
"Compare_File_3081",2,143,71.50,71.50,51,92
"Compare_File_466",2,143,71.50,71.50,30,113
"Compare_File_3642",2,143,71.50,71.50,18,125
"Compare_File_1645",2,143,71.50,71.50,64,79
"Compare_File_1778",2,143,71.50,71.50,20,123
"Compare_File_1323",2,143,71.50,71.50,50,93
"Compare_File_3437",2,143,71.50,71.50,50,93
"Compare_File_1875",2,143,71.50,71.50,24,119
"Compare_File_2095",2,143,71.50,71.50,23,120
"Compare_File_3370",2,143,71.50,71.50,10,133
"Compare_File_926",2,142,71.00,71.00,66,76
"Compare_File_2149",2,142,71.00,71.00,36,106
"Compare_File_390",2,142,71.00,71.00,38,104
"Compare_File_214",2,142,71.00,71.00,18,124
"Compare_File_680",2,142,71.00,71.00,29,113
"Compare_File_165",2,142,71.00,71.00,64,78
"Compare_File_2362",2,142,71.00,71.00,68,74
"Compare_File_3135",2,142,71.00,71.00,47,95
"Compare_File_249",2,141,70.50,70.50,21,120
"Compare_File_1691",2,141,70.50,70.50,27,114
"Compare_File_1250",2,141,70.50,70.50,20,121
"Compare_File_3170",2,141,70.50,70.50,26,115
"Compare_File_2072",2,141,70.50,70.50,50,91
"Compare_File_1943",2,141,70.50,70.50,58,83
"Compare_File_959",2,141,70.50,70.50,52,89
"Compare_File_3108",2,141,70.50,70.50,27,114
"Compare_File_2464",2,141,70.50,70.50,65,76
"Compare_File_1089",2,141,70.50,70.50,58,83
"Compare_File_3744",2,140,70.00,70.00,35,105
"Compare_File_1446",2,140,70.00,70.00,33,107
"Compare_File_1673",2,140,70.00,70.00,30,110
"Compare_File_3269",2,140,70.00,70.00,12,128
"Compare_File_866",2,140,70.00,70.00,19,121
"Compare_File_1151",2,140,70.00,70.00,63,77
"Compare_File_2942",2,140,70.00,70.00,40,100
"Compare_File_1902",2,140,70.00,70.00,20,120
"Compare_File_1235",2,140,70.00,70.00,29,111
"Compare_File_1674",2,140,70.00,70.00,18,122
"Compare_File_878",2,140,70.00,70.00,24,116
"Compare_File_3301",2,140,70.00,70.00,21,119
"Compare_File_3699",2,140,70.00,70.00,11,129
"Compare_File_923",2,140,70.00,70.00,61,79
"Compare_File_2778",2,139,69.50,69.50,59,80
"Compare_File_3452",2,139,69.50,69.50,23,116
"Compare_File_2771",2,139,69.50,69.50,10,129
"Compare_File_3958",2,139,69.50,69.50,69,70
"Compare_File_3034",2,139,69.50,69.50,63,76
"Compare_File_1172",2,139,69.50,69.50,51,88
"Compare_File_2700",2,139,69.50,69.50,26,113
"Compare_File_1769",2,139,69.50,69.50,20,119
"Compare_File_3369",2,139,69.50,69.50,10,129
"Compare_File_3237",2,139,69.50,69.50,15,124
"Compare_File_791",2,139,69.50,69.50,44,95
"Compare_File_2786",2,139,69.50,69.50,32,107
"Compare_File_565",2,139,69.50,69.50,21,118
"Compare_File_1469",2,139,69.50,69.50,20,119
"Compare_File_646",2,139,69.50,69.50,27,112
"Compare_File_3512",2,139,69.50,69.50,39,100
"Compare_File_2741",2,138,69.00,69.00,43,95
"Compare_File_2311",2,138,69.00,69.00,29,109
"Compare_File_471",2,138,69.00,69.00,59,79
"Compare_File_1331",2,138,69.00,69.00,8,130
"Compare_File_1077",2,138,69.00,69.00,20,118
"Compare_File_1153",2,138,69.00,69.00,20,118
"Compare_File_3079",2,138,69.00,69.00,62,76
"Compare_File_1336",2,138,69.00,69.00,59,79
"Compare_File_3168",2,138,69.00,69.00,67,71
"Compare_File_1110",2,138,69.00,69.00,20,118
"Compare_File_1408",2,138,69.00,69.00,23,115
"Compare_File_1681",2,138,69.00,69.00,10,128
"Compare_File_1662",2,138,69.00,69.00,34,104
"Compare_File_2568",2,138,69.00,69.00,44,94
"Compare_File_1060",2,138,69.00,69.00,16,122
"Compare_File_3804",2,137,68.50,68.50,34,103
"Compare_File_2475",2,137,68.50,68.50,40,97
"Compare_File_1926",2,137,68.50,68.50,18,119
"Compare_File_3484",2,137,68.50,68.50,62,75
"Compare_File_1606",2,137,68.50,68.50,12,125
"Compare_File_1698",2,137,68.50,68.50,39,98
"Compare_File_1648",2,137,68.50,68.50,40,97
"Compare_File_462",2,137,68.50,68.50,17,120
"Compare_File_1502",2,137,68.50,68.50,27,110
"Compare_File_2603",2,137,68.50,68.50,25,112
"Compare_File_3925",2,137,68.50,68.50,41,96
"Compare_File_569",2,137,68.50,68.50,27,110
"Compare_File_961",2,136,68.00,68.00,43,93
"Compare_File_908",2,136,68.00,68.00,20,116
"Compare_File_262",2,136,68.00,68.00,45,91
"Compare_File_3821",2,136,68.00,68.00,60,76
"Compare_File_2537",2,136,68.00,68.00,34,102
"Compare_File_2949",2,136,68.00,68.00,26,110
"Compare_File_2430",2,136,68.00,68.00,33,103
"Compare_File_3800",2,136,68.00,68.00,40,96
"Compare_File_1529",2,136,68.00,68.00,24,112
"Compare_File_1361",2,136,68.00,68.00,20,116
"Compare_File_1905",2,136,68.00,68.00,14,122
"Compare_File_216",2,136,68.00,68.00,25,111
"Compare_File_1461",2,136,68.00,68.00,23,113
"Compare_File_775",2,136,68.00,68.00,44,92
"Compare_File_264",2,136,68.00,68.00,38,98
"Compare_File_990",2,135,67.50,67.50,40,95
"Compare_File_1700",2,135,67.50,67.50,55,80
"Compare_File_1729",2,135,67.50,67.50,18,117
"Compare_File_2883",2,135,67.50,67.50,35,100
"Compare_File_1993",2,135,67.50,67.50,11,124
"Compare_File_2869",2,135,67.50,67.50,27,108
"Compare_File_3750",2,135,67.50,67.50,40,95
"Compare_File_2419",2,135,67.50,67.50,54,81
"Compare_File_1770",2,135,67.50,67.50,44,91
"Compare_File_1075",2,135,67.50,67.50,28,107
"Compare_File_705",2,135,67.50,67.50,19,116
"Compare_File_3274",2,135,67.50,67.50,14,121
"Compare_File_2321",2,135,67.50,67.50,45,90
"Compare_File_3803",2,135,67.50,67.50,29,106
"Compare_File_3433",2,134,67.00,67.00,24,110
"Compare_File_1411",2,134,67.00,67.00,12,122
"Compare_File_1873",2,134,67.00,67.00,65,69
"Compare_File_583",2,134,67.00,67.00,62,72
"Compare_File_593",2,134,67.00,67.00,36,98
"Compare_File_1099",2,134,67.00,67.00,20,114
"Compare_File_2315",2,134,67.00,67.00,49,85
"Compare_File_914",2,134,67.00,67.00,35,99
"Compare_File_1772",2,134,67.00,67.00,14,120
"Compare_File_1472",2,134,67.00,67.00,19,115
"Compare_File_3615",2,134,67.00,67.00,11,123
"Compare_File_1236",2,134,67.00,67.00,46,88
"Compare_File_3017",2,134,67.00,67.00,28,106
"Compare_File_2027",2,134,67.00,67.00,24,110
"Compare_File_2279",2,134,67.00,67.00,18,116
"Compare_File_3536",2,134,67.00,67.00,41,93
"Compare_File_2276",2,133,66.50,66.50,31,102
"Compare_File_389",2,133,66.50,66.50,39,94
"Compare_File_1145",2,133,66.50,66.50,16,117
"Compare_File_2723",2,133,66.50,66.50,15,118
"Compare_File_2776",2,133,66.50,66.50,52,81
"Compare_File_187",2,133,66.50,66.50,53,80
"Compare_File_2179",2,133,66.50,66.50,37,96
"Compare_File_876",2,133,66.50,66.50,23,110
"Compare_File_2583",2,133,66.50,66.50,45,88
"Compare_File_2135",2,133,66.50,66.50,58,75
"Compare_File_573",2,133,66.50,66.50,26,107
"Compare_File_2901",2,133,66.50,66.50,11,122
"Compare_File_883",2,132,66.00,66.00,62,70
"Compare_File_2875",2,132,66.00,66.00,20,112
"Compare_File_1287",2,132,66.00,66.00,42,90
"Compare_File_2904",2,132,66.00,66.00,39,93
"Compare_File_3353",2,132,66.00,66.00,18,114
"Compare_File_464",2,132,66.00,66.00,12,120
"Compare_File_3688",2,132,66.00,66.00,39,93
"Compare_File_1906",2,132,66.00,66.00,17,115
"Compare_File_890",2,132,66.00,66.00,28,104
"Compare_File_3684",2,132,66.00,66.00,18,114
"Compare_File_603",2,132,66.00,66.00,42,90
"Compare_File_545",2,131,65.50,65.50,32,99
"Compare_File_2134",2,131,65.50,65.50,19,112
"Compare_File_2458",2,131,65.50,65.50,8,123
"Compare_File_3680",2,131,65.50,65.50,46,85
"Compare_File_2015",2,131,65.50,65.50,21,110
"Compare_File_1617",2,131,65.50,65.50,14,117
"Compare_File_135",2,131,65.50,65.50,41,90
"Compare_File_2634",2,131,65.50,65.50,26,105
"Compare_File_966",2,131,65.50,65.50,13,118
"Compare_File_1106",2,131,65.50,65.50,47,84
"Compare_File_3381",2,131,65.50,65.50,17,114
"Compare_File_1324",2,131,65.50,65.50,11,120
"Compare_File_162",2,131,65.50,65.50,48,83
"Compare_File_2972",2,131,65.50,65.50,20,111
"Compare_File_3014",2,130,65.00,65.00,11,119
"Compare_File_2048",2,130,65.00,65.00,27,103
"Compare_File_1203",2,130,65.00,65.00,46,84
"Compare_File_655",2,130,65.00,65.00,15,115
"Compare_File_2584",2,130,65.00,65.00,38,92
"Compare_File_499",2,130,65.00,65.00,42,88
"Compare_File_354",2,130,65.00,65.00,21,109
"Compare_File_3474",2,130,65.00,65.00,40,90
"Compare_File_1118",2,130,65.00,65.00,16,114
"Compare_File_3656",2,130,65.00,65.00,47,83
"Compare_File_714",2,130,65.00,65.00,65,65
"Compare_File_1792",2,130,65.00,65.00,30,100
"Compare_File_1636",2,130,65.00,65.00,38,92
"Compare_File_3116",2,130,65.00,65.00,29,101
"Compare_File_777",2,130,65.00,65.00,22,108
"Compare_File_3122",2,130,65.00,65.00,47,83
"Compare_File_2377",2,129,64.50,64.50,61,68
"Compare_File_1543",2,129,64.50,64.50,27,102
"Compare_File_487",2,129,64.50,64.50,56,73
"Compare_File_2678",2,129,64.50,64.50,46,83
"Compare_File_3833",2,129,64.50,64.50,25,104
"Compare_File_3506",2,129,64.50,64.50,50,79
"Compare_File_1328",2,129,64.50,64.50,10,119
"Compare_File_3471",2,129,64.50,64.50,34,95
"Compare_File_119",2,129,64.50,64.50,30,99
"Compare_File_3302",2,129,64.50,64.50,11,118
"Compare_File_3497",2,129,64.50,64.50,46,83
"Compare_File_3005",2,128,64.00,64.00,10,118
"Compare_File_2212",2,128,64.00,64.00,44,84
"Compare_File_3985",2,128,64.00,64.00,38,90
"Compare_File_46",2,128,64.00,64.00,48,80
"Compare_File_930",2,128,64.00,64.00,19,109
"Compare_File_3265",2,128,64.00,64.00,18,110
"Compare_File_2337",2,128,64.00,64.00,39,89
"Compare_File_1940",2,128,64.00,64.00,59,69
"Compare_File_2081",2,127,63.50,63.50,48,79
"Compare_File_2074",2,127,63.50,63.50,39,88
"Compare_File_2726",2,127,63.50,63.50,33,94
"Compare_File_1029",2,127,63.50,63.50,47,80
"Compare_File_3585",2,127,63.50,63.50,62,65
"Compare_File_3897",2,127,63.50,63.50,55,72
"Compare_File_2910",2,127,63.50,63.50,23,104
"Compare_File_2339",2,127,63.50,63.50,26,101
"Compare_File_3072",2,127,63.50,63.50,42,85
"Compare_File_2810",2,127,63.50,63.50,32,95
"Compare_File_2871",2,127,63.50,63.50,32,95
"Compare_File_888",2,127,63.50,63.50,28,99
"Compare_File_570",2,127,63.50,63.50,25,102
"Compare_File_1660",2,127,63.50,63.50,54,73
"Compare_File_2396",2,127,63.50,63.50,18,109
"Compare_File_3268",2,126,63.00,63.00,15,111
"Compare_File_1796",2,126,63.00,63.00,38,88
"Compare_File_3843",2,126,63.00,63.00,49,77
"Compare_File_1955",2,126,63.00,63.00,20,106
"Compare_File_3060",2,126,63.00,63.00,21,105
"Compare_File_3059",2,126,63.00,63.00,21,105
"Compare_File_1109",2,126,63.00,63.00,25,101
"Compare_File_2169",2,126,63.00,63.00,21,105
"Compare_File_3893",2,125,62.50,62.50,15,110
"Compare_File_2096",2,125,62.50,62.50,45,80
"Compare_File_2619",2,125,62.50,62.50,44,81
"Compare_File_2462",2,125,62.50,62.50,13,112
"Compare_File_3180",2,125,62.50,62.50,45,80
"Compare_File_2808",2,125,62.50,62.50,30,95
"Compare_File_2932",2,125,62.50,62.50,59,66
"Compare_File_473",2,125,62.50,62.50,42,83
"Compare_File_3696",2,125,62.50,62.50,53,72
"Compare_File_1464",2,125,62.50,62.50,38,87
"Compare_File_1070",2,125,62.50,62.50,48,77
"Compare_File_2811",2,125,62.50,62.50,14,111
"Compare_File_1178",2,125,62.50,62.50,56,69
"Compare_File_2509",2,125,62.50,62.50,28,97
"Compare_File_2062",2,125,62.50,62.50,35,90
"Compare_File_3459",2,125,62.50,62.50,30,95
"Compare_File_1616",2,125,62.50,62.50,22,103
"Compare_File_183",2,124,62.00,62.00,31,93
"Compare_File_3003",2,124,62.00,62.00,12,112
"Compare_File_3114",2,124,62.00,62.00,21,103
"Compare_File_832",2,124,62.00,62.00,31,93
"Compare_File_1945",2,124,62.00,62.00,58,66
"Compare_File_2744",2,124,62.00,62.00,20,104
"Compare_File_741",2,124,62.00,62.00,24,100
"Compare_File_735",2,123,61.50,61.50,14,109
"Compare_File_1340",2,123,61.50,61.50,35,88
"Compare_File_1133",2,123,61.50,61.50,41,82
"Compare_File_2916",2,123,61.50,61.50,20,103
"Compare_File_2889",2,123,61.50,61.50,23,100
"Compare_File_1521",2,123,61.50,61.50,23,100
"Compare_File_1436",2,123,61.50,61.50,52,71
"Compare_File_2670",2,123,61.50,61.50,18,105
"Compare_File_1087",2,123,61.50,61.50,58,65
"Compare_File_607",2,123,61.50,61.50,22,101
"Compare_File_1747",2,123,61.50,61.50,29,94
"Compare_File_3152",2,123,61.50,61.50,48,75
"Compare_File_2872",2,123,61.50,61.50,37,86
"Compare_File_2405",2,122,61.00,61.00,44,78
"Compare_File_3193",2,122,61.00,61.00,49,73
"Compare_File_1199",2,122,61.00,61.00,40,82
"Compare_File_1963",2,122,61.00,61.00,24,98
"Compare_File_2040",2,122,61.00,61.00,24,98
"Compare_File_691",2,122,61.00,61.00,24,98
"Compare_File_2366",2,122,61.00,61.00,13,109
"Compare_File_753",2,122,61.00,61.00,11,111
"Compare_File_3094",2,122,61.00,61.00,44,78
"Compare_File_3993",2,122,61.00,61.00,58,64
"Compare_File_2905",2,122,61.00,61.00,39,83
"Compare_File_3191",2,122,61.00,61.00,23,99
"Compare_File_1855",2,122,61.00,61.00,20,102
"Compare_File_2807",2,122,61.00,61.00,25,97
"Compare_File_3614",2,121,60.50,60.50,14,107
"Compare_File_695",2,121,60.50,60.50,21,100
"Compare_File_1364",2,121,60.50,60.50,24,97
"Compare_File_2969",2,121,60.50,60.50,28,93
"Compare_File_1397",2,121,60.50,60.50,48,73
"Compare_File_1022",2,121,60.50,60.50,20,101
"Compare_File_2790",2,121,60.50,60.50,25,96
"Compare_File_3986",2,121,60.50,60.50,44,77
"Compare_File_3773",2,121,60.50,60.50,40,81
"Compare_File_1715",2,121,60.50,60.50,23,98
"Compare_File_763",2,121,60.50,60.50,55,66
"Compare_File_3241",2,121,60.50,60.50,14,107
"Compare_File_2966",2,121,60.50,60.50,59,62
"Compare_File_601",2,121,60.50,60.50,33,88
"Compare_File_1450",2,121,60.50,60.50,11,110
"Compare_File_3185",2,121,60.50,60.50,43,78
"Compare_File_3501",2,121,60.50,60.50,20,101
"Compare_File_1539",2,121,60.50,60.50,45,76
"Compare_File_3115",2,120,60.00,60.00,39,81
"Compare_File_3722",2,120,60.00,60.00,24,96
"Compare_File_3516",2,120,60.00,60.00,42,78
"Compare_File_179",2,120,60.00,60.00,60,60
"Compare_File_3840",2,120,60.00,60.00,34,86
"Compare_File_3859",2,120,60.00,60.00,12,108
"Compare_File_2453",2,120,60.00,60.00,23,97
"Compare_File_279",2,120,60.00,60.00,19,101
"Compare_File_3143",2,120,60.00,60.00,18,102
"Compare_File_3544",2,120,60.00,60.00,29,91
"Compare_File_2612",2,120,60.00,60.00,57,63
"Compare_File_3623",2,120,60.00,60.00,54,66
"Compare_File_39",2,120,60.00,60.00,21,99
"Compare_File_2069",2,120,60.00,60.00,51,69
"Compare_File_2922",2,120,60.00,60.00,31,89
"Compare_File_2959",2,120,60.00,60.00,28,92
"Compare_File_3436",2,120,60.00,60.00,25,95
"Compare_File_273",2,120,60.00,60.00,45,75
"Compare_File_1969",2,120,60.00,60.00,23,97
"Compare_File_1458",2,120,60.00,60.00,32,88
"Compare_File_3870",2,119,59.50,59.50,28,91
"Compare_File_904",2,119,59.50,59.50,18,101
"Compare_File_1485",2,119,59.50,59.50,50,69
"Compare_File_2597",2,119,59.50,59.50,18,101
"Compare_File_1090",2,119,59.50,59.50,13,106
"Compare_File_3596",2,119,59.50,59.50,28,91
"Compare_File_989",2,119,59.50,59.50,22,97
"Compare_File_1212",2,119,59.50,59.50,16,103
"Compare_File_35",2,118,59.00,59.00,45,73
"Compare_File_2131",2,118,59.00,59.00,27,91
"Compare_File_2432",2,118,59.00,59.00,14,104
"Compare_File_889",2,118,59.00,59.00,32,86
"Compare_File_1684",2,118,59.00,59.00,37,81
"Compare_File_944",2,118,59.00,59.00,55,63
"Compare_File_1560",2,118,59.00,59.00,41,77
"Compare_File_1373",2,118,59.00,59.00,37,81
"Compare_File_1155",2,118,59.00,59.00,23,95
"Compare_File_41",2,118,59.00,59.00,26,92
"Compare_File_237",2,118,59.00,59.00,46,72
"Compare_File_2897",2,117,58.50,58.50,23,94
"Compare_File_2495",2,117,58.50,58.50,46,71
"Compare_File_3317",2,117,58.50,58.50,14,103
"Compare_File_2489",2,117,58.50,58.50,25,92
"Compare_File_2438",2,117,58.50,58.50,20,97
"Compare_File_882",2,117,58.50,58.50,27,90
"Compare_File_1727",2,117,58.50,58.50,12,105
"Compare_File_1389",2,117,58.50,58.50,9,108
"Compare_File_1751",2,117,58.50,58.50,11,106
"Compare_File_2931",2,117,58.50,58.50,48,69
"Compare_File_3904",2,117,58.50,58.50,50,67
"Compare_File_280",2,117,58.50,58.50,25,92
"Compare_File_2057",2,117,58.50,58.50,51,66
"Compare_File_3579",2,117,58.50,58.50,31,86
"Compare_File_2614",2,117,58.50,58.50,54,63
"Compare_File_3412",2,117,58.50,58.50,15,102
"Compare_File_3334",2,117,58.50,58.50,14,103
"Compare_File_3752",2,117,58.50,58.50,31,86
"Compare_File_3050",2,116,58.00,58.00,45,71
"Compare_File_504",2,116,58.00,58.00,30,86
"Compare_File_805",2,116,58.00,58.00,12,104
"Compare_File_2269",2,116,58.00,58.00,13,103
"Compare_File_1231",2,116,58.00,58.00,31,85
"Compare_File_1061",2,116,58.00,58.00,10,106
"Compare_File_860",2,116,58.00,58.00,25,91
"Compare_File_896",2,116,58.00,58.00,54,62
"Compare_File_3565",2,116,58.00,58.00,50,66
"Compare_File_716",2,116,58.00,58.00,27,89
"Compare_File_2087",2,116,58.00,58.00,33,83
"Compare_File_1869",2,115,57.50,57.50,32,83
"Compare_File_2793",2,115,57.50,57.50,55,60
"Compare_File_3026",2,115,57.50,57.50,34,81
"Compare_File_1249",2,115,57.50,57.50,16,99
"Compare_File_1488",2,115,57.50,57.50,38,77
"Compare_File_1601",2,115,57.50,57.50,11,104
"Compare_File_745",2,115,57.50,57.50,29,86
"Compare_File_2370",2,115,57.50,57.50,45,70
"Compare_File_1142",2,115,57.50,57.50,26,89
"Compare_File_3479",2,115,57.50,57.50,37,78
"Compare_File_2358",2,115,57.50,57.50,23,92
"Compare_File_265",2,115,57.50,57.50,50,65
"Compare_File_1808",2,115,57.50,57.50,26,89
"Compare_File_3384",2,115,57.50,57.50,11,104
"Compare_File_1788",2,114,57.00,57.00,12,102
"Compare_File_1198",2,114,57.00,57.00,28,86
"Compare_File_3551",2,114,57.00,57.00,13,101
"Compare_File_1842",2,114,57.00,57.00,27,87
"Compare_File_1689",2,114,57.00,57.00,29,85
"Compare_File_2386",2,114,57.00,57.00,50,64
"Compare_File_3360",2,114,57.00,57.00,42,72
"Compare_File_3953",2,114,57.00,57.00,49,65
"Compare_File_2944",2,114,57.00,57.00,29,85
"Compare_File_275",2,114,57.00,57.00,25,89
"Compare_File_2384",2,114,57.00,57.00,39,75
"Compare_File_1725",2,114,57.00,57.00,35,79
"Compare_File_3955",2,114,57.00,57.00,31,83
"Compare_File_1141",2,114,57.00,57.00,28,86
"Compare_File_3058",2,113,56.50,56.50,13,100
"Compare_File_972",2,113,56.50,56.50,32,81
"Compare_File_2398",2,113,56.50,56.50,28,85
"Compare_File_1532",2,113,56.50,56.50,29,84
"Compare_File_2424",2,113,56.50,56.50,31,82
"Compare_File_3225",2,113,56.50,56.50,11,102
"Compare_File_2707",2,113,56.50,56.50,18,95
"Compare_File_3673",2,113,56.50,56.50,21,92
"Compare_File_2504",2,113,56.50,56.50,54,59
"Compare_File_2240",2,113,56.50,56.50,33,80
"Compare_File_1667",2,113,56.50,56.50,31,82
"Compare_File_2427",2,113,56.50,56.50,9,104
"Compare_File_3416",2,112,56.00,56.00,34,78
"Compare_File_261",2,112,56.00,56.00,36,76
"Compare_File_3741",2,112,56.00,56.00,15,97
"Compare_File_1091",2,112,56.00,56.00,47,65
"Compare_File_505",2,112,56.00,56.00,18,94
"Compare_File_1870",2,112,56.00,56.00,28,84
"Compare_File_2378",2,112,56.00,56.00,28,84
"Compare_File_2840",2,112,56.00,56.00,34,78
"Compare_File_1475",2,112,56.00,56.00,36,76
"Compare_File_1537",2,111,55.50,55.50,26,85
"Compare_File_2088",2,111,55.50,55.50,41,70
"Compare_File_1146",2,111,55.50,55.50,52,59
"Compare_File_1626",2,111,55.50,55.50,12,99
"Compare_File_2112",2,111,55.50,55.50,44,67
"Compare_File_1533",2,111,55.50,55.50,21,90
"Compare_File_3309",2,111,55.50,55.50,48,63
"Compare_File_3520",2,111,55.50,55.50,13,98
"Compare_File_2320",2,111,55.50,55.50,8,103
"Compare_File_2181",2,111,55.50,55.50,26,85
"Compare_File_3477",2,110,55.00,55.00,33,77
"Compare_File_327",2,110,55.00,55.00,18,92
"Compare_File_942",2,110,55.00,55.00,35,75
"Compare_File_1922",2,110,55.00,55.00,19,91
"Compare_File_2842",2,110,55.00,55.00,18,92
"Compare_File_2077",2,110,55.00,55.00,29,81
"Compare_File_1409",2,110,55.00,55.00,27,83
"Compare_File_1476",2,110,55.00,55.00,29,81
"Compare_File_1267",2,110,55.00,55.00,39,71
"Compare_File_2070",2,110,55.00,55.00,33,77
"Compare_File_3228",2,110,55.00,55.00,27,83
"Compare_File_833",2,110,55.00,55.00,25,85
"Compare_File_3485",2,110,55.00,55.00,33,77
"Compare_File_3984",2,110,55.00,55.00,22,88
"Compare_File_2498",2,110,55.00,55.00,30,80
"Compare_File_1856",2,109,54.50,54.50,52,57
"Compare_File_2060",2,109,54.50,54.50,22,87
"Compare_File_956",2,109,54.50,54.50,26,83
"Compare_File_3000",2,109,54.50,54.50,30,79
"Compare_File_694",2,109,54.50,54.50,22,87
"Compare_File_3555",2,109,54.50,54.50,10,99
"Compare_File_1477",2,109,54.50,54.50,27,82
"Compare_File_935",2,109,54.50,54.50,35,74
"Compare_File_2599",2,109,54.50,54.50,52,57
"Compare_File_1538",2,109,54.50,54.50,23,86
"Compare_File_1128",2,109,54.50,54.50,44,65
"Compare_File_2442",2,108,54.00,54.00,41,67
"Compare_File_721",2,108,54.00,54.00,50,58
"Compare_File_2716",2,108,54.00,54.00,34,74
"Compare_File_984",2,108,54.00,54.00,32,76
"Compare_File_2941",2,108,54.00,54.00,24,84
"Compare_File_323",2,108,54.00,54.00,43,65
"Compare_File_3047",2,108,54.00,54.00,42,66
"Compare_File_3987",2,108,54.00,54.00,41,67
"Compare_File_3256",2,108,54.00,54.00,32,76
"Compare_File_3357",2,108,54.00,54.00,25,83
"Compare_File_2338",2,108,54.00,54.00,44,64
"Compare_File_3841",2,108,54.00,54.00,47,61
"Compare_File_3570",2,108,54.00,54.00,32,76
"Compare_File_461",2,108,54.00,54.00,14,94
"Compare_File_3033",2,108,54.00,54.00,45,63
"Compare_File_2946",2,108,54.00,54.00,27,81
"Compare_File_879",2,108,54.00,54.00,40,68
"Compare_File_3652",2,108,54.00,54.00,26,82
"Compare_File_1105",2,108,54.00,54.00,26,82
"Compare_File_1868",2,107,53.50,53.50,23,84
"Compare_File_2635",2,107,53.50,53.50,18,89
"Compare_File_122",2,107,53.50,53.50,38,69
"Compare_File_2496",2,107,53.50,53.50,18,89
"Compare_File_3531",2,107,53.50,53.50,16,91
"Compare_File_3442",2,107,53.50,53.50,27,80
"Compare_File_30",2,107,53.50,53.50,35,72
"Compare_File_1924",2,107,53.50,53.50,26,81
"Compare_File_2974",2,107,53.50,53.50,18,89
"Compare_File_2962",2,107,53.50,53.50,43,64
"Compare_File_1474",2,106,53.00,53.00,46,60
"Compare_File_1647",2,106,53.00,53.00,23,83
"Compare_File_1112",2,106,53.00,53.00,34,72
"Compare_File_2055",2,106,53.00,53.00,46,60
"Compare_File_2579",2,106,53.00,53.00,44,62
"Compare_File_2690",2,106,53.00,53.00,43,63
"Compare_File_467",2,106,53.00,53.00,38,68
"Compare_File_3037",2,106,53.00,53.00,49,57
"Compare_File_2751",2,106,53.00,53.00,45,61
"Compare_File_1657",2,106,53.00,53.00,18,88
"Compare_File_2336",2,106,53.00,53.00,33,73
"Compare_File_1952",2,106,53.00,53.00,50,56
"Compare_File_1230",2,106,53.00,53.00,11,95
"Compare_File_2582",2,105,52.50,52.50,41,64
"Compare_File_2056",2,105,52.50,52.50,52,53
"Compare_File_1197",2,105,52.50,52.50,41,64
"Compare_File_1376",2,105,52.50,52.50,12,93
"Compare_File_3838",2,105,52.50,52.50,46,59
"Compare_File_2980",2,105,52.50,52.50,20,85
"Compare_File_3279",2,104,52.00,52.00,12,92
"Compare_File_3812",2,104,52.00,52.00,11,93
"Compare_File_765",2,104,52.00,52.00,25,79
"Compare_File_3110",2,104,52.00,52.00,25,79
"Compare_File_834",2,104,52.00,52.00,19,85
"Compare_File_2218",2,104,52.00,52.00,9,95
"Compare_File_3515",2,104,52.00,52.00,27,77
"Compare_File_3125",2,104,52.00,52.00,22,82
"Compare_File_3184",2,104,52.00,52.00,32,72
"Compare_File_1866",2,104,52.00,52.00,18,86
"Compare_File_3335",2,104,52.00,52.00,34,70
"Compare_File_3826",2,104,52.00,52.00,49,55
"Compare_File_2819",2,104,52.00,52.00,32,72
"Compare_File_1655",2,104,52.00,52.00,42,62
"Compare_File_2573",2,104,52.00,52.00,22,82
"Compare_File_2110",2,104,52.00,52.00,30,74
"Compare_File_1554",2,104,52.00,52.00,25,79
"Compare_File_1696",2,104,52.00,52.00,17,87
"Compare_File_1825",2,103,51.50,51.50,25,78
"Compare_File_1226",2,103,51.50,51.50,45,58
"Compare_File_3567",2,103,51.50,51.50,30,73
"Compare_File_3980",2,103,51.50,51.50,35,68
"Compare_File_1301",2,103,51.50,51.50,17,86
"Compare_File_3643",2,103,51.50,51.50,11,92
"Compare_File_1339",2,103,51.50,51.50,27,76
"Compare_File_2849",2,103,51.50,51.50,48,55
"Compare_File_769",2,103,51.50,51.50,45,58
"Compare_File_3287",2,103,51.50,51.50,30,73
"Compare_File_328",2,103,51.50,51.50,19,84
"Compare_File_2874",2,103,51.50,51.50,36,67
"Compare_File_3709",2,103,51.50,51.50,41,62
"Compare_File_3127",2,103,51.50,51.50,27,76
"Compare_File_627",2,103,51.50,51.50,45,58
"Compare_File_2983",2,103,51.50,51.50,36,67
"Compare_File_3073",2,102,51.00,51.00,38,64
"Compare_File_2968",2,102,51.00,51.00,26,76
"Compare_File_3028",2,102,51.00,51.00,30,72
"Compare_File_2696",2,102,51.00,51.00,49,53
"Compare_File_1190",2,102,51.00,51.00,46,56
"Compare_File_2566",2,102,51.00,51.00,27,75
"Compare_File_2912",2,102,51.00,51.00,44,58
"Compare_File_913",2,102,51.00,51.00,39,63
"Compare_File_3935",2,102,51.00,51.00,40,62
"Compare_File_31",2,102,51.00,51.00,28,74
"Compare_File_2090",2,102,51.00,51.00,16,86
"Compare_File_2092",2,102,51.00,51.00,20,82
"Compare_File_3691",2,102,51.00,51.00,30,72
"Compare_File_3763",2,102,51.00,51.00,19,83
"Compare_File_1624",2,102,51.00,51.00,16,86
"Compare_File_3271",2,101,50.50,50.50,12,89
"Compare_File_3491",2,101,50.50,50.50,46,55
"Compare_File_1004",2,101,50.50,50.50,16,85
"Compare_File_1612",2,101,50.50,50.50,21,80
"Compare_File_3469",2,101,50.50,50.50,31,70
"Compare_File_3019",2,101,50.50,50.50,44,57
"Compare_File_186",2,101,50.50,50.50,23,78
"Compare_File_612",2,101,50.50,50.50,22,79
"Compare_File_1690",2,101,50.50,50.50,32,69
"Compare_File_3473",2,101,50.50,50.50,44,57
"Compare_File_1592",2,101,50.50,50.50,33,68
"Compare_File_1845",2,101,50.50,50.50,30,71
"Compare_File_3932",2,101,50.50,50.50,47,54
"Compare_File_3860",2,101,50.50,50.50,19,82
"Compare_File_3234",2,101,50.50,50.50,18,83
"Compare_File_2775",2,101,50.50,50.50,33,68
"Compare_File_3528",2,101,50.50,50.50,14,87
"Compare_File_2499",2,101,50.50,50.50,18,83
"Compare_File_2630",2,101,50.50,50.50,31,70
"Compare_File_3743",2,101,50.50,50.50,28,73
"Compare_File_161",2,101,50.50,50.50,35,66
"Compare_File_917",2,100,50.00,50.00,11,89
"Compare_File_489",2,100,50.00,50.00,32,68
"Compare_File_2505",2,100,50.00,50.00,48,52
"Compare_File_1350",2,100,50.00,50.00,39,61
"Compare_File_1599",2,100,50.00,50.00,19,81
"Compare_File_1974",2,100,50.00,50.00,42,58
"Compare_File_940",2,100,50.00,50.00,26,74
"Compare_File_1820",2,100,50.00,50.00,42,58
"Compare_File_1563",2,100,50.00,50.00,25,75
"Compare_File_3524",2,100,50.00,50.00,29,71
"Compare_File_1615",2,100,50.00,50.00,27,73
"Compare_File_1664",2,99,49.50,49.50,15,84
"Compare_File_1848",2,99,49.50,49.50,33,66
"Compare_File_2898",2,99,49.50,49.50,19,80
"Compare_File_1668",2,99,49.50,49.50,47,52
"Compare_File_3975",2,99,49.50,49.50,33,66
"Compare_File_3944",2,99,49.50,49.50,38,61
"Compare_File_1559",2,99,49.50,49.50,22,77
"Compare_File_1907",2,99,49.50,49.50,29,70
"Compare_File_240",2,99,49.50,49.50,36,63
"Compare_File_2576",2,99,49.50,49.50,19,80
"Compare_File_970",2,99,49.50,49.50,44,55
"Compare_File_1935",2,99,49.50,49.50,27,72
"Compare_File_3176",2,99,49.50,49.50,47,52
"Compare_File_1393",2,99,49.50,49.50,8,91
"Compare_File_2431",2,98,49.00,49.00,10,88
"Compare_File_3106",2,98,49.00,49.00,30,68
"Compare_File_2788",2,98,49.00,49.00,27,71
"Compare_File_1401",2,98,49.00,49.00,36,62
"Compare_File_2698",2,98,49.00,49.00,25,73
"Compare_File_1095",2,98,49.00,49.00,29,69
"Compare_File_981",2,98,49.00,49.00,25,73
"Compare_File_815",2,98,49.00,49.00,22,76
"Compare_File_1187",2,98,49.00,49.00,15,83
"Compare_File_3061",2,98,49.00,49.00,31,67
"Compare_File_891",2,98,49.00,49.00,22,76
"Compare_File_25",2,97,48.50,48.50,10,87
"Compare_File_98",2,97,48.50,48.50,37,60
"Compare_File_267",2,97,48.50,48.50,37,60
"Compare_File_1805",2,97,48.50,48.50,32,65
"Compare_File_1956",2,97,48.50,48.50,47,50
"Compare_File_3332",2,97,48.50,48.50,15,82
"Compare_File_3098",2,97,48.50,48.50,30,67
"Compare_File_2745",2,97,48.50,48.50,24,73
"Compare_File_3809",2,97,48.50,48.50,46,51
"Compare_File_3714",2,97,48.50,48.50,31,66
"Compare_File_3861",2,97,48.50,48.50,14,83
"Compare_File_2887",2,97,48.50,48.50,21,76
"Compare_File_458",2,97,48.50,48.50,20,77
"Compare_File_2099",2,97,48.50,48.50,38,59
"Compare_File_1509",2,97,48.50,48.50,39,58
"Compare_File_3982",2,97,48.50,48.50,30,67
"Compare_File_1568",2,97,48.50,48.50,30,67
"Compare_File_3131",2,97,48.50,48.50,11,86
"Compare_File_3521",2,97,48.50,48.50,12,85
"Compare_File_1759",2,97,48.50,48.50,44,53
"Compare_File_197",2,96,48.00,48.00,29,67
"Compare_File_3305",2,96,48.00,48.00,37,59
"Compare_File_2306",2,96,48.00,48.00,35,61
"Compare_File_263",2,96,48.00,48.00,39,57
"Compare_File_2319",2,96,48.00,48.00,11,85
"Compare_File_3989",2,96,48.00,48.00,38,58
"Compare_File_1237",2,95,47.50,47.50,34,61
"Compare_File_2759",2,95,47.50,47.50,40,55
"Compare_File_938",2,95,47.50,47.50,26,69
"Compare_File_1030",2,95,47.50,47.50,45,50
"Compare_File_983",2,95,47.50,47.50,31,64
"Compare_File_3816",2,95,47.50,47.50,44,51
"Compare_File_3526",2,95,47.50,47.50,46,49
"Compare_File_1736",2,95,47.50,47.50,25,70
"Compare_File_802",2,95,47.50,47.50,13,82
"Compare_File_3700",2,95,47.50,47.50,9,86
"Compare_File_1818",2,95,47.50,47.50,30,65
"Compare_File_1846",2,95,47.50,47.50,26,69
"Compare_File_1341",2,95,47.50,47.50,25,70
"Compare_File_3306",2,95,47.50,47.50,40,55
"Compare_File_2494",2,95,47.50,47.50,25,70
"Compare_File_2501",2,95,47.50,47.50,40,55
"Compare_File_3367",2,95,47.50,47.50,19,76
"Compare_File_1238",2,95,47.50,47.50,36,59
"Compare_File_884",2,95,47.50,47.50,25,70
"Compare_File_910",2,94,47.00,47.00,20,74
"Compare_File_1351",2,94,47.00,47.00,20,74
"Compare_File_3141",2,94,47.00,47.00,42,52
"Compare_File_1319",2,94,47.00,47.00,11,83
"Compare_File_710",2,94,47.00,47.00,19,75
"Compare_File_1516",2,94,47.00,47.00,39,55
"Compare_File_530",2,94,47.00,47.00,21,73
"Compare_File_3100",2,94,47.00,47.00,20,74
"Compare_File_2083",2,94,47.00,47.00,46,48
"Compare_File_2325",2,94,47.00,47.00,41,53
"Compare_File_2042",2,94,47.00,47.00,23,71
"Compare_File_1706",2,94,47.00,47.00,43,51
"Compare_File_1165",2,93,46.50,46.50,11,82
"Compare_File_885",2,93,46.50,46.50,40,53
"Compare_File_2667",2,93,46.50,46.50,29,64
"Compare_File_2368",2,93,46.50,46.50,39,54
"Compare_File_697",2,93,46.50,46.50,30,63
"Compare_File_3329",2,93,46.50,46.50,12,81
"Compare_File_3068",2,93,46.50,46.50,32,61
"Compare_File_1925",2,93,46.50,46.50,19,74
"Compare_File_2359",2,93,46.50,46.50,22,71
"Compare_File_943",2,93,46.50,46.50,24,69
"Compare_File_907",2,93,46.50,46.50,23,70
"Compare_File_2832",2,93,46.50,46.50,41,52
"Compare_File_3295",2,93,46.50,46.50,13,80
"Compare_File_3996",2,93,46.50,46.50,44,49
"Compare_File_3288",2,93,46.50,46.50,39,54
"Compare_File_2031",2,93,46.50,46.50,12,81
"Compare_File_1716",2,93,46.50,46.50,28,65
"Compare_File_2155",2,93,46.50,46.50,10,83
"Compare_File_2973",2,92,46.00,46.00,14,78
"Compare_File_2143",2,92,46.00,46.00,10,82
"Compare_File_3793",2,92,46.00,46.00,20,72
"Compare_File_628",2,92,46.00,46.00,39,53
"Compare_File_985",2,92,46.00,46.00,24,68
"Compare_File_708",2,92,46.00,46.00,19,73
"Compare_File_905",2,92,46.00,46.00,21,71
"Compare_File_3226",2,92,46.00,46.00,13,79
"Compare_File_2116",2,92,46.00,46.00,28,64
"Compare_File_3015",2,92,46.00,46.00,16,76
"Compare_File_1858",2,92,46.00,46.00,24,68
"Compare_File_1134",2,92,46.00,46.00,39,53
"Compare_File_3766",2,91,45.50,45.50,18,73
"Compare_File_3827",2,91,45.50,45.50,34,57
"Compare_File_3457",2,91,45.50,45.50,34,57
"Compare_File_2623",2,91,45.50,45.50,28,63
"Compare_File_2261",2,91,45.50,45.50,43,48
"Compare_File_331",2,91,45.50,45.50,10,81
"Compare_File_3822",2,91,45.50,45.50,20,71
"Compare_File_100",2,91,45.50,45.50,25,66
"Compare_File_3351",2,91,45.50,45.50,19,72
"Compare_File_2649",2,91,45.50,45.50,13,78
"Compare_File_3600",2,91,45.50,45.50,17,74
"Compare_File_1170",2,91,45.50,45.50,39,52
"Compare_File_1391",2,91,45.50,45.50,17,74
"Compare_File_1941",2,90,45.00,45.00,21,69
"Compare_File_335",2,90,45.00,45.00,16,74
"Compare_File_2580",2,90,45.00,45.00,33,57
"Compare_File_1168",2,90,45.00,45.00,31,59
"Compare_File_3502",2,90,45.00,45.00,40,50
"Compare_File_1001",2,90,45.00,45.00,22,68
"Compare_File_3414",2,90,45.00,45.00,9,81
"Compare_File_2918",2,90,45.00,45.00,22,68
"Compare_File_971",2,90,45.00,45.00,43,47
"Compare_File_2590",2,90,45.00,45.00,25,65
"Compare_File_706",2,90,45.00,45.00,17,73
"Compare_File_2188",2,90,45.00,45.00,42,48
"Compare_File_531",2,90,45.00,45.00,17,73
"Compare_File_2894",2,90,45.00,45.00,16,74
"Compare_File_1072",2,89,44.50,44.50,25,64
"Compare_File_1709",2,89,44.50,44.50,34,55
"Compare_File_2706",2,89,44.50,44.50,21,68
"Compare_File_1938",2,89,44.50,44.50,22,67
"Compare_File_2063",2,89,44.50,44.50,28,61
"Compare_File_2647",2,89,44.50,44.50,25,64
"Compare_File_1672",2,89,44.50,44.50,20,69
"Compare_File_3112",2,89,44.50,44.50,34,55
"Compare_File_495",2,89,44.50,44.50,40,49
"Compare_File_2866",2,89,44.50,44.50,22,67
"Compare_File_3172",2,89,44.50,44.50,23,66
"Compare_File_3850",2,89,44.50,44.50,15,74
"Compare_File_3981",2,89,44.50,44.50,23,66
"Compare_File_1817",2,89,44.50,44.50,18,71
"Compare_File_3606",2,89,44.50,44.50,40,49
"Compare_File_3202",2,89,44.50,44.50,12,77
"Compare_File_2957",2,89,44.50,44.50,38,51
"Compare_File_1174",2,88,44.00,44.00,35,53
"Compare_File_2742",2,88,44.00,44.00,33,55
"Compare_File_2640",2,88,44.00,44.00,40,48
"Compare_File_3233",2,88,44.00,44.00,19,69
"Compare_File_2701",2,88,44.00,44.00,18,70
"Compare_File_3368",2,88,44.00,44.00,12,76
"Compare_File_2740",2,88,44.00,44.00,12,76
"Compare_File_2301",2,88,44.00,44.00,35,53
"Compare_File_1879",2,88,44.00,44.00,26,62
"Compare_File_1028",2,88,44.00,44.00,27,61
"Compare_File_1815",2,88,44.00,44.00,11,77
"Compare_File_3339",2,88,44.00,44.00,30,58
"Compare_File_1158",2,88,44.00,44.00,34,54
"Compare_File_2502",2,87,43.50,43.50,39,48
"Compare_File_3236",2,87,43.50,43.50,11,76
"Compare_File_3587",2,87,43.50,43.50,16,71
"Compare_File_1841",2,87,43.50,43.50,22,65
"Compare_File_3156",2,87,43.50,43.50,29,58
"Compare_File_766",2,87,43.50,43.50,26,61
"Compare_File_3476",2,87,43.50,43.50,35,52
"Compare_File_3235",2,87,43.50,43.50,18,69
"Compare_File_740",2,87,43.50,43.50,23,64
"Compare_File_1419",2,87,43.50,43.50,23,64
"Compare_File_3006",2,87,43.50,43.50,39,48
"Compare_File_1546",2,87,43.50,43.50,15,72
"Compare_File_3771",2,87,43.50,43.50,42,45
"Compare_File_3994",2,87,43.50,43.50,36,51
"Compare_File_1871",2,87,43.50,43.50,19,68
"Compare_File_2103",2,87,43.50,43.50,42,45
"Compare_File_1852",2,87,43.50,43.50,23,64
"Compare_File_3077",2,87,43.50,43.50,22,65
"Compare_File_595",2,87,43.50,43.50,27,60
"Compare_File_590",2,87,43.50,43.50,42,45
"Compare_File_359",2,87,43.50,43.50,41,46
"Compare_File_743",2,87,43.50,43.50,18,69
"Compare_File_190",2,87,43.50,43.50,28,59
"Compare_File_3979",2,87,43.50,43.50,38,49
"Compare_File_2309",2,86,43.00,43.00,31,55
"Compare_File_1826",2,86,43.00,43.00,23,63
"Compare_File_1595",2,86,43.00,43.00,19,67
"Compare_File_3161",2,86,43.00,43.00,40,46
"Compare_File_2174",2,86,43.00,43.00,25,61
"Compare_File_1076",2,86,43.00,43.00,21,65
"Compare_File_2076",2,86,43.00,43.00,26,60
"Compare_File_711",2,86,43.00,43.00,24,62
"Compare_File_188",2,86,43.00,43.00,22,64
"Compare_File_2484",2,85,42.50,42.50,20,65
"Compare_File_3770",2,85,42.50,42.50,42,43
"Compare_File_2120",2,85,42.50,42.50,38,47
"Compare_File_3142",2,85,42.50,42.50,39,46
"Compare_File_3611",2,85,42.50,42.50,33,52
"Compare_File_2252",2,85,42.50,42.50,36,49
"Compare_File_543",2,85,42.50,42.50,35,50
"Compare_File_720",2,85,42.50,42.50,21,64
"Compare_File_2772",2,85,42.50,42.50,42,43
"Compare_File_3174",2,85,42.50,42.50,32,53
"Compare_File_3004",2,85,42.50,42.50,15,70
"Compare_File_2925",2,85,42.50,42.50,33,52
"Compare_File_3514",2,85,42.50,42.50,27,58
"Compare_File_2014",2,85,42.50,42.50,38,47
"Compare_File_1593",2,85,42.50,42.50,18,67
"Compare_File_1132",2,85,42.50,42.50,29,56
"Compare_File_3164",2,84,42.00,42.00,33,51
"Compare_File_3224",2,84,42.00,42.00,22,62
"Compare_File_2948",2,84,42.00,42.00,20,64
"Compare_File_2225",2,84,42.00,42.00,22,62
"Compare_File_3937",2,84,42.00,42.00,27,57
"Compare_File_906",2,84,42.00,42.00,41,43
"Compare_File_1978",2,84,42.00,42.00,23,61
"Compare_File_2512",2,84,42.00,42.00,41,43
"Compare_File_2115",2,84,42.00,42.00,26,58
"Compare_File_960",2,84,42.00,42.00,25,59
"Compare_File_2789",2,84,42.00,42.00,34,50
"Compare_File_2627",2,84,42.00,42.00,9,75
"Compare_File_3824",2,83,41.50,41.50,41,42
"Compare_File_3349",2,83,41.50,41.50,39,44
"Compare_File_3702",2,83,41.50,41.50,29,54
"Compare_File_1234",2,83,41.50,41.50,30,53
"Compare_File_2729",2,83,41.50,41.50,18,65
"Compare_File_2763",2,83,41.50,41.50,33,50
"Compare_File_2219",2,83,41.50,41.50,25,58
"Compare_File_1734",2,83,41.50,41.50,9,74
"Compare_File_948",2,83,41.50,41.50,41,42
"Compare_File_3617",2,83,41.50,41.50,28,55
"Compare_File_1968",2,83,41.50,41.50,13,70
"Compare_File_1487",2,83,41.50,41.50,40,43
"Compare_File_3362",2,83,41.50,41.50,12,71
"Compare_File_2734",2,83,41.50,41.50,17,66
"Compare_File_1678",2,82,41.00,41.00,15,67
"Compare_File_3182",2,82,41.00,41.00,22,60
"Compare_File_2068",2,82,41.00,41.00,41,41
"Compare_File_340",2,82,41.00,41.00,15,67
"Compare_File_1644",2,82,41.00,41.00,38,44
"Compare_File_2108",2,82,41.00,41.00,29,53
"Compare_File_2915",2,82,41.00,41.00,35,47
"Compare_File_1803",2,82,41.00,41.00,17,65
"Compare_File_3340",2,82,41.00,41.00,26,56
"Compare_File_571",2,82,41.00,41.00,24,58
"Compare_File_2451",2,82,41.00,41.00,30,52
"Compare_File_3703",2,82,41.00,41.00,31,51
"Compare_File_121",2,82,41.00,41.00,23,59
"Compare_File_3325",2,82,41.00,41.00,21,61
"Compare_File_892",2,82,41.00,41.00,19,63
"Compare_File_2067",2,81,40.50,40.50,40,41
"Compare_File_1506",2,81,40.50,40.50,37,44
"Compare_File_3657",2,81,40.50,40.50,12,69
"Compare_File_3118",2,81,40.50,40.50,21,60
"Compare_File_3175",2,81,40.50,40.50,26,55
"Compare_File_719",2,81,40.50,40.50,19,62
"Compare_File_800",2,81,40.50,40.50,10,71
"Compare_File_3976",2,81,40.50,40.50,24,57
"Compare_File_728",2,81,40.50,40.50,37,44
"Compare_File_3206",2,81,40.50,40.50,34,47
"Compare_File_537",2,81,40.50,40.50,21,60
"Compare_File_3595",2,81,40.50,40.50,24,57
"Compare_File_2444",2,81,40.50,40.50,36,45
"Compare_File_3508",2,81,40.50,40.50,31,50
"Compare_File_3227",2,81,40.50,40.50,11,70
"Compare_File_746",2,80,40.00,40.00,23,57
"Compare_File_1596",2,80,40.00,40.00,14,66
"Compare_File_192",2,80,40.00,40.00,21,59
"Compare_File_3492",2,80,40.00,40.00,32,48
"Compare_File_3149",2,80,40.00,40.00,19,61
"Compare_File_2826",2,80,40.00,40.00,25,55
"Compare_File_1707",2,80,40.00,40.00,20,60
"Compare_File_599",2,80,40.00,40.00,30,50
"Compare_File_2429",2,80,40.00,40.00,13,67
"Compare_File_2958",2,80,40.00,40.00,31,49
"Compare_File_2650",2,80,40.00,40.00,21,59
"Compare_File_1150",2,80,40.00,40.00,39,41
"Compare_File_1024",2,80,40.00,40.00,30,50
"Compare_File_2852",2,79,39.50,39.50,27,52
"Compare_File_3650",2,79,39.50,39.50,29,50
"Compare_File_3576",2,79,39.50,39.50,32,47
"Compare_File_2114",2,79,39.50,39.50,21,58
"Compare_File_1418",2,79,39.50,39.50,12,67
"Compare_File_1124",2,79,39.50,39.50,28,51
"Compare_File_950",2,79,39.50,39.50,24,55
"Compare_File_3489",2,79,39.50,39.50,37,42
"Compare_File_189",2,79,39.50,39.50,22,57
"Compare_File_2838",2,79,39.50,39.50,29,50
"Compare_File_2545",2,79,39.50,39.50,26,53
"Compare_File_1680",2,79,39.50,39.50,20,59
"Compare_File_3839",2,79,39.50,39.50,37,42
"Compare_File_1363",2,78,39.00,39.00,35,43
"Compare_File_1884",2,78,39.00,39.00,10,68
"Compare_File_529",2,78,39.00,39.00,20,58
"Compare_File_1520",2,78,39.00,39.00,18,60
"Compare_File_2029",2,78,39.00,39.00,9,69
"Compare_File_797",2,78,39.00,39.00,14,64
"Compare_File_97",2,78,39.00,39.00,10,68
"Compare_File_3040",2,78,39.00,39.00,33,45
"Compare_File_2970",2,78,39.00,39.00,24,54
"Compare_File_1646",2,78,39.00,39.00,18,60
"Compare_File_1193",2,78,39.00,39.00,10,68
"Compare_File_338",2,78,39.00,39.00,12,66
"Compare_File_1594",2,78,39.00,39.00,15,63
"Compare_File_3203",2,78,39.00,39.00,26,52
"Compare_File_3429",2,78,39.00,39.00,14,64
"Compare_File_3707",2,78,39.00,39.00,38,40
"Compare_File_2549",2,77,38.50,38.50,13,64
"Compare_File_2187",2,77,38.50,38.50,32,45
"Compare_File_813",2,77,38.50,38.50,22,55
"Compare_File_3461",2,77,38.50,38.50,38,39
"Compare_File_3285",2,77,38.50,38.50,25,52
"Compare_File_3747",2,77,38.50,38.50,22,55
"Compare_File_2369",2,77,38.50,38.50,26,51
"Compare_File_94",2,77,38.50,38.50,21,56
"Compare_File_516",2,77,38.50,38.50,20,57
"Compare_File_2956",2,77,38.50,38.50,30,47
"Compare_File_1888",2,77,38.50,38.50,25,52
"Compare_File_198",2,77,38.50,38.50,13,64
"Compare_File_605",2,77,38.50,38.50,31,46
"Compare_File_1156",2,77,38.50,38.50,27,50
"Compare_File_2208",2,77,38.50,38.50,13,64
"Compare_File_3939",2,77,38.50,38.50,31,46
"Compare_File_1161",2,77,38.50,38.50,20,57
"Compare_File_2552",2,77,38.50,38.50,22,55
"Compare_File_3727",2,77,38.50,38.50,27,50
"Compare_File_1679",2,77,38.50,38.50,18,59
"Compare_File_2215",2,77,38.50,38.50,9,68
"Compare_File_3995",2,76,38.00,38.00,29,47
"Compare_File_3147",2,76,38.00,38.00,17,59
"Compare_File_2503",2,76,38.00,38.00,16,60
"Compare_File_2132",2,76,38.00,38.00,20,56
"Compare_File_3638",2,76,38.00,38.00,23,53
"Compare_File_3426",2,76,38.00,38.00,17,59
"Compare_File_1583",2,76,38.00,38.00,24,52
"Compare_File_1135",2,76,38.00,38.00,29,47
"Compare_File_3554",2,76,38.00,38.00,11,65
"Compare_File_3898",2,76,38.00,38.00,22,54
"Compare_File_1416",2,76,38.00,38.00,15,61
"Compare_File_3732",2,76,38.00,38.00,33,43
"Compare_File_1073",2,76,38.00,38.00,27,49
"Compare_File_2880",2,76,38.00,38.00,25,51
"Compare_File_3791",2,76,38.00,38.00,13,63
"Compare_File_3330",2,76,38.00,38.00,25,51
"Compare_File_1798",2,76,38.00,38.00,25,51
"Compare_File_1181",2,76,38.00,38.00,35,41
"Compare_File_1204",2,76,38.00,38.00,12,64
"Compare_File_3583",2,76,38.00,38.00,38,38
"Compare_File_3943",2,76,38.00,38.00,33,43
"Compare_File_1697",2,76,38.00,38.00,36,40
"Compare_File_1642",2,76,38.00,38.00,37,39
"Compare_File_3978",2,76,38.00,38.00,27,49
"Compare_File_96",2,76,38.00,38.00,37,39
"Compare_File_1728",2,76,38.00,38.00,14,62
"Compare_File_894",2,75,37.50,37.50,23,52
"Compare_File_2382",2,75,37.50,37.50,35,40
"Compare_File_1656",2,75,37.50,37.50,31,44
"Compare_File_29",2,75,37.50,37.50,29,46
"Compare_File_1927",2,75,37.50,37.50,23,52
"Compare_File_1735",2,75,37.50,37.50,10,65
"Compare_File_1381",2,75,37.50,37.50,34,41
"Compare_File_1738",2,75,37.50,37.50,34,41
"Compare_File_2641",2,75,37.50,37.50,37,38
"Compare_File_2888",2,75,37.50,37.50,32,43
"Compare_File_1097",2,75,37.50,37.50,31,44
"Compare_File_1233",2,75,37.50,37.50,20,55
"Compare_File_3318",2,75,37.50,37.50,17,58
"Compare_File_551",2,75,37.50,37.50,25,50
"Compare_File_658",2,75,37.50,37.50,11,64
"Compare_File_701",2,74,37.00,37.00,36,38
"Compare_File_1834",2,74,37.00,37.00,22,52
"Compare_File_1386",2,74,37.00,37.00,16,58
"Compare_File_1206",2,74,37.00,37.00,24,50
"Compare_File_1620",2,74,37.00,37.00,12,62
"Compare_File_2539",2,74,37.00,37.00,22,52
"Compare_File_3178",2,74,37.00,37.00,23,51
"Compare_File_557",2,74,37.00,37.00,12,62
"Compare_File_2805",2,74,37.00,37.00,25,49
"Compare_File_881",2,74,37.00,37.00,25,49
"Compare_File_1958",2,74,37.00,37.00,32,42
"Compare_File_1767",2,74,37.00,37.00,33,41
"Compare_File_2934",2,74,37.00,37.00,36,38
"Compare_File_1504",2,74,37.00,37.00,30,44
"Compare_File_92",2,74,37.00,37.00,13,61
"Compare_File_3865",2,74,37.00,37.00,19,55
"Compare_File_1607",2,74,37.00,37.00,21,53
"Compare_File_1117",2,74,37.00,37.00,13,61
"Compare_File_2908",2,74,37.00,37.00,32,42
"Compare_File_2564",2,74,37.00,37.00,23,51
"Compare_File_2858",2,73,36.50,36.50,21,52
"Compare_File_1480",2,73,36.50,36.50,18,55
"Compare_File_2987",2,73,36.50,36.50,17,56
"Compare_File_3836",2,73,36.50,36.50,23,50
"Compare_File_3909",2,73,36.50,36.50,21,52
"Compare_File_3619",2,73,36.50,36.50,30,43
"Compare_File_3758",2,73,36.50,36.50,26,47
"Compare_File_2709",2,73,36.50,36.50,33,40
"Compare_File_2094",2,73,36.50,36.50,21,52
"Compare_File_2848",2,73,36.50,36.50,22,51
"Compare_File_2493",2,73,36.50,36.50,36,37
"Compare_File_3834",2,73,36.50,36.50,19,54
"Compare_File_1928",2,73,36.50,36.50,24,49
"Compare_File_1285",2,73,36.50,36.50,11,62
"Compare_File_3052",2,73,36.50,36.50,27,46
"Compare_File_1894",2,73,36.50,36.50,22,51
"Compare_File_3099",2,73,36.50,36.50,22,51
"Compare_File_1828",2,73,36.50,36.50,19,54
"Compare_File_3211",2,73,36.50,36.50,30,43
"Compare_File_1071",2,73,36.50,36.50,24,49
"Compare_File_2178",2,73,36.50,36.50,34,39
"Compare_File_1932",2,72,36.00,36.00,18,54
"Compare_File_1542",2,72,36.00,36.00,32,40
"Compare_File_3616",2,72,36.00,36.00,10,62
"Compare_File_2831",2,72,36.00,36.00,22,50
"Compare_File_3363",2,72,36.00,36.00,10,62
"Compare_File_2989",2,72,36.00,36.00,22,50
"Compare_File_2715",2,72,36.00,36.00,25,47
"Compare_File_3179",2,72,36.00,36.00,27,45
"Compare_File_1081",2,72,36.00,36.00,34,38
"Compare_File_492",2,72,36.00,36.00,22,50
"Compare_File_1635",2,72,36.00,36.00,10,62
"Compare_File_3076",2,72,36.00,36.00,23,49
"Compare_File_3509",2,71,35.50,35.50,33,38
"Compare_File_1525",2,71,35.50,35.50,34,37
"Compare_File_1272",2,71,35.50,35.50,31,40
"Compare_File_90",2,71,35.50,35.50,32,39
"Compare_File_3553",2,71,35.50,35.50,12,59
"Compare_File_1791",2,71,35.50,35.50,31,40
"Compare_File_2379",2,71,35.50,35.50,32,39
"Compare_File_1045",2,71,35.50,35.50,31,40
"Compare_File_3610",2,71,35.50,35.50,24,47
"Compare_File_1069",2,71,35.50,35.50,31,40
"Compare_File_3580",2,71,35.50,35.50,29,42
"Compare_File_2837",2,71,35.50,35.50,27,44
"Compare_File_1002",2,71,35.50,35.50,21,50
"Compare_File_2783",2,71,35.50,35.50,20,51
"Compare_File_3948",2,71,35.50,35.50,13,58
"Compare_File_738",2,71,35.50,35.50,20,51
"Compare_File_1499",2,71,35.50,35.50,21,50
"Compare_File_3366",2,71,35.50,35.50,17,54
"Compare_File_909",2,71,35.50,35.50,27,44
"Compare_File_329",2,71,35.50,35.50,11,60
"Compare_File_3018",2,71,35.50,35.50,23,48
"Compare_File_1737",2,71,35.50,35.50,27,44
"Compare_File_2575",2,70,35.00,35.00,27,43
"Compare_File_99",2,70,35.00,35.00,22,48
"Compare_File_2046",2,70,35.00,35.00,16,54
"Compare_File_2439",2,70,35.00,35.00,26,44
"Compare_File_534",2,70,35.00,35.00,20,50
"Compare_File_1044",2,70,35.00,35.00,32,38
"Compare_File_3054",2,70,35.00,35.00,23,47
"Compare_File_1977",2,70,35.00,35.00,15,55
"Compare_File_2845",2,70,35.00,35.00,16,54
"Compare_File_3938",2,70,35.00,35.00,24,46
"Compare_File_3435",2,70,35.00,35.00,26,44
"Compare_File_3990",2,70,35.00,35.00,31,39
"Compare_File_2130",2,70,35.00,35.00,19,51
"Compare_File_2951",2,70,35.00,35.00,21,49
"Compare_File_2118",2,70,35.00,35.00,14,56
"Compare_File_3997",2,70,35.00,35.00,26,44
"Compare_File_1518",2,69,34.50,34.50,23,46
"Compare_File_1385",2,69,34.50,34.50,10,59
"Compare_File_3428",2,69,34.50,34.50,12,57
"Compare_File_1423",2,69,34.50,34.50,19,50
"Compare_File_626",2,69,34.50,34.50,32,37
"Compare_File_3674",2,69,34.50,34.50,31,38
"Compare_File_1682",2,69,34.50,34.50,33,36
"Compare_File_2967",2,69,34.50,34.50,32,37
"Compare_File_2119",2,69,34.50,34.50,17,52
"Compare_File_2673",2,69,34.50,34.50,23,46
"Compare_File_2739",2,69,34.50,34.50,23,46
"Compare_File_1293",2,69,34.50,34.50,16,53
"Compare_File_3513",2,69,34.50,34.50,21,48
"Compare_File_1465",2,69,34.50,34.50,34,35
"Compare_File_3715",2,69,34.50,34.50,27,42
"Compare_File_1054",2,69,34.50,34.50,13,56
"Compare_File_3540",2,68,34.00,34.00,31,37
"Compare_File_3746",2,68,34.00,34.00,30,38
"Compare_File_2226",2,68,34.00,34.00,19,49
"Compare_File_739",2,68,34.00,34.00,24,44
"Compare_File_770",2,68,34.00,34.00,23,45
"Compare_File_772",2,68,34.00,34.00,30,38
"Compare_File_3385",2,68,34.00,34.00,28,40
"Compare_File_2699",2,68,34.00,34.00,21,47
"Compare_File_712",2,68,34.00,34.00,26,42
"Compare_File_2653",2,68,34.00,34.00,25,43
"Compare_File_2383",2,68,34.00,34.00,22,46
"Compare_File_3837",2,68,34.00,34.00,21,47
"Compare_File_1929",2,68,34.00,34.00,20,48
"Compare_File_808",2,68,34.00,34.00,21,47
"Compare_File_2323",2,67,33.50,33.50,25,42
"Compare_File_2881",2,67,33.50,33.50,10,57
"Compare_File_2082",2,67,33.50,33.50,19,48
"Compare_File_506",2,67,33.50,33.50,15,52
"Compare_File_3991",2,67,33.50,33.50,33,34
"Compare_File_762",2,67,33.50,33.50,33,34
"Compare_File_1653",2,67,33.50,33.50,19,48
"Compare_File_1288",2,67,33.50,33.50,26,41
"Compare_File_1650",2,67,33.50,33.50,20,47
"Compare_File_317",2,67,33.50,33.50,29,38
"Compare_File_27",2,67,33.50,33.50,31,36
"Compare_File_750",2,67,33.50,33.50,30,37
"Compare_File_2121",2,67,33.50,33.50,13,54
"Compare_File_1654",2,67,33.50,33.50,20,47
"Compare_File_3998",2,67,33.50,33.50,32,35
"Compare_File_2851",2,67,33.50,33.50,33,34
"Compare_File_3104",2,67,33.50,33.50,29,38
"Compare_File_2125",2,66,33.00,33.00,33,33
"Compare_File_2158",2,66,33.00,33.00,9,57
"Compare_File_1403",2,66,33.00,33.00,18,48
"Compare_File_3181",2,66,33.00,33.00,21,45
"Compare_File_1289",2,66,33.00,33.00,25,41
"Compare_File_622",2,66,33.00,33.00,26,40
"Compare_File_1744",2,66,33.00,33.00,33,33
"Compare_File_1859",2,66,33.00,33.00,27,39
"Compare_File_1402",2,66,33.00,33.00,19,47
"Compare_File_1523",2,66,33.00,33.00,14,52
"Compare_File_2242",2,66,33.00,33.00,29,37
"Compare_File_1503",2,66,33.00,33.00,20,46
"Compare_File_3785",2,66,33.00,33.00,26,40
"Compare_File_2755",2,66,33.00,33.00,19,47
"Compare_File_344",2,66,33.00,33.00,11,55
"Compare_File_2075",2,66,33.00,33.00,31,35
"Compare_File_2886",2,65,32.50,32.50,28,37
"Compare_File_2098",2,65,32.50,32.50,22,43
"Compare_File_3815",2,65,32.50,32.50,13,52
"Compare_File_2796",2,65,32.50,32.50,14,51
"Compare_File_2506",2,65,32.50,32.50,24,41
"Compare_File_2348",2,65,32.50,32.50,13,52
"Compare_File_3705",2,65,32.50,32.50,20,45
"Compare_File_1417",2,65,32.50,32.50,13,52
"Compare_File_2136",2,65,32.50,32.50,16,49
"Compare_File_2322",2,65,32.50,32.50,22,43
"Compare_File_3183",2,65,32.50,32.50,19,46
"Compare_File_1775",2,65,32.50,32.50,24,41
"Compare_File_1096",2,65,32.50,32.50,27,38
"Compare_File_2571",2,65,32.50,32.50,16,49
"Compare_File_1580",2,65,32.50,32.50,19,46
"Compare_File_3159",2,65,32.50,32.50,24,41
"Compare_File_3605",2,65,32.50,32.50,17,48
"Compare_File_1326",2,65,32.50,32.50,9,56
"Compare_File_592",2,64,32.00,32.00,28,36
"Compare_File_1108",2,64,32.00,32.00,29,35
"Compare_File_93",2,64,32.00,32.00,15,49
"Compare_File_1880",2,64,32.00,32.00,17,47
"Compare_File_1459",2,64,32.00,32.00,32,32
"Compare_File_2199",2,64,32.00,32.00,26,38
"Compare_File_934",2,64,32.00,32.00,21,43
"Compare_File_1524",2,64,32.00,32.00,27,37
"Compare_File_3517",2,64,32.00,32.00,11,53
"Compare_File_1827",2,64,32.00,32.00,26,38
"Compare_File_1540",2,64,32.00,32.00,20,44
"Compare_File_2536",2,64,32.00,32.00,27,37
"Compare_File_2167",2,64,32.00,32.00,18,46
"Compare_File_2341",2,64,32.00,32.00,24,40
"Compare_File_1470",2,64,32.00,32.00,25,39
"Compare_File_3772",2,64,32.00,32.00,25,39
"Compare_File_2097",2,64,32.00,32.00,20,44
"Compare_File_2456",2,64,32.00,32.00,32,32
"Compare_File_2829",2,64,32.00,32.00,26,38
"Compare_File_2559",2,63,31.50,31.50,9,54
"Compare_File_3062",2,63,31.50,31.50,18,45
"Compare_File_2834",2,63,31.50,31.50,12,51
"Compare_File_1220",2,63,31.50,31.50,22,41
"Compare_File_2947",2,63,31.50,31.50,25,38
"Compare_File_2191",2,63,31.50,31.50,17,46
"Compare_File_3799",2,63,31.50,31.50,21,42
"Compare_File_674",2,63,31.50,31.50,12,51
"Compare_File_2109",2,63,31.50,31.50,23,40
"Compare_File_1784",2,63,31.50,31.50,12,51
"Compare_File_1055",2,63,31.50,31.50,13,50
"Compare_File_1881",2,63,31.50,31.50,21,42
"Compare_File_2365",2,63,31.50,31.50,30,33
"Compare_File_759",2,63,31.50,31.50,14,49
"Compare_File_1531",2,63,31.50,31.50,22,41
"Compare_File_1844",2,63,31.50,31.50,19,44
"Compare_File_3464",2,63,31.50,31.50,23,40
"Compare_File_1453",2,63,31.50,31.50,12,51
"Compare_File_3092",2,63,31.50,31.50,30,33
"Compare_File_1059",2,62,31.00,31.00,13,49
"Compare_File_3602",2,62,31.00,31.00,9,53
"Compare_File_2923",2,62,31.00,31.00,25,37
"Compare_File_3450",2,62,31.00,31.00,12,50
"Compare_File_2172",2,62,31.00,31.00,25,37
"Compare_File_3787",2,62,31.00,31.00,13,49
"Compare_File_2001",2,62,31.00,31.00,21,41
"Compare_File_1914",2,62,31.00,31.00,14,48
"Compare_File_1027",2,62,31.00,31.00,19,43
"Compare_File_174",2,62,31.00,31.00,10,52
"Compare_File_3144",2,62,31.00,31.00,22,40
"Compare_File_2978",2,62,31.00,31.00,22,40
"Compare_File_1718",2,62,31.00,31.00,21,41
"Compare_File_33",2,62,31.00,31.00,9,53
"Compare_File_1567",2,62,31.00,31.00,24,38
"Compare_File_2847",2,62,31.00,31.00,24,38
"Compare_File_635",2,62,31.00,31.00,24,38
"Compare_File_1988",2,62,31.00,31.00,30,32
"Compare_File_3672",2,62,31.00,31.00,21,41
"Compare_File_2026",2,62,31.00,31.00,22,40
"Compare_File_727",2,61,30.50,30.50,21,40
"Compare_File_1192",2,61,30.50,30.50,15,46
"Compare_File_3387",2,61,30.50,30.50,30,31
"Compare_File_2357",2,61,30.50,30.50,20,41
"Compare_File_2244",2,61,30.50,30.50,25,36
"Compare_File_3713",2,61,30.50,30.50,22,39
"Compare_File_663",2,61,30.50,30.50,24,37
"Compare_File_2460",2,61,30.50,30.50,11,50
"Compare_File_614",2,61,30.50,30.50,27,34
"Compare_File_1695",2,61,30.50,30.50,21,40
"Compare_File_652",2,61,30.50,30.50,29,32
"Compare_File_34",2,61,30.50,30.50,26,35
"Compare_File_3896",2,61,30.50,30.50,11,50
"Compare_File_3971",2,61,30.50,30.50,30,31
"Compare_File_3102",2,61,30.50,30.50,20,41
"Compare_File_3603",2,60,30.00,30.00,26,34
"Compare_File_1597",2,60,30.00,30.00,13,47
"Compare_File_679",2,60,30.00,30.00,24,36
"Compare_File_3607",2,60,30.00,30.00,29,31
"Compare_File_3726",2,60,30.00,30.00,29,31
"Compare_File_42",2,60,30.00,30.00,21,39
"Compare_File_2144",2,60,30.00,30.00,27,33
"Compare_File_238",2,60,30.00,30.00,19,41
"Compare_File_3844",2,60,30.00,30.00,26,34
"Compare_File_3210",2,60,30.00,30.00,17,43
"Compare_File_2392",2,60,30.00,30.00,26,34
"Compare_File_1886",2,60,30.00,30.00,21,39
"Compare_File_3874",2,60,30.00,30.00,28,32
"Compare_File_3383",2,60,30.00,30.00,13,47
"Compare_File_3292",2,60,30.00,30.00,27,33
"Compare_File_2142",2,60,30.00,30.00,21,39
"Compare_File_949",2,60,30.00,30.00,21,39
"Compare_File_2909",2,59,29.50,29.50,27,32
"Compare_File_3731",2,59,29.50,29.50,11,48
"Compare_File_3337",2,59,29.50,29.50,16,43
"Compare_File_330",2,59,29.50,29.50,11,48
"Compare_File_1930",2,59,29.50,29.50,20,39
"Compare_File_1270",2,59,29.50,29.50,17,42
"Compare_File_2326",2,59,29.50,29.50,27,32
"Compare_File_2561",2,59,29.50,29.50,19,40
"Compare_File_1699",2,59,29.50,29.50,25,34
"Compare_File_3660",2,59,29.50,29.50,17,42
"Compare_File_3382",2,59,29.50,29.50,13,46
"Compare_File_611",2,59,29.50,29.50,11,48
"Compare_File_3298",2,59,29.50,29.50,23,36
"Compare_File_2380",2,59,29.50,29.50,29,30
"Compare_File_518",2,59,29.50,29.50,26,33
"Compare_File_3438",2,59,29.50,29.50,29,30
"Compare_File_501",2,59,29.50,29.50,13,46
"Compare_File_176",2,59,29.50,29.50,23,36
"Compare_File_1008",2,59,29.50,29.50,11,48
"Compare_File_2243",2,59,29.50,29.50,27,32
"Compare_File_1232",2,59,29.50,29.50,20,39
"Compare_File_2683",2,59,29.50,29.50,27,32
"Compare_File_1080",2,59,29.50,29.50,27,32
"Compare_File_1213",2,59,29.50,29.50,14,45
"Compare_File_2189",2,59,29.50,29.50,19,40
"Compare_File_3361",2,59,29.50,29.50,14,45
"Compare_File_2233",2,59,29.50,29.50,26,33
"Compare_File_1244",2,58,29.00,29.00,24,34
"Compare_File_2801",2,58,29.00,29.00,28,30
"Compare_File_1621",2,58,29.00,29.00,16,42
"Compare_File_2737",2,58,29.00,29.00,24,34
"Compare_File_1136",2,58,29.00,29.00,27,31
"Compare_File_955",2,58,29.00,29.00,20,38
"Compare_File_1222",2,58,29.00,29.00,12,46
"Compare_File_2363",2,58,29.00,29.00,12,46
"Compare_File_2394",2,58,29.00,29.00,29,29
"Compare_File_185",2,58,29.00,29.00,25,33
"Compare_File_1122",2,58,29.00,29.00,15,43
"Compare_File_1899",2,58,29.00,29.00,11,47
"Compare_File_3678",2,58,29.00,29.00,27,31
"Compare_File_502",2,58,29.00,29.00,25,33
"Compare_File_2943",2,58,29.00,29.00,26,32
"Compare_File_277",2,58,29.00,29.00,24,34
"Compare_File_1851",2,58,29.00,29.00,29,29
"Compare_File_786",2,58,29.00,29.00,11,47
"Compare_File_2977",2,58,29.00,29.00,27,31
"Compare_File_2329",2,58,29.00,29.00,15,43
"Compare_File_3121",2,57,28.50,28.50,19,38
"Compare_File_1857",2,57,28.50,28.50,22,35
"Compare_File_2697",2,57,28.50,28.50,18,39
"Compare_File_3297",2,57,28.50,28.50,27,30
"Compare_File_2166",2,57,28.50,28.50,20,37
"Compare_File_1693",2,57,28.50,28.50,22,35
"Compare_File_3053",2,57,28.50,28.50,25,32
"Compare_File_610",2,57,28.50,28.50,27,30
"Compare_File_2385",2,57,28.50,28.50,21,36
"Compare_File_3345",2,57,28.50,28.50,21,36
"Compare_File_3221",2,57,28.50,28.50,26,31
"Compare_File_3324",2,57,28.50,28.50,28,29
"Compare_File_3356",2,57,28.50,28.50,14,43
"Compare_File_544",2,57,28.50,28.50,21,36
"Compare_File_2703",2,57,28.50,28.50,15,42
"Compare_File_333",2,57,28.50,28.50,17,40
"Compare_File_3808",2,57,28.50,28.50,17,40
"Compare_File_3604",2,57,28.50,28.50,21,36
"Compare_File_2689",2,57,28.50,28.50,16,41
"Compare_File_3160",2,57,28.50,28.50,17,40
"Compare_File_826",2,57,28.50,28.50,23,34
"Compare_File_718",2,56,28.00,28.00,19,37
"Compare_File_3286",2,56,28.00,28.00,24,32
"Compare_File_1754",2,56,28.00,28.00,25,31
"Compare_File_732",2,56,28.00,28.00,22,34
"Compare_File_3008",2,56,28.00,28.00,12,44
"Compare_File_1558",2,56,28.00,28.00,24,32
"Compare_File_1600",2,56,28.00,28.00,14,42
"Compare_File_3096",2,56,28.00,28.00,19,37
"Compare_File_2085",2,56,28.00,28.00,25,31
"Compare_File_807",2,56,28.00,28.00,21,35
"Compare_File_2782",2,56,28.00,28.00,16,40
"Compare_File_827",2,56,28.00,28.00,23,33
"Compare_File_38",2,56,28.00,28.00,10,46
"Compare_File_1078",2,56,28.00,28.00,21,35
"Compare_File_809",2,56,28.00,28.00,20,36
"Compare_File_668",2,56,28.00,28.00,12,44
"Compare_File_2606",2,56,28.00,28.00,21,35
"Compare_File_1026",2,56,28.00,28.00,19,37
"Compare_File_2347",2,56,28.00,28.00,20,36
"Compare_File_3009",2,56,28.00,28.00,13,43
"Compare_File_3331",2,56,28.00,28.00,12,44
"Compare_File_1897",2,56,28.00,28.00,25,31
"Compare_File_1282",2,56,28.00,28.00,21,35
"Compare_File_2585",2,56,28.00,28.00,10,46
"Compare_File_2221",2,55,27.50,27.50,11,44
"Compare_File_1967",2,55,27.50,27.50,12,43
"Compare_File_2011",2,55,27.50,27.50,20,35
"Compare_File_26",2,55,27.50,27.50,17,38
"Compare_File_2531",2,55,27.50,27.50,12,43
"Compare_File_2393",2,55,27.50,27.50,27,28
"Compare_File_2721",2,55,27.50,27.50,19,36
"Compare_File_1482",2,55,27.50,27.50,20,35
"Compare_File_2525",2,55,27.50,27.50,21,34
"Compare_File_767",2,55,27.50,27.50,25,30
"Compare_File_3458",2,55,27.50,27.50,25,30
"Compare_File_1227",2,55,27.50,27.50,14,41
"Compare_File_1268",2,55,27.50,27.50,9,46
"Compare_File_794",2,55,27.50,27.50,19,36
"Compare_File_521",2,55,27.50,27.50,11,44
"Compare_File_1473",2,55,27.50,27.50,16,39
"Compare_File_3677",2,55,27.50,27.50,27,28
"Compare_File_2952",2,54,27.00,27.00,24,30
"Compare_File_32",2,54,27.00,27.00,17,37
"Compare_File_979",2,54,27.00,27.00,26,28
"Compare_File_1550",2,54,27.00,27.00,11,43
"Compare_File_3807",2,54,27.00,27.00,23,31
"Compare_File_1939",2,54,27.00,27.00,20,34
"Compare_File_542",2,54,27.00,27.00,22,32
"Compare_File_324",2,54,27.00,27.00,23,31
"Compare_File_3377",2,54,27.00,27.00,17,37
"Compare_File_3779",2,54,27.00,27.00,18,36
"Compare_File_1971",2,54,27.00,27.00,18,36
"Compare_File_2030",2,54,27.00,27.00,22,32
"Compare_File_3796",2,54,27.00,27.00,11,43
"Compare_File_2420",2,54,27.00,27.00,10,44
"Compare_File_3222",2,54,27.00,27.00,23,31
"Compare_File_88",2,54,27.00,27.00,11,43
"Compare_File_3823",2,54,27.00,27.00,21,33
"Compare_File_919",2,54,27.00,27.00,14,40
"Compare_File_3171",2,54,27.00,27.00,13,41
"Compare_File_1773",2,54,27.00,27.00,23,31
"Compare_File_2204",2,54,27.00,27.00,14,40
"Compare_File_597",2,54,27.00,27.00,21,33
"Compare_File_3350",2,53,26.50,26.50,18,35
"Compare_File_2003",2,53,26.50,26.50,10,43
"Compare_File_3564",2,53,26.50,26.50,14,39
"Compare_File_2532",2,53,26.50,26.50,13,40
"Compare_File_987",2,53,26.50,26.50,26,27
"Compare_File_2381",2,53,26.50,26.50,22,31
"Compare_File_1587",2,53,26.50,26.50,11,42
"Compare_File_861",2,53,26.50,26.50,25,28
"Compare_File_752",2,53,26.50,26.50,11,42
"Compare_File_2349",2,53,26.50,26.50,16,37
"Compare_File_744",2,53,26.50,26.50,13,40
"Compare_File_1120",2,52,26.00,26.00,15,37
"Compare_File_2434",2,52,26.00,26.00,26,26
"Compare_File_1048",2,52,26.00,26.00,20,32
"Compare_File_1813",2,52,26.00,26.00,17,35
"Compare_File_520",2,52,26.00,26.00,10,42
"Compare_File_1015",2,52,26.00,26.00,12,40
"Compare_File_3007",2,52,26.00,26.00,11,41
"Compare_File_1036",2,52,26.00,26.00,22,30
"Compare_File_3725",2,52,26.00,26.00,25,27
"Compare_File_758",2,52,26.00,26.00,14,38
"Compare_File_1761",2,52,26.00,26.00,7,45
"Compare_File_1228",2,52,26.00,26.00,13,39
"Compare_File_3916",2,52,26.00,26.00,18,34
"Compare_File_790",2,52,26.00,26.00,11,41
"Compare_File_3716",2,52,26.00,26.00,19,33
"Compare_File_546",2,52,26.00,26.00,21,31
"Compare_File_2022",2,52,26.00,26.00,21,31
"Compare_File_2437",2,52,26.00,26.00,24,28
"Compare_File_634",2,52,26.00,26.00,17,35
"Compare_File_2955",2,52,26.00,26.00,23,29
"Compare_File_2220",2,52,26.00,26.00,10,42
"Compare_File_40",2,52,26.00,26.00,24,28
"Compare_File_1229",2,52,26.00,26.00,20,32
"Compare_File_2560",2,52,26.00,26.00,26,26
"Compare_File_3283",2,52,26.00,26.00,23,29
"Compare_File_3220",2,52,26.00,26.00,21,31
"Compare_File_1556",2,52,26.00,26.00,19,33
"Compare_File_334",2,52,26.00,26.00,8,44
"Compare_File_2053",2,52,26.00,26.00,23,29
"Compare_File_1082",2,52,26.00,26.00,21,31
"Compare_File_978",2,52,26.00,26.00,17,35
"Compare_File_1467",2,51,25.50,25.50,22,29
"Compare_File_2324",2,51,25.50,25.50,20,31
"Compare_File_591",2,51,25.50,25.50,19,32
"Compare_File_1100",2,51,25.50,25.50,19,32
"Compare_File_3992",2,51,25.50,25.50,19,32
"Compare_File_1931",2,51,25.50,25.50,19,32
"Compare_File_1768",2,51,25.50,25.50,20,31
"Compare_File_3456",2,51,25.50,25.50,21,30
"Compare_File_1283",2,51,25.50,25.50,19,32
"Compare_File_3449",2,51,25.50,25.50,14,37
"Compare_File_1347",2,51,25.50,25.50,10,41
"Compare_File_2352",2,51,25.50,25.50,20,31
"Compare_File_801",2,51,25.50,25.50,15,36
"Compare_File_1598",2,51,25.50,25.50,11,40
"Compare_File_2239",2,51,25.50,25.50,13,38
"Compare_File_2919",2,51,25.50,25.50,12,39
"Compare_File_2736",2,51,25.50,25.50,25,26
"Compare_File_2529",2,51,25.50,25.50,18,33
"Compare_File_3454",2,51,25.50,25.50,15,36
"Compare_File_1631",2,51,25.50,25.50,11,40
"Compare_File_3403",2,51,25.50,25.50,10,41
"Compare_File_3223",2,51,25.50,25.50,14,37
"Compare_File_2207",2,51,25.50,25.50,8,43
"Compare_File_2433",2,51,25.50,25.50,9,42
"Compare_File_2602",2,51,25.50,25.50,25,26
"Compare_File_2402",2,51,25.50,25.50,23,28
"Compare_File_343",2,51,25.50,25.50,11,40
"Compare_File_2008",2,51,25.50,25.50,23,28
"Compare_File_2636",2,50,25.00,25.00,20,30
"Compare_File_1348",2,50,25.00,25.00,11,39
"Compare_File_2117",2,50,25.00,25.00,22,28
"Compare_File_2940",2,50,25.00,25.00,17,33
"Compare_File_669",2,50,25.00,25.00,12,38
"Compare_File_3204",2,50,25.00,25.00,21,29
"Compare_File_2882",2,50,25.00,25.00,12,38
"Compare_File_1990",2,50,25.00,25.00,20,30
"Compare_File_1806",2,50,25.00,25.00,22,28
"Compare_File_1388",2,50,25.00,25.00,24,26
"Compare_File_36",2,50,25.00,25.00,16,34
"Compare_File_2637",2,50,25.00,25.00,24,26
"Compare_File_1878",2,50,25.00,25.00,13,37
"Compare_File_1901",2,50,25.00,25.00,14,36
"Compare_File_558",2,50,25.00,25.00,19,31
"Compare_File_1492",2,50,25.00,25.00,15,35
"Compare_File_562",2,50,25.00,25.00,17,33
"Compare_File_2267",2,50,25.00,25.00,19,31
"Compare_File_3695",2,50,25.00,25.00,18,32
"Compare_File_2954",2,49,24.50,24.50,15,34
"Compare_File_517",2,49,24.50,24.50,14,35
"Compare_File_239",2,49,24.50,24.50,17,32
"Compare_File_563",2,49,24.50,24.50,19,30
"Compare_File_2562",2,49,24.50,24.50,22,27
"Compare_File_2720",2,49,24.50,24.50,9,40
"Compare_File_2304",2,49,24.50,24.50,24,25
"Compare_File_1266",2,49,24.50,24.50,9,40
"Compare_File_1152",2,49,24.50,24.50,22,27
"Compare_File_2601",2,49,24.50,24.50,23,26
"Compare_File_2038",2,49,24.50,24.50,16,33
"Compare_File_1641",2,49,24.50,24.50,11,38
"Compare_File_1552",2,49,24.50,24.50,20,29
"Compare_File_1483",2,49,24.50,24.50,14,35
"Compare_File_3446",2,49,24.50,24.50,16,33
"Compare_File_1639",2,49,24.50,24.50,17,32
"Compare_File_2138",2,49,24.50,24.50,17,32
"Compare_File_630",2,49,24.50,24.50,20,29
"Compare_File_1068",2,49,24.50,24.50,18,31
"Compare_File_1526",2,49,24.50,24.50,13,36
"Compare_File_2821",2,49,24.50,24.50,24,25
"Compare_File_660",2,49,24.50,24.50,13,36
"Compare_File_2530",2,48,24.00,24.00,14,34
"Compare_File_1466",2,48,24.00,24.00,20,28
"Compare_File_2213",2,48,24.00,24.00,12,36
"Compare_File_3767",2,48,24.00,24.00,13,35
"Compare_File_2544",2,48,24.00,24.00,18,30
"Compare_File_2360",2,48,24.00,24.00,19,29
"Compare_File_1584",2,48,24.00,24.00,16,32
"Compare_File_511",2,48,24.00,24.00,23,25
"Compare_File_1460",2,48,24.00,24.00,20,28
"Compare_File_2542",2,48,24.00,24.00,20,28
"Compare_File_1494",2,48,24.00,24.00,21,27
"Compare_File_1722",2,48,24.00,24.00,20,28
"Compare_File_2152",2,48,24.00,24.00,17,31
"Compare_File_2171",2,48,24.00,24.00,20,28
"Compare_File_2605",2,48,24.00,24.00,23,25
"Compare_File_173",2,48,24.00,24.00,11,37
"Compare_File_2268",2,48,24.00,24.00,22,26
"Compare_File_3942",2,48,24.00,24.00,19,29
"Compare_File_2028",2,48,24.00,24.00,18,30
"Compare_File_3653",2,48,24.00,24.00,24,24
"Compare_File_3668",2,48,24.00,24.00,18,30
"Compare_File_1861",2,48,24.00,24.00,19,29
"Compare_File_2390",2,47,23.50,23.50,23,24
"Compare_File_678",2,47,23.50,23.50,13,34
"Compare_File_3109",2,47,23.50,23.50,14,33
"Compare_File_649",2,47,23.50,23.50,22,25
"Compare_File_2105",2,47,23.50,23.50,22,25
"Compare_File_760",2,47,23.50,23.50,10,37
"Compare_File_620",2,47,23.50,23.50,18,29
"Compare_File_552",2,47,23.50,23.50,17,30
"Compare_File_465",2,47,23.50,23.50,10,37
"Compare_File_598",2,47,23.50,23.50,22,25
"Compare_File_1863",2,47,23.50,23.50,22,25
"Compare_File_2257",2,47,23.50,23.50,19,28
"Compare_File_1014",2,47,23.50,23.50,19,28
"Compare_File_1468",2,47,23.50,23.50,21,26
"Compare_File_1582",2,47,23.50,23.50,19,28
"Compare_File_3970",2,47,23.50,23.50,21,26
"Compare_File_637",2,47,23.50,23.50,21,26
"Compare_File_2007",2,47,23.50,23.50,23,24
"Compare_File_533",2,47,23.50,23.50,21,26
"Compare_File_1651",2,46,23.00,23.00,22,24
"Compare_File_804",2,46,23.00,23.00,11,35
"Compare_File_2141",2,46,23.00,23.00,14,32
"Compare_File_992",2,46,23.00,23.00,16,30
"Compare_File_1018",2,46,23.00,23.00,13,33
"Compare_File_2009",2,46,23.00,23.00,16,30
"Compare_File_2577",2,46,23.00,23.00,13,33
"Compare_File_1677",2,46,23.00,23.00,19,27
"Compare_File_664",2,46,23.00,23.00,16,30
"Compare_File_1957",2,46,23.00,23.00,18,28
"Compare_File_532",2,46,23.00,23.00,20,26
"Compare_File_3558",2,46,23.00,23.00,10,36
"Compare_File_3806",2,46,23.00,23.00,16,30
"Compare_File_3704",2,46,23.00,23.00,20,26
"Compare_File_2781",2,46,23.00,23.00,13,33
"Compare_File_1484",2,46,23.00,23.00,11,35
"Compare_File_1360",2,46,23.00,23.00,12,34
"Compare_File_3598",2,45,22.50,22.50,13,32
"Compare_File_2047",2,45,22.50,22.50,11,34
"Compare_File_87",2,45,22.50,22.50,15,30
"Compare_File_1493",2,45,22.50,22.50,17,28
"Compare_File_1743",2,45,22.50,22.50,13,32
"Compare_File_1102",2,45,22.50,22.50,21,24
"Compare_File_2757",2,45,22.50,22.50,21,24
"Compare_File_3561",2,45,22.50,22.50,19,26
"Compare_File_3915",2,45,22.50,22.50,22,23
"Compare_File_1058",2,45,22.50,22.50,13,32
"Compare_File_345",2,45,22.50,22.50,10,35
"Compare_File_3597",2,45,22.50,22.50,13,32
"Compare_File_1020",2,45,22.50,22.50,12,33
"Compare_File_1630",2,45,22.50,22.50,11,34
"Compare_File_1807",2,45,22.50,22.50,20,25
"Compare_File_2507",2,45,22.50,22.50,16,29
"Compare_File_2084",2,45,22.50,22.50,22,23
"Compare_File_673",2,45,22.50,22.50,11,34
"Compare_File_3845",2,45,22.50,22.50,22,23
"Compare_File_3010",2,45,22.50,22.50,11,34
"Compare_File_37",2,45,22.50,22.50,17,28
"Compare_File_1916",2,45,22.50,22.50,15,30
"Compare_File_2523",2,45,22.50,22.50,17,28
"Compare_File_2137",2,44,22.00,22.00,20,24
"Compare_File_624",2,44,22.00,22.00,18,26
"Compare_File_1210",2,44,22.00,22.00,13,31
"Compare_File_670",2,44,22.00,22.00,13,31
"Compare_File_3207",2,44,22.00,22.00,22,22
"Compare_File_3599",2,44,22.00,22.00,16,28
"Compare_File_1964",2,44,22.00,22.00,19,25
"Compare_File_1903",2,44,22.00,22.00,21,23
"Compare_File_737",2,44,22.00,22.00,20,24
"Compare_File_1043",2,44,22.00,22.00,12,32
"Compare_File_654",2,44,22.00,22.00,13,31
"Compare_File_547",2,44,22.00,22.00,13,31
"Compare_File_617",2,44,22.00,22.00,21,23
"Compare_File_3405",2,44,22.00,22.00,11,33
"Compare_File_656",2,44,22.00,22.00,13,31
"Compare_File_1625",2,44,22.00,22.00,15,29
"Compare_File_1896",2,44,22.00,22.00,17,27
"Compare_File_2754",2,44,22.00,22.00,20,24
"Compare_File_2884",2,44,22.00,22.00,9,35
"Compare_File_1194",2,44,22.00,22.00,10,34
"Compare_File_1588",2,44,22.00,22.00,17,27
"Compare_File_1586",2,44,22.00,22.00,20,24
"Compare_File_2672",2,44,22.00,22.00,13,31
"Compare_File_1933",2,44,22.00,22.00,16,28
"Compare_File_3776",2,44,22.00,22.00,12,32
"Compare_File_3849",2,44,22.00,22.00,20,24
"Compare_File_1553",2,44,22.00,22.00,18,26
"Compare_File_1006",2,44,22.00,22.00,11,33
"Compare_File_999",2,44,22.00,22.00,16,28
"Compare_File_2034",2,44,22.00,22.00,9,35
"Compare_File_1019",2,44,22.00,22.00,20,24
"Compare_File_2878",2,44,22.00,22.00,12,32
"Compare_File_939",2,44,22.00,22.00,16,28
"Compare_File_631",2,43,21.50,21.50,20,23
"Compare_File_553",2,43,21.50,21.50,16,27
"Compare_File_3846",2,43,21.50,21.50,20,23
"Compare_File_318",2,43,21.50,21.50,20,23
"Compare_File_1676",2,43,21.50,21.50,19,24
"Compare_File_3552",2,43,21.50,21.50,15,28
"Compare_File_3658",2,43,21.50,21.50,12,31
"Compare_File_1519",2,43,21.50,21.50,9,34
"Compare_File_2705",2,43,21.50,21.50,12,31
"Compare_File_615",2,43,21.50,21.50,9,34
"Compare_File_3789",2,43,21.50,21.50,12,31
"Compare_File_1223",2,43,21.50,21.50,21,22
"Compare_File_3413",2,43,21.50,21.50,14,29
"Compare_File_2237",2,43,21.50,21.50,13,30
"Compare_File_2364",2,43,21.50,21.50,21,22
"Compare_File_177",2,43,21.50,21.50,14,29
"Compare_File_1167",2,43,21.50,21.50,15,28
"Compare_File_2608",2,43,21.50,21.50,13,30
"Compare_File_1920",2,43,21.50,21.50,18,25
"Compare_File_2440",2,43,21.50,21.50,20,23
"Compare_File_1007",2,43,21.50,21.50,11,32
"Compare_File_1804",2,43,21.50,21.50,16,27
"Compare_File_560",2,43,21.50,21.50,20,23
"Compare_File_1638",2,43,21.50,21.50,15,28
"Compare_File_2342",2,43,21.50,21.50,20,23
"Compare_File_648",2,43,21.50,21.50,20,23
"Compare_File_1166",2,43,21.50,21.50,15,28
"Compare_File_2681",2,43,21.50,21.50,12,31
"Compare_File_1012",2,42,21.00,21.00,12,30
"Compare_File_811",2,42,21.00,21.00,21,21
"Compare_File_3798",2,42,21.00,21.00,14,28
"Compare_File_2256",2,42,21.00,21.00,9,33
"Compare_File_1514",2,42,21.00,21.00,21,21
"Compare_File_1628",2,42,21.00,21.00,11,31
"Compare_File_1989",2,42,21.00,21.00,19,23
"Compare_File_2543",2,42,21.00,21.00,20,22
"Compare_File_1346",2,42,21.00,21.00,18,24
"Compare_File_1652",2,42,21.00,21.00,21,21
"Compare_File_629",2,42,21.00,21.00,16,26
"Compare_File_1591",2,42,21.00,21.00,21,21
"Compare_File_2265",2,42,21.00,21.00,13,29
"Compare_File_1005",2,42,21.00,21.00,16,26
"Compare_File_3790",2,42,21.00,21.00,12,30
"Compare_File_1286",2,42,21.00,21.00,18,24
"Compare_File_1387",2,42,21.00,21.00,10,32
"Compare_File_1746",2,42,21.00,21.00,13,29
"Compare_File_636",2,42,21.00,21.00,21,21
"Compare_File_2176",2,42,21.00,21.00,21,21
"Compare_File_2313",2,42,21.00,21.00,19,23
"Compare_File_1209",2,42,21.00,21.00,13,29
"Compare_File_1937",2,42,21.00,21.00,17,25
"Compare_File_1544",2,42,21.00,21.00,15,27
"Compare_File_2006",2,42,21.00,21.00,11,31
"Compare_File_2945",2,42,21.00,21.00,19,23
"Compare_File_3738",2,41,20.50,20.50,17,24
"Compare_File_2170",2,41,20.50,20.50,20,21
"Compare_File_1290",2,41,20.50,20.50,7,34
"Compare_File_3646",2,41,20.50,20.50,9,32
"Compare_File_512",2,41,20.50,20.50,16,25
"Compare_File_1119",2,41,20.50,20.50,14,27
"Compare_File_522",2,41,20.50,20.50,12,29
"Compare_File_550",2,41,20.50,20.50,19,22
"Compare_File_3894",2,41,20.50,20.50,9,32
"Compare_File_2210",2,41,20.50,20.50,16,25
"Compare_File_3778",2,41,20.50,20.50,14,27
"Compare_File_2051",2,41,20.50,20.50,10,31
"Compare_File_541",2,41,20.50,20.50,12,29
"Compare_File_3209",2,41,20.50,20.50,19,22
"Compare_File_1785",2,41,20.50,20.50,14,27
"Compare_File_1545",2,41,20.50,20.50,14,27
"Compare_File_1057",2,41,20.50,20.50,10,31
"Compare_File_1995",2,41,20.50,20.50,11,30
"Compare_File_3411",2,41,20.50,20.50,19,22
"Compare_File_3788",2,41,20.50,20.50,13,28
"Compare_File_342",2,41,20.50,20.50,11,30
"Compare_File_2156",2,41,20.50,20.50,14,27
"Compare_File_523",2,41,20.50,20.50,16,25
"Compare_File_1986",2,41,20.50,20.50,19,22
"Compare_File_1999",2,41,20.50,20.50,17,24
"Compare_File_798",2,41,20.50,20.50,11,30
"Compare_File_2610",2,40,20.00,20.00,18,22
"Compare_File_1745",2,40,20.00,20.00,7,33
"Compare_File_2844",2,40,20.00,20.00,19,21
"Compare_File_28",2,40,20.00,20.00,7,33
"Compare_File_1910",2,40,20.00,20.00,14,26
"Compare_File_3654",2,40,20.00,20.00,13,27
"Compare_File_1918",2,40,20.00,20.00,12,28
"Compare_File_3784",2,40,20.00,20.00,12,28
"Compare_File_2157",2,40,20.00,20.00,20,20
"Compare_File_3742",2,40,20.00,20.00,14,26
"Compare_File_1934",2,40,20.00,20.00,16,24
"Compare_File_1486",2,40,20.00,20.00,12,28
"Compare_File_3659",2,40,20.00,20.00,13,27
"Compare_File_3745",2,40,20.00,20.00,19,21
"Compare_File_632",2,40,20.00,20.00,18,22
"Compare_File_1056",2,39,19.50,19.50,10,29
"Compare_File_3739",2,39,19.50,19.50,18,21
"Compare_File_997",2,39,19.50,19.50,14,25
"Compare_File_651",2,39,19.50,19.50,14,25
"Compare_File_633",2,39,19.50,19.50,17,22
"Compare_File_3097",2,39,19.50,19.50,13,26
"Compare_File_2035",2,39,19.50,19.50,13,26
"Compare_File_653",2,39,19.50,19.50,16,23
"Compare_File_2206",2,39,19.50,19.50,8,31
"Compare_File_2578",2,39,19.50,19.50,12,27
"Compare_File_754",2,39,19.50,19.50,14,25
"Compare_File_3406",2,39,19.50,19.50,11,28
"Compare_File_1730",2,39,19.50,19.50,15,24
"Compare_File_1115",2,39,19.50,19.50,18,21
"Compare_File_1164",2,39,19.50,19.50,19,20
"Compare_File_756",2,39,19.50,19.50,9,30
"Compare_File_2318",2,39,19.50,19.50,13,26
"Compare_File_1627",2,39,19.50,19.50,11,28
"Compare_File_1042",2,39,19.50,19.50,10,29
"Compare_File_2260",2,39,19.50,19.50,16,23
"Compare_File_341",2,39,19.50,19.50,15,24
"Compare_File_1414",2,39,19.50,19.50,14,25
"Compare_File_508",2,39,19.50,19.50,10,29
"Compare_File_1780",2,38,19.00,19.00,16,22
"Compare_File_2822",2,38,19.00,19.00,18,20
"Compare_File_2391",2,38,19.00,19.00,14,24
"Compare_File_1517",2,38,19.00,19.00,17,21
"Compare_File_1578",2,38,19.00,19.00,19,19
"Compare_File_1374",2,38,19.00,19.00,16,22
"Compare_File_3559",2,38,19.00,19.00,11,27
"Compare_File_2570",2,38,19.00,19.00,10,28
"Compare_File_3635",2,38,19.00,19.00,17,21
"Compare_File_1786",2,38,19.00,19.00,14,24
"Compare_File_507",2,38,19.00,19.00,13,25
"Compare_File_1121",2,38,19.00,19.00,16,22
"Compare_File_1781",2,38,19.00,19.00,17,21
"Compare_File_747",2,38,19.00,19.00,13,25
"Compare_File_1457",2,38,19.00,19.00,17,21
"Compare_File_1163",2,38,19.00,19.00,14,24
"Compare_File_3740",2,38,19.00,19.00,18,20
"Compare_File_1549",2,38,19.00,19.00,13,25
"Compare_File_2175",2,38,19.00,19.00,18,20
"Compare_File_2611",2,38,19.00,19.00,13,25
"Compare_File_514",2,37,18.50,18.50,12,25
"Compare_File_1814",2,37,18.50,18.50,13,24
"Compare_File_513",2,37,18.50,18.50,16,21
"Compare_File_339",2,37,18.50,18.50,16,21
"Compare_File_1333",2,37,18.50,18.50,10,27
"Compare_File_1634",2,37,18.50,18.50,12,25
"Compare_File_2388",2,37,18.50,18.50,12,25
"Compare_File_182",2,37,18.50,18.50,11,26
"Compare_File_2033",2,37,18.50,18.50,8,29
"Compare_File_1812",2,37,18.50,18.50,16,21
"Compare_File_1908",2,37,18.50,18.50,11,26
"Compare_File_742",2,37,18.50,18.50,17,20
"Compare_File_1221",2,37,18.50,18.50,14,23
"Compare_File_2648",2,37,18.50,18.50,13,24
"Compare_File_1547",2,37,18.50,18.50,13,24
"Compare_File_3451",2,37,18.50,18.50,10,27
"Compare_File_2050",2,37,18.50,18.50,11,26
"Compare_File_2317",2,37,18.50,18.50,11,26
"Compare_File_3167",2,37,18.50,18.50,12,25
"Compare_File_3797",2,36,18.00,18.00,12,24
"Compare_File_1837",2,36,18.00,18.00,15,21
"Compare_File_672",2,36,18.00,18.00,11,25
"Compare_File_1205",2,36,18.00,18.00,12,24
"Compare_File_2676",2,36,18.00,18.00,17,19
"Compare_File_3999",2,36,18.00,18.00,10,26
"Compare_File_1415",2,36,18.00,18.00,17,19
"Compare_File_957",2,36,18.00,18.00,16,20
"Compare_File_2045",2,36,18.00,18.00,18,18
"Compare_File_2574",2,36,18.00,18.00,11,25
"Compare_File_3664",2,36,18.00,18.00,17,19
"Compare_File_2010",2,36,18.00,18.00,18,18
"Compare_File_1224",2,36,18.00,18.00,11,25
"Compare_File_2025",2,36,18.00,18.00,17,19
"Compare_File_2666",2,36,18.00,18.00,13,23
"Compare_File_671",2,36,18.00,18.00,16,20
"Compare_File_1909",2,36,18.00,18.00,12,24
"Compare_File_336",2,36,18.00,18.00,13,23
"Compare_File_1455",2,35,17.50,17.50,10,25
"Compare_File_3409",2,35,17.50,17.50,10,25
"Compare_File_2671",2,35,17.50,17.50,13,22
"Compare_File_2753",2,35,17.50,17.50,15,20
"Compare_File_3968",2,35,17.50,17.50,10,25
"Compare_File_1362",2,35,17.50,17.50,16,19
"Compare_File_2091",2,35,17.50,17.50,14,21
"Compare_File_3805",2,35,17.50,17.50,13,22
"Compare_File_1358",2,35,17.50,17.50,16,19
"Compare_File_1900",2,35,17.50,17.50,14,21
"Compare_File_2572",2,35,17.50,17.50,13,22
"Compare_File_3550",2,35,17.50,17.50,13,22
"Compare_File_2049",2,35,17.50,17.50,10,25
"Compare_File_1154",2,35,17.50,17.50,15,20
"Compare_File_3637",2,35,17.50,17.50,11,24
"Compare_File_2846",2,35,17.50,17.50,12,23
"Compare_File_2350",2,35,17.50,17.50,13,22
"Compare_File_676",2,35,17.50,17.50,13,22
"Compare_File_1787",2,34,17.00,17.00,11,23
"Compare_File_1753",2,34,17.00,17.00,13,21
"Compare_File_1589",2,34,17.00,17.00,13,21
"Compare_File_1225",2,34,17.00,17.00,17,17
"Compare_File_1782",2,34,17.00,17.00,14,20
"Compare_File_1637",2,34,17.00,17.00,8,26
"Compare_File_1284",2,34,17.00,17.00,10,24
"Compare_File_2455",2,34,17.00,17.00,15,19
"Compare_File_1839",2,34,17.00,17.00,13,21
"Compare_File_1123",2,34,17.00,17.00,16,18
"Compare_File_2173",2,34,17.00,17.00,12,22
"Compare_File_1207",2,34,17.00,17.00,11,23
"Compare_File_803",2,34,17.00,17.00,10,24
"Compare_File_755",2,34,17.00,17.00,10,24
"Compare_File_2668",2,34,17.00,17.00,16,18
"Compare_File_1413",2,34,17.00,17.00,11,23
"Compare_File_736",2,34,17.00,17.00,13,21
"Compare_File_2000",2,33,16.50,16.50,13,20
"Compare_File_346",2,33,16.50,16.50,10,23
"Compare_File_1534",2,33,16.50,16.50,15,18
"Compare_File_1790",2,33,16.50,16.50,9,24
"Compare_File_662",2,33,16.50,16.50,13,20
"Compare_File_2487",2,33,16.50,16.50,15,18
"Compare_File_1359",2,33,16.50,16.50,10,23
"Compare_File_751",2,33,16.50,16.50,13,20
"Compare_File_2036",2,33,16.50,16.50,10,23
"Compare_File_1996",2,33,16.50,16.50,10,23
"Compare_File_559",2,33,16.50,16.50,10,23
"Compare_File_1527",2,33,16.50,16.50,10,23
"Compare_File_1683",2,33,16.50,16.50,14,19
"Compare_File_2500",2,33,16.50,16.50,15,18
"Compare_File_1548",2,33,16.50,16.50,12,21
"Compare_File_2255",2,33,16.50,16.50,9,24
"Compare_File_1456",2,33,16.50,16.50,10,23
"Compare_File_665",2,33,16.50,16.50,12,21
"Compare_File_3786",2,33,16.50,16.50,9,24
"Compare_File_3408",2,32,16.00,16.00,10,22
"Compare_File_1017",2,32,16.00,16.00,12,20
"Compare_File_994",2,32,16.00,16.00,12,20
"Compare_File_993",2,32,16.00,16.00,10,22
"Compare_File_180",2,32,16.00,16.00,14,18
"Compare_File_1013",2,32,16.00,16.00,11,21
"Compare_File_2609",2,32,16.00,16.00,13,19
"Compare_File_2266",2,32,16.00,16.00,11,21
"Compare_File_1997",2,32,16.00,16.00,13,19
"Compare_File_2186",2,32,16.00,16.00,12,20
"Compare_File_1992",2,32,16.00,16.00,13,19
"Compare_File_1585",2,32,16.00,16.00,10,22
"Compare_File_1913",2,32,16.00,16.00,11,21
"Compare_File_2314",2,32,16.00,16.00,14,18
"Compare_File_2005",2,32,16.00,16.00,11,21
"Compare_File_1705",2,32,16.00,16.00,11,21
"Compare_File_3448",2,32,16.00,16.00,15,17
"Compare_File_619",2,32,16.00,16.00,9,23
"Compare_File_1335",2,32,16.00,16.00,9,23
"Compare_File_1915",2,31,15.50,15.50,14,17
"Compare_File_3410",2,31,15.50,15.50,11,20
"Compare_File_806",2,31,15.50,15.50,11,20
"Compare_File_748",2,31,15.50,15.50,9,22
"Compare_File_661",2,31,15.50,15.50,13,18
"Compare_File_2093",2,31,15.50,15.50,11,20
"Compare_File_1412",2,31,15.50,15.50,10,21
"Compare_File_613",2,31,15.50,15.50,12,19
"Compare_File_616",2,31,15.50,15.50,10,21
"Compare_File_509",2,31,15.50,15.50,11,20
"Compare_File_1733",2,31,15.50,15.50,10,21
"Compare_File_1755",2,31,15.50,15.50,10,21
"Compare_File_2569",2,31,15.50,15.50,12,19
"Compare_File_561",2,31,15.50,15.50,14,17
"Compare_File_667",2,30,15.00,15.00,7,23
"Compare_File_3973",2,30,15.00,15.00,9,21
"Compare_File_2004",2,30,15.00,15.00,10,20
"Compare_File_1752",2,30,15.00,15.00,10,20
"Compare_File_657",2,30,15.00,15.00,11,19
"Compare_File_2002",2,30,15.00,15.00,12,18
"Compare_File_2535",2,30,15.00,15.00,12,18
"Compare_File_1816",2,30,15.00,15.00,12,18
"Compare_File_2418",2,29,14.50,14.50,11,18
"Compare_File_2052",2,29,14.50,14.50,9,20
"Compare_File_2264",2,28,14.00,14.00,7,21
"Compare_File_749",2,28,14.00,14.00,9,19
"Compare_File_519",2,28,14.00,14.00,10,18
"Compare_File_1991",2,28,14.00,14.00,10,18
"Compare_File_2032",2,27,13.50,13.50,7,20
"Compare_File_1783",2,27,13.50,13.50,10,17
"Compare_File_1471",2,27,13.50,13.50,10,17
"Compare_File_2682",2,27,13.50,13.50,8,19
"Compare_File_1590",2,26,13.00,13.00,9,17
"Compare_File_3453",2,26,13.00,13.00,8,18
"Compare_File_564",2,26,13.00,13.00,8,18
"Compare_File_1756",2,25,12.50,12.50,8,17
"Compare_File_1125",2,25,12.50,12.50,10,15
"Compare_File_1779",2,21,10.50,10.50,9,12
"Process_Results",2,17,8.50,8.50,8,9
"Sort_Files",2,10,5.00,5.00,4,6
"Calculate_Avg_FileSize",2,3,1.50,1.50,1,2
"Folder_Stats",2,0,0.00,0.00,0,0
