Operation,CallCount,TotalTimeMs,AverageTimeMs,MedianTimeMs,MinTimeMs,MaxTimeMs
"CompareFilesWithCaching",8000,1027424,128.43,50.00,5,10284
"Compare_Objects",8000,383812,47.98,20.00,0,2528
"Deserialize_Old_ComplexOrderResponse_Xml",8000,290469,36.31,4.00,0,8757
"Deserialize_New_ComplexOrderResponse_Xml",8000,166163,20.77,2.00,0,6175
"Parallel_Comparison",2,48475,24237.50,24237.50,20178,28297
"CompareFolderUploadsAsync",1,36698,36698.00,36698.00,36698,36698
"Generate_File_Hash",16000,21789,1.36,0.00,0,1972
"Compare_File_674",2,10475,5237.50,5237.50,144,10331
"Compare_File_729",2,9998,4999.00,4999.00,10,9988
"Compare_File_838",2,9405,4702.50,4702.50,20,9385
"Compare_File_268",2,7660,3830.00,3830.00,653,7007
"Compare_File_0",2,6619,3309.50,3309.50,2286,4333
"Compare_File_2130",2,6540,3270.00,3270.00,343,6197
"Compare_File_2207",2,6146,3073.00,3073.00,120,6026
"Compare_File_388",2,5701,2850.50,2850.50,309,5392
"Compare_File_334",2,5622,2811.00,2811.00,98,5524
"Compare_File_362",2,5587,2793.50,2793.50,119,5468
"Compare_File_367",2,5531,2765.50,2765.50,29,5502
"Compare_File_450",2,5445,2722.50,2722.50,31,5414
"Compare_File_483",2,5436,2718.00,2718.00,199,5237
"Compare_File_834",2,5377,2688.50,2688.50,329,5048
"Compare_File_358",2,5354,2677.00,2677.00,45,5309
"Compare_File_1",2,5077,2538.50,2538.50,2511,2566
"Compare_File_1447",2,4971,2485.50,2485.50,30,4941
"Compare_File_1443",2,4831,2415.50,2415.50,222,4609
"Compare_File_489",2,4769,2384.50,2384.50,75,4694
"Compare_File_6",2,4516,2258.00,2258.00,142,4374
"Compare_File_1452",2,4477,2238.50,2238.50,164,4313
"Compare_File_1417",2,4470,2235.00,2235.00,23,4447
"Compare_File_521",2,4349,2174.50,2174.50,21,4328
"Compare_File_5",2,4202,2101.00,2101.00,67,4135
"Compare_File_2174",2,4185,2092.50,2092.50,22,4163
"Compare_File_1438",2,4109,2054.50,2054.50,184,3925
"Compare_File_442",2,4100,2050.00,2050.00,179,3921
"Compare_File_1456",2,4025,2012.50,2012.50,10,4015
"Compare_File_1377",2,3938,1969.00,1969.00,54,3884
"Compare_File_1414",2,3863,1931.50,1931.50,12,3851
"Compare_File_1401",2,3822,1911.00,1911.00,84,3738
"Generate_Config_Fingerprint",8007,3714,0.46,0.00,0,496
"Compare_File_1426",2,3713,1856.50,1856.50,8,3705
"Compare_File_561",2,3607,1803.50,1803.50,343,3264
"Compare_File_214",2,3557,1778.50,1778.50,115,3442
"Compare_File_16",2,3501,1750.50,1750.50,21,3480
"Compare_File_15",2,3389,1694.50,1694.50,31,3358
"Compare_File_198",2,3382,1691.00,1691.00,130,3252
"Compare_File_18",2,3357,1678.50,1678.50,28,3329
"Compare_File_17",2,3348,1674.00,1674.00,48,3300
"Compare_File_9",2,3239,1619.50,1619.50,351,2888
"Compare_File_20",2,3232,1616.00,1616.00,76,3156
"Compare_File_21",2,3167,1583.50,1583.50,32,3135
"Compare_File_1450",2,3155,1577.50,1577.50,175,2980
"Compare_File_193",2,3138,1569.00,1569.00,70,3068
"Compare_File_1451",2,3013,1506.50,1506.50,146,2867
"Compare_File_13",2,3011,1505.50,1505.50,67,2944
"Compare_File_7",2,2993,1496.50,1496.50,519,2474
"Compare_File_26",2,2987,1493.50,1493.50,40,2947
"Compare_File_316",2,2975,1487.50,1487.50,29,2946
"Compare_File_1449",2,2957,1478.50,1478.50,23,2934
"Compare_File_2148",2,2948,1474.00,1474.00,17,2931
"Compare_File_4",2,2937,1468.50,1468.50,342,2595
"Compare_File_319",2,2928,1464.00,1464.00,54,2874
"Compare_File_466",2,2915,1457.50,1457.50,157,2758
"Compare_File_330",2,2876,1438.00,1438.00,28,2848
"Compare_File_19",2,2857,1428.50,1428.50,30,2827
"Compare_File_3448",2,2847,1423.50,1423.50,8,2839
"Compare_File_469",2,2843,1421.50,1421.50,20,2823
"Compare_File_14",2,2832,1416.00,1416.00,69,2763
"Compare_File_473",2,2830,1415.00,1415.00,67,2763
"Compare_File_1454",2,2817,1408.50,1408.50,12,2805
"Compare_File_3",2,2806,1403.00,1403.00,117,2689
"Compare_File_10",2,2795,1397.50,1397.50,337,2458
"Compare_File_1458",2,2782,1391.00,1391.00,9,2773
"Compare_File_1453",2,2737,1368.50,1368.50,167,2570
"Compare_File_11",2,2717,1358.50,1358.50,47,2670
"Compare_File_1442",2,2686,1343.00,1343.00,28,2658
"Compare_File_482",2,2683,1341.50,1341.50,87,2596
"Compare_File_1446",2,2679,1339.50,1339.50,27,2652
"Compare_File_2",2,2670,1335.00,1335.00,120,2550
"Compare_File_12",2,2663,1331.50,1331.50,46,2617
"Compare_File_467",2,2599,1299.50,1299.50,22,2577
"Compare_File_480",2,2594,1297.00,1297.00,108,2486
"Compare_File_22",2,2575,1287.50,1287.50,34,2541
"Compare_File_481",2,2574,1287.00,1287.00,208,2366
"Compare_File_276",2,2564,1282.00,1282.00,69,2495
"Compare_File_8",2,2549,1274.50,1274.50,52,2497
"Compare_File_1455",2,2526,1263.00,1263.00,10,2516
"Compare_File_478",2,2487,1243.50,1243.50,56,2431
"Compare_File_185",2,2475,1237.50,1237.50,103,2372
"Compare_File_1457",2,2454,1227.00,1227.00,10,2444
"Compare_File_468",2,2441,1220.50,1220.50,18,2423
"Compare_File_479",2,2440,1220.00,1220.00,238,2202
"Compare_File_443",2,2394,1197.00,1197.00,25,2369
"Compare_File_27",2,2323,1161.50,1161.50,233,2090
"Compare_File_75",2,2260,1130.00,1130.00,90,2170
"Compare_File_167",2,2212,1106.00,1106.00,306,1906
"Compare_File_35",2,2146,1073.00,1073.00,16,2130
"Compare_File_120",2,2076,1038.00,1038.00,143,1933
"Compare_File_187",2,2045,1022.50,1022.50,225,1820
"Compare_File_145",2,2042,1021.00,1021.00,225,1817
"Compare_File_206",2,2022,1011.00,1011.00,235,1787
"Compare_File_293",2,2005,1002.50,1002.50,46,1959
"Compare_File_1947",2,1953,976.50,976.50,92,1861
"Compare_File_80",2,1933,966.50,966.50,134,1799
"Compare_File_131",2,1923,961.50,961.50,23,1900
"Compare_File_1459",2,1909,954.50,954.50,10,1899
"Compare_File_1396",2,1867,933.50,933.50,537,1330
"Compare_File_264",2,1852,926.00,926.00,303,1549
"Compare_File_1398",2,1845,922.50,922.50,806,1039
"Compare_File_1961",2,1836,918.00,918.00,328,1508
"Compare_File_173",2,1819,909.50,909.50,41,1778
"Compare_File_488",2,1811,905.50,905.50,222,1589
"Compare_File_2230",2,1802,901.00,901.00,191,1611
"Compare_File_82",2,1712,856.00,856.00,62,1650
"Compare_File_79",2,1697,848.50,848.50,52,1645
"Compare_File_91",2,1670,835.00,835.00,19,1651
"Compare_File_172",2,1658,829.00,829.00,88,1570
"Compare_File_274",2,1654,827.00,827.00,165,1489
"Compare_File_1394",2,1634,817.00,817.00,581,1053
"Compare_File_265",2,1614,807.00,807.00,46,1568
"Compare_File_486",2,1605,802.50,802.50,88,1517
"Compare_File_247",2,1583,791.50,791.50,36,1547
"Compare_File_138",2,1575,787.50,787.50,86,1489
"Compare_File_23",2,1532,766.00,766.00,72,1460
"Compare_File_487",2,1506,753.00,753.00,228,1278
"Compare_File_1400",2,1449,724.50,724.50,593,856
"Compare_File_1367",2,1446,723.00,723.00,95,1351
"Compare_File_246",2,1411,705.50,705.50,82,1329
"Compare_File_3333",2,1402,701.00,701.00,562,840
"Compare_File_160",2,1401,700.50,700.50,26,1375
"Compare_File_485",2,1351,675.50,675.50,86,1265
"Compare_File_262",2,1300,650.00,650.00,57,1243
"Compare_File_124",2,1283,641.50,641.50,66,1217
"Compare_File_409",2,1271,635.50,635.50,150,1121
"Compare_File_405",2,1236,618.00,618.00,53,1183
"Compare_File_1399",2,1234,617.00,617.00,548,686
"Compare_File_2785",2,1191,595.50,595.50,39,1152
"Compare_File_1392",2,1159,579.50,579.50,27,1132
"Compare_File_270",2,1150,575.00,575.00,25,1125
"Compare_File_269",2,1054,527.00,527.00,25,1029
"Compare_File_3724",2,1039,519.50,519.50,224,815
"Compare_File_412",2,1038,519.00,519.00,291,747
"Compare_File_1361",2,1023,511.50,511.50,107,916
"Compare_File_1397",2,995,497.50,497.50,443,552
"Compare_File_1405",2,978,489.00,489.00,282,696
"Compare_File_667",2,959,479.50,479.50,473,486
"Compare_File_413",2,956,478.00,478.00,85,871
"Compare_File_1388",2,956,478.00,478.00,159,797
"Compare_File_1407",2,949,474.50,474.50,282,667
"Compare_File_425",2,941,470.50,470.50,36,905
"Compare_File_444",2,938,469.00,469.00,35,903
"Compare_File_1381",2,929,464.50,464.50,56,873
"Compare_File_1403",2,926,463.00,463.00,155,771
"Compare_File_2350",2,916,458.00,458.00,191,725
"Compare_File_440",2,913,456.50,456.50,36,877
"Compare_File_1670",2,911,455.50,455.50,19,892
"Compare_File_3379",2,904,452.00,452.00,74,830
"Compare_File_1387",2,904,452.00,452.00,71,833
"Compare_File_1448",2,899,449.50,449.50,225,674
"Compare_File_416",2,888,444.00,444.00,144,744
"Compare_File_2357",2,887,443.50,443.50,12,875
"Compare_File_3144",2,875,437.50,437.50,123,752
"Compare_File_3596",2,866,433.00,433.00,312,554
"Compare_File_24",2,864,432.00,432.00,36,828
"Compare_File_407",2,853,426.50,426.50,214,639
"Compare_File_2301",2,847,423.50,423.50,171,676
"Compare_File_426",2,845,422.50,422.50,78,767
"Compare_File_2027",2,844,422.00,422.00,76,768
"Compare_File_839",2,837,418.50,418.50,108,729
"Compare_File_2364",2,832,416.00,416.00,12,820
"Compare_File_434",2,829,414.50,414.50,239,590
"Compare_File_3412",2,829,414.50,414.50,204,625
"Compare_File_417",2,828,414.00,414.00,209,619
"Compare_File_1371",2,828,414.00,414.00,70,758
"Compare_File_1715",2,821,410.50,410.50,243,578
"Compare_File_2126",2,816,408.00,408.00,181,635
"Compare_File_1366",2,815,407.50,407.50,33,782
"Compare_File_3578",2,810,405.00,405.00,147,663
"Compare_File_415",2,797,398.50,398.50,70,727
"Compare_File_2775",2,788,394.00,394.00,188,600
"Compare_File_2692",2,782,391.00,391.00,72,710
"Compare_File_1372",2,780,390.00,390.00,12,768
"Compare_File_3420",2,770,385.00,385.00,15,755
"Compare_File_2125",2,765,382.50,382.50,81,684
"Compare_File_414",2,763,381.50,381.50,35,728
"Compare_File_2508",2,756,378.00,378.00,12,744
"Compare_File_2352",2,749,374.50,374.50,164,585
"Compare_File_398",2,740,370.00,370.00,345,395
"Compare_File_1404",2,737,368.50,368.50,62,675
"Compare_File_282",2,735,367.50,367.50,354,381
"Compare_File_3280",2,732,366.00,366.00,12,720
"Compare_File_3093",2,728,364.00,364.00,10,718
"Compare_File_1391",2,724,362.00,362.00,157,567
"Compare_File_3426",2,719,359.50,359.50,28,691
"Compare_File_437",2,719,359.50,359.50,18,701
"Compare_File_438",2,719,359.50,359.50,20,699
"Compare_File_406",2,715,357.50,357.50,318,397
"Compare_File_3635",2,715,357.50,357.50,171,544
"Compare_File_2094",2,714,357.00,357.00,95,619
"Compare_File_3438",2,713,356.50,356.50,93,620
"Compare_File_3359",2,713,356.50,356.50,102,611
"Compare_File_1679",2,713,356.50,356.50,24,689
"Compare_File_3284",2,712,356.00,356.00,11,701
"Compare_File_277",2,710,355.00,355.00,226,484
"Compare_File_2548",2,706,353.00,353.00,110,596
"Compare_File_3058",2,704,352.00,352.00,85,619
"Compare_File_2365",2,693,346.50,346.50,98,595
"Compare_File_3454",2,688,344.00,344.00,14,674
"Compare_File_840",2,686,343.00,343.00,209,477
"Compare_File_396",2,684,342.00,342.00,26,658
"Compare_File_2562",2,679,339.50,339.50,72,607
"Compare_File_411",2,678,339.00,339.00,79,599
"Compare_File_399",2,677,338.50,338.50,329,348
"Compare_File_1671",2,675,337.50,337.50,183,492
"Compare_File_1128",2,673,336.50,336.50,46,627
"Compare_File_1402",2,668,334.00,334.00,159,509
"Compare_File_1386",2,665,332.50,332.50,19,646
"Compare_File_318",2,663,331.50,331.50,87,576
"Compare_File_1116",2,655,327.50,327.50,12,643
"Compare_File_2786",2,649,324.50,324.50,13,636
"Compare_File_3746",2,646,323.00,323.00,64,582
"Compare_File_1344",2,644,322.00,322.00,115,529
"Compare_File_3229",2,642,321.00,321.00,9,633
"Compare_File_410",2,641,320.50,320.50,33,608
"Compare_File_2360",2,634,317.00,317.00,14,620
"Compare_File_841",2,634,317.00,317.00,84,550
"Compare_File_2496",2,632,316.00,316.00,11,621
"Compare_File_3579",2,631,315.50,315.50,196,435
"Compare_File_2387",2,631,315.50,315.50,48,583
"Compare_File_1515",2,630,315.00,315.00,77,553
"Compare_File_205",2,629,314.50,314.50,242,387
"Compare_File_237",2,628,314.00,314.00,202,426
"Compare_File_3437",2,627,313.50,313.50,90,537
"Compare_File_3713",2,624,312.00,312.00,228,396
"Compare_File_446",2,617,308.50,308.50,148,469
"Compare_File_2657",2,616,308.00,308.00,11,605
"Compare_File_2585",2,608,304.00,304.00,12,596
"Compare_File_433",2,607,303.50,303.50,38,569
"Compare_File_309",2,606,303.00,303.00,257,349
"Compare_File_2864",2,605,302.50,302.50,29,576
"Compare_File_3697",2,605,302.50,302.50,149,456
"Compare_File_3637",2,604,302.00,302.00,57,547
"Compare_File_445",2,603,301.50,301.50,249,354
"Compare_File_2215",2,598,299.00,299.00,95,503
"Compare_File_3850",2,597,298.50,298.50,116,481
"Compare_File_2677",2,594,297.00,297.00,12,582
"Compare_File_3455",2,591,295.50,295.50,35,556
"Compare_File_441",2,590,295.00,295.00,42,548
"Compare_File_484",2,590,295.00,295.00,161,429
"Compare_File_2987",2,589,294.50,294.50,25,564
"Compare_File_3315",2,585,292.50,292.50,63,522
"Compare_File_280",2,585,292.50,292.50,78,507
"Compare_File_165",2,584,292.00,292.00,30,554
"Compare_File_3843",2,583,291.50,291.50,104,479
"Compare_File_418",2,583,291.50,291.50,255,328
"Compare_File_2575",2,578,289.00,289.00,186,392
"Compare_File_3192",2,577,288.50,288.50,260,317
"Compare_File_1530",2,575,287.50,287.50,15,560
"Compare_File_3658",2,573,286.50,286.50,154,419
"Compare_File_1354",2,573,286.50,286.50,79,494
"Compare_File_2540",2,573,286.50,286.50,24,549
"Compare_File_3848",2,572,286.00,286.00,89,483
"Compare_File_1061",2,568,284.00,284.00,225,343
"Compare_File_1368",2,567,283.50,283.50,24,543
"Compare_File_3731",2,562,281.00,281.00,28,534
"Compare_File_1791",2,561,280.50,280.50,28,533
"Compare_File_1928",2,561,280.50,280.50,73,488
"Compare_File_439",2,560,280.00,280.00,24,536
"Compare_File_3687",2,559,279.50,279.50,36,523
"Compare_File_2255",2,556,278.00,278.00,139,417
"Compare_File_2633",2,554,277.00,277.00,57,497
"Compare_File_556",2,553,276.50,276.50,203,350
"Compare_File_2667",2,553,276.50,276.50,114,439
"Compare_File_2326",2,553,276.50,276.50,12,541
"Compare_File_3870",2,552,276.00,276.00,158,394
"Compare_File_256",2,552,276.00,276.00,206,346
"Compare_File_2899",2,552,276.00,276.00,72,480
"Compare_File_2567",2,552,276.00,276.00,60,492
"Compare_File_197",2,551,275.50,275.50,192,359
"Compare_File_1985",2,550,275.00,275.00,25,525
"Compare_File_2237",2,550,275.00,275.00,188,362
"Compare_File_2599",2,548,274.00,274.00,22,526
"Compare_File_2072",2,543,271.50,271.50,105,438
"Compare_File_3000",2,539,269.50,269.50,207,332
"Compare_File_238",2,538,269.00,269.00,82,456
"Compare_File_2713",2,538,269.00,269.00,174,364
"Compare_File_3296",2,537,268.50,268.50,48,489
"Compare_File_2358",2,536,268.00,268.00,221,315
"Compare_File_1122",2,534,267.00,267.00,73,461
"Compare_File_169",2,532,266.00,266.00,109,423
"Compare_File_1395",2,530,265.00,265.00,25,505
"Compare_File_3764",2,530,265.00,265.00,127,403
"Compare_File_189",2,527,263.50,263.50,62,465
"Compare_File_283",2,524,262.00,262.00,114,410
"Compare_File_447",2,524,262.00,262.00,197,327
"Compare_File_2825",2,523,261.50,261.50,128,395
"Compare_File_2744",2,522,261.00,261.00,11,511
"Compare_File_162",2,522,261.00,261.00,47,475
"Compare_File_448",2,521,260.50,260.50,28,493
"Compare_File_2690",2,520,260.00,260.00,70,450
"Compare_File_1885",2,520,260.00,260.00,138,382
"Compare_File_2157",2,519,259.50,259.50,13,506
"Compare_File_3263",2,519,259.50,259.50,136,383
"Compare_File_1123",2,518,259.00,259.00,243,275
"Compare_File_3323",2,517,258.50,258.50,211,306
"Compare_File_3191",2,514,257.00,257.00,207,307
"Compare_File_403",2,512,256.00,256.00,93,419
"Compare_File_1353",2,512,256.00,256.00,10,502
"Compare_File_1032",2,512,256.00,256.00,107,405
"Compare_File_2198",2,511,255.50,255.50,38,473
"Compare_File_3416",2,509,254.50,254.50,10,499
"Compare_File_3624",2,504,252.00,252.00,93,411
"Compare_File_3312",2,504,252.00,252.00,86,418
"Compare_File_2670",2,504,252.00,252.00,95,409
"Compare_File_395",2,503,251.50,251.50,104,399
"Compare_File_420",2,503,251.50,251.50,17,486
"Compare_File_419",2,502,251.00,251.00,33,469
"Compare_File_2845",2,502,251.00,251.00,78,424
"Compare_File_1746",2,502,251.00,251.00,20,482
"Compare_File_3869",2,501,250.50,250.50,116,385
"Compare_File_200",2,501,250.50,250.50,105,396
"Compare_File_1136",2,499,249.50,249.50,98,401
"Compare_File_2426",2,498,249.00,249.00,72,426
"Compare_File_3549",2,497,248.50,248.50,41,456
"Compare_File_2348",2,497,248.50,248.50,48,449
"Compare_File_3187",2,497,248.50,248.50,172,325
"Compare_File_3622",2,496,248.00,248.00,90,406
"Compare_File_2114",2,495,247.50,247.50,83,412
"Compare_File_1761",2,493,246.50,246.50,92,401
"Compare_File_344",2,493,246.50,246.50,122,371
"Compare_File_2088",2,491,245.50,245.50,90,401
"Compare_File_1118",2,489,244.50,244.50,13,476
"Compare_File_190",2,489,244.50,244.50,66,423
"Compare_File_1724",2,487,243.50,243.50,127,360
"Compare_File_1812",2,486,243.00,243.00,16,470
"Compare_File_1639",2,486,243.00,243.00,78,408
"Compare_File_3717",2,484,242.00,242.00,59,425
"Compare_File_3661",2,484,242.00,242.00,50,434
"Compare_File_2551",2,484,242.00,242.00,106,378
"Compare_File_155",2,483,241.50,241.50,32,451
"Compare_File_3825",2,483,241.50,241.50,148,335
"Compare_File_823",2,483,241.50,241.50,12,471
"Compare_File_2335",2,481,240.50,240.50,30,451
"Compare_File_1945",2,481,240.50,240.50,77,404
"Compare_File_1021",2,480,240.00,240.00,22,458
"Compare_File_3397",2,480,240.00,240.00,217,263
"Compare_File_2600",2,479,239.50,239.50,149,330
"Compare_File_836",2,477,238.50,238.50,23,454
"Compare_File_1033",2,476,238.00,238.00,180,296
"Compare_File_1145",2,475,237.50,237.50,57,418
"Compare_File_3688",2,475,237.50,237.50,119,356
"Compare_File_2450",2,474,237.00,237.00,107,367
"Compare_File_3247",2,473,236.50,236.50,152,321
"Compare_File_2346",2,473,236.50,236.50,20,453
"Compare_File_1949",2,472,236.00,236.00,91,381
"Compare_File_2769",2,472,236.00,236.00,48,424
"Compare_File_2115",2,471,235.50,235.50,110,361
"Compare_File_3668",2,471,235.50,235.50,88,383
"Compare_File_3573",2,469,234.50,234.50,151,318
"Compare_File_2663",2,467,233.50,233.50,17,450
"Compare_File_2948",2,465,232.50,232.50,117,348
"Compare_File_3008",2,464,232.00,232.00,57,407
"Compare_File_275",2,463,231.50,231.50,40,423
"Compare_File_2443",2,463,231.50,231.50,48,415
"Compare_File_393",2,462,231.00,231.00,63,399
"Compare_File_973",2,461,230.50,230.50,164,297
"Compare_File_3640",2,459,229.50,229.50,154,305
"Compare_File_3789",2,458,229.00,229.00,67,391
"Compare_File_3141",2,458,229.00,229.00,32,426
"Compare_File_1836",2,457,228.50,228.50,49,408
"Compare_File_1349",2,456,228.00,228.00,80,376
"Compare_File_3070",2,456,228.00,228.00,97,359
"Compare_File_3575",2,455,227.50,227.50,179,276
"Compare_File_284",2,455,227.50,227.50,149,306
"Compare_File_2116",2,455,227.50,227.50,48,407
"Compare_File_3839",2,455,227.50,227.50,98,357
"Compare_File_1245",2,455,227.50,227.50,86,369
"Compare_File_3908",2,454,227.00,227.00,211,243
"Compare_File_324",2,454,227.00,227.00,110,344
"Compare_File_3152",2,453,226.50,226.50,85,368
"Compare_File_203",2,452,226.00,226.00,168,284
"Compare_File_1418",2,451,225.50,225.50,116,335
"Compare_File_402",2,451,225.50,225.50,32,419
"Compare_File_2205",2,450,225.00,225.00,89,361
"Compare_File_271",2,450,225.00,225.00,111,339
"Compare_File_202",2,449,224.50,224.50,133,316
"Compare_File_1338",2,447,223.50,223.50,15,432
"Compare_File_3262",2,447,223.50,223.50,25,422
"Compare_File_2636",2,446,223.00,223.00,168,278
"Compare_File_201",2,446,223.00,223.00,128,318
"Compare_File_1356",2,445,222.50,222.50,110,335
"Compare_File_1252",2,442,221.00,221.00,112,330
"Compare_File_1979",2,442,221.00,221.00,46,396
"Compare_File_1878",2,439,219.50,219.50,13,426
"Compare_File_1913",2,439,219.50,219.50,117,322
"Compare_File_843",2,438,219.00,219.00,17,421
"Compare_File_1107",2,438,219.00,219.00,16,422
"Compare_File_1625",2,437,218.50,218.50,139,298
"Compare_File_1557",2,437,218.50,218.50,63,374
"Compare_File_2827",2,437,218.50,218.50,22,415
"Compare_File_1986",2,437,218.50,218.50,103,334
"Compare_File_1066",2,437,218.50,218.50,55,382
"Compare_File_2654",2,436,218.00,218.00,11,425
"Compare_File_196",2,436,218.00,218.00,143,293
"Compare_File_2070",2,435,217.50,217.50,105,330
"Compare_File_192",2,434,217.00,217.00,79,355
"Compare_File_2904",2,434,217.00,217.00,63,371
"Compare_File_199",2,434,217.00,217.00,171,263
"Compare_File_2123",2,433,216.50,216.50,61,372
"Compare_File_815",2,433,216.50,216.50,50,383
"Compare_File_1650",2,432,216.00,216.00,163,269
"Compare_File_2897",2,431,215.50,215.50,95,336
"Compare_File_1337",2,431,215.50,215.50,9,422
"Compare_File_3052",2,431,215.50,215.50,205,226
"Compare_File_3162",2,430,215.00,215.00,97,333
"Compare_File_1713",2,430,215.00,215.00,121,309
"Compare_File_153",2,429,214.50,214.50,67,362
"Compare_File_669",2,429,214.50,214.50,70,359
"Compare_File_827",2,429,214.50,214.50,82,347
"Compare_File_3756",2,429,214.50,214.50,21,408
"Compare_File_2913",2,429,214.50,214.50,174,255
"Compare_File_3584",2,428,214.00,214.00,18,410
"Compare_File_281",2,427,213.50,213.50,208,219
"Compare_File_2538",2,426,213.00,213.00,10,416
"Compare_File_1339",2,426,213.00,213.00,12,414
"Compare_File_312",2,426,213.00,213.00,133,293
"Compare_File_1056",2,425,212.50,212.50,148,277
"Compare_File_3156",2,425,212.50,212.50,37,388
"Compare_File_3517",2,423,211.50,211.50,55,368
"Compare_File_3056",2,422,211.00,211.00,10,412
"Compare_File_3396",2,421,210.50,210.50,91,330
"Compare_File_2379",2,421,210.50,210.50,79,342
"Compare_File_2723",2,421,210.50,210.50,166,255
"Compare_File_2946",2,421,210.50,210.50,156,265
"Compare_File_73",2,420,210.00,210.00,15,405
"Compare_File_3928",2,419,209.50,209.50,109,310
"Compare_File_1444",2,419,209.50,209.50,112,307
"Compare_File_1723",2,418,209.00,209.00,202,216
"Compare_File_659",2,418,209.00,209.00,93,325
"Compare_File_2846",2,417,208.50,208.50,101,316
"Compare_File_2774",2,416,208.00,208.00,47,369
"Compare_File_2278",2,416,208.00,208.00,51,365
"Compare_File_3920",2,414,207.00,207.00,64,350
"Compare_File_1981",2,414,207.00,207.00,148,266
"Compare_File_2558",2,414,207.00,207.00,98,316
"Compare_File_3570",2,414,207.00,207.00,107,307
"Compare_File_2396",2,414,207.00,207.00,77,337
"Compare_File_191",2,413,206.50,206.50,30,383
"Compare_File_2959",2,413,206.50,206.50,23,390
"Compare_File_3232",2,412,206.00,206.00,10,402
"Compare_File_211",2,412,206.00,206.00,57,355
"Compare_File_365",2,411,205.50,205.50,87,324
"Compare_File_3209",2,411,205.50,205.50,180,231
"Compare_File_1002",2,411,205.50,205.50,70,341
"Compare_File_374",2,408,204.00,204.00,145,263
"Compare_File_3299",2,407,203.50,203.50,71,336
"Compare_File_1960",2,407,203.50,203.50,64,343
"Compare_File_1291",2,407,203.50,203.50,199,208
"Compare_File_1351",2,406,203.00,203.00,16,390
"Compare_File_3230",2,406,203.00,203.00,8,398
"Compare_File_3127",2,406,203.00,203.00,97,309
"Compare_File_1895",2,405,202.50,202.50,21,384
"Compare_File_1347",2,405,202.50,202.50,54,351
"Compare_File_1572",2,405,202.50,202.50,43,362
"Compare_File_2826",2,404,202.00,202.00,120,284
"Compare_File_1569",2,404,202.00,202.00,33,371
"Compare_File_3546",2,404,202.00,202.00,54,350
"Compare_File_2028",2,404,202.00,202.00,80,324
"Compare_File_2372",2,402,201.00,201.00,11,391
"Compare_File_1348",2,400,200.00,200.00,10,390
"Compare_File_3940",2,400,200.00,200.00,179,221
"Compare_File_3072",2,400,200.00,200.00,10,390
"Compare_File_2936",2,399,199.50,199.50,174,225
"Compare_File_3504",2,398,199.00,199.00,132,266
"Compare_File_3415",2,398,199.00,199.00,12,386
"Compare_File_1378",2,397,198.50,198.50,50,347
"Compare_File_175",2,396,198.00,198.00,132,264
"Compare_File_2434",2,395,197.50,197.50,66,329
"Compare_File_2705",2,395,197.50,197.50,37,358
"Compare_File_2261",2,395,197.50,197.50,98,297
"Compare_File_186",2,395,197.50,197.50,62,333
"Compare_File_2480",2,395,197.50,197.50,70,325
"Compare_File_3765",2,395,197.50,197.50,12,383
"Compare_File_2819",2,395,197.50,197.50,153,242
"Compare_File_1204",2,395,197.50,197.50,12,383
"Compare_File_3155",2,394,197.00,197.00,20,374
"Compare_File_1345",2,394,197.00,197.00,13,381
"Compare_File_2462",2,393,196.50,196.50,10,383
"Compare_File_1343",2,393,196.50,196.50,10,383
"Compare_File_1086",2,393,196.50,196.50,84,309
"Compare_File_3270",2,393,196.50,196.50,111,282
"Compare_File_1143",2,393,196.50,196.50,140,253
"Compare_File_3854",2,393,196.50,196.50,14,379
"Compare_File_1342",2,392,196.00,196.00,23,369
"Compare_File_1842",2,391,195.50,195.50,188,203
"Compare_File_2182",2,391,195.50,195.50,14,377
"Compare_File_3844",2,390,195.00,195.00,109,281
"Compare_File_530",2,390,195.00,195.00,29,361
"Compare_File_2135",2,390,195.00,195.00,99,291
"Compare_File_272",2,389,194.50,194.50,56,333
"Compare_File_29",2,389,194.50,194.50,56,333
"Compare_File_1076",2,389,194.50,194.50,109,280
"Compare_File_1341",2,389,194.50,194.50,15,374
"Compare_File_3251",2,388,194.00,194.00,70,318
"Compare_File_204",2,388,194.00,194.00,132,256
"Compare_File_3796",2,388,194.00,194.00,170,218
"Compare_File_612",2,387,193.50,193.50,90,297
"Compare_File_905",2,387,193.50,193.50,121,266
"Compare_File_2053",2,387,193.50,193.50,72,315
"Compare_File_3699",2,386,193.00,193.00,80,306
"Compare_File_1346",2,385,192.50,192.50,30,355
"Compare_File_335",2,384,192.00,192.00,15,369
"Compare_File_1423",2,384,192.00,192.00,94,290
"Compare_File_2311",2,384,192.00,192.00,123,261
"Compare_File_3132",2,384,192.00,192.00,53,331
"Compare_File_222",2,384,192.00,192.00,76,308
"Compare_File_3932",2,384,192.00,192.00,103,281
"Compare_File_3106",2,383,191.50,191.50,168,215
"Compare_File_3128",2,383,191.50,191.50,100,283
"Compare_File_2939",2,383,191.50,191.50,28,355
"Compare_File_3334",2,383,191.50,191.50,190,193
"Compare_File_3817",2,381,190.50,190.50,111,270
"Compare_File_451",2,381,190.50,190.50,28,353
"Compare_File_538",2,380,190.00,190.00,49,331
"Compare_File_3019",2,380,190.00,190.00,131,249
"Compare_File_2087",2,380,190.00,190.00,52,328
"Compare_File_3921",2,379,189.50,189.50,30,349
"Compare_File_3097",2,379,189.50,189.50,27,352
"Compare_File_166",2,379,189.50,189.50,181,198
"Compare_File_1024",2,379,189.50,189.50,91,288
"Compare_File_1018",2,377,188.50,188.50,81,296
"Compare_File_3303",2,377,188.50,188.50,56,321
"Compare_File_3509",2,376,188.00,188.00,106,270
"Compare_File_835",2,376,188.00,188.00,117,259
"Compare_File_2577",2,376,188.00,188.00,83,293
"Compare_File_3497",2,376,188.00,188.00,37,339
"Compare_File_2294",2,375,187.50,187.50,74,301
"Compare_File_1865",2,375,187.50,187.50,184,191
"Compare_File_2844",2,373,186.50,186.50,104,269
"Compare_File_3641",2,373,186.50,186.50,20,353
"Compare_File_84",2,372,186.00,186.00,170,202
"Compare_File_1866",2,372,186.00,186.00,122,250
"Compare_File_1242",2,372,186.00,186.00,49,323
"Compare_File_2983",2,372,186.00,186.00,95,277
"Compare_File_2655",2,372,186.00,186.00,145,227
"Compare_File_3824",2,371,185.50,185.50,152,219
"Compare_File_1419",2,371,185.50,185.50,176,195
"Compare_File_2404",2,371,185.50,185.50,58,313
"Compare_File_2888",2,371,185.50,185.50,51,320
"Compare_File_3010",2,371,185.50,185.50,143,228
"Compare_File_3268",2,370,185.00,185.00,103,267
"Compare_File_1799",2,370,185.00,185.00,53,317
"Compare_File_3360",2,370,185.00,185.00,64,306
"Compare_File_1058",2,370,185.00,185.00,146,224
"Compare_File_1654",2,370,185.00,185.00,105,265
"Compare_File_209",2,369,184.50,184.50,43,326
"Compare_File_3467",2,368,184.00,184.00,62,306
"Compare_File_422",2,368,184.00,184.00,29,339
"Compare_File_2390",2,367,183.50,183.50,36,331
"Compare_File_2398",2,367,183.50,183.50,51,316
"Compare_File_400",2,367,183.50,183.50,38,329
"Compare_File_78",2,367,183.50,183.50,180,187
"Compare_File_1712",2,366,183.00,183.00,53,313
"Compare_File_1573",2,366,183.00,183.00,151,215
"Compare_File_3760",2,366,183.00,183.00,12,354
"Compare_File_195",2,366,183.00,183.00,47,319
"Compare_File_3917",2,366,183.00,183.00,15,351
"Compare_File_3227",2,366,183.00,183.00,11,355
"Compare_File_1647",2,365,182.50,182.50,64,301
"Compare_File_617",2,365,182.50,182.50,69,296
"Compare_File_3313",2,365,182.50,182.50,80,285
"Compare_File_3525",2,364,182.00,182.00,95,269
"Compare_File_1088",2,364,182.00,182.00,113,251
"Compare_File_3016",2,363,181.50,181.50,28,335
"Compare_File_1135",2,362,181.00,181.00,172,190
"Compare_File_2440",2,362,181.00,181.00,133,229
"Compare_File_249",2,361,180.50,180.50,71,290
"Compare_File_1084",2,361,180.50,180.50,135,226
"Compare_File_218",2,361,180.50,180.50,115,246
"Compare_File_933",2,360,180.00,180.00,92,268
"Compare_File_2282",2,360,180.00,180.00,81,279
"Compare_File_1038",2,360,180.00,180.00,131,229
"Compare_File_2127",2,360,180.00,180.00,118,242
"Compare_File_248",2,360,180.00,180.00,40,320
"Compare_File_1036",2,359,179.50,179.50,124,235
"Compare_File_3324",2,359,179.50,179.50,63,296
"Compare_File_1376",2,359,179.50,179.50,64,295
"Compare_File_3013",2,359,179.50,179.50,18,341
"Compare_File_143",2,358,179.00,179.00,126,232
"Compare_File_182",2,358,179.00,179.00,115,243
"Compare_File_2544",2,357,178.50,178.50,120,237
"Compare_File_3659",2,357,178.50,178.50,25,332
"Compare_File_3644",2,357,178.50,178.50,136,221
"Compare_File_1964",2,356,178.00,178.00,34,322
"Compare_File_1411",2,356,178.00,178.00,15,341
"Compare_File_1016",2,356,178.00,178.00,53,303
"Compare_File_227",2,356,178.00,178.00,116,240
"Compare_File_1588",2,355,177.50,177.50,113,242
"Compare_File_1598",2,355,177.50,177.50,148,207
"Compare_File_3944",2,354,177.00,177.00,172,182
"Compare_File_219",2,354,177.00,177.00,85,269
"Compare_File_3812",2,353,176.50,176.50,77,276
"Compare_File_3020",2,353,176.50,176.50,129,224
"Compare_File_3064",2,353,176.50,176.50,53,300
"Compare_File_2165",2,352,176.00,176.00,132,220
"Compare_File_183",2,351,175.50,175.50,113,238
"Compare_File_3949",2,351,175.50,175.50,62,289
"Compare_File_223",2,350,175.00,175.00,98,252
"Compare_File_3965",2,350,175.00,175.00,148,202
"Compare_File_3712",2,349,174.50,174.50,63,286
"Compare_File_3459",2,349,174.50,174.50,84,265
"Compare_File_3002",2,349,174.50,174.50,72,277
"Compare_File_2024",2,348,174.00,174.00,67,281
"Compare_File_3707",2,348,174.00,174.00,137,211
"Compare_File_3007",2,347,173.50,173.50,32,315
"Compare_File_1325",2,347,173.50,173.50,135,212
"Compare_File_1362",2,347,173.50,173.50,74,273
"Compare_File_1323",2,347,173.50,173.50,112,235
"Compare_File_1925",2,346,173.00,173.00,77,269
"Compare_File_1121",2,346,173.00,173.00,111,235
"Compare_File_2302",2,346,173.00,173.00,75,271
"Compare_File_1014",2,346,173.00,173.00,15,331
"Compare_File_820",2,346,173.00,173.00,89,257
"Compare_File_2457",2,346,173.00,173.00,87,259
"Compare_File_2556",2,345,172.50,172.50,83,262
"Compare_File_2295",2,345,172.50,172.50,72,273
"Compare_File_2077",2,345,172.50,172.50,50,295
"Compare_File_1638",2,345,172.50,172.50,20,325
"Compare_File_1165",2,344,172.00,172.00,11,333
"Compare_File_1030",2,344,172.00,172.00,92,252
"Compare_File_232",2,344,172.00,172.00,43,301
"Compare_File_1634",2,343,171.50,171.50,35,308
"Compare_File_3228",2,343,171.50,171.50,11,332
"Compare_File_3233",2,342,171.00,171.00,9,333
"Compare_File_57",2,342,171.00,171.00,18,324
"Compare_File_1182",2,342,171.00,171.00,39,303
"Compare_File_342",2,342,171.00,171.00,158,184
"Compare_File_1555",2,342,171.00,171.00,141,201
"Compare_File_1863",2,341,170.50,170.50,145,196
"Compare_File_311",2,340,170.00,170.00,145,195
"Compare_File_1161",2,340,170.00,170.00,73,267
"Compare_File_1855",2,340,170.00,170.00,33,307
"Compare_File_2973",2,339,169.50,169.50,83,256
"Compare_File_136",2,339,169.50,169.50,73,266
"Compare_File_1789",2,339,169.50,169.50,164,175
"Compare_File_207",2,339,169.50,169.50,95,244
"Compare_File_663",2,338,169.00,169.00,33,305
"Compare_File_3060",2,338,169.00,169.00,109,229
"Compare_File_231",2,337,168.50,168.50,79,258
"Compare_File_217",2,337,168.50,168.50,118,219
"Compare_File_3351",2,337,168.50,168.50,149,188
"Compare_File_149",2,337,168.50,168.50,78,259
"Compare_File_3304",2,336,168.00,168.00,44,292
"Compare_File_1055",2,336,168.00,168.00,91,245
"Compare_File_1015",2,335,167.50,167.50,28,307
"Compare_File_278",2,334,167.00,167.00,99,235
"Compare_File_3424",2,334,167.00,167.00,12,322
"Compare_File_2797",2,334,167.00,167.00,15,319
"Compare_File_2877",2,333,166.50,166.50,17,316
"Compare_File_158",2,333,166.50,166.50,48,285
"Compare_File_1040",2,332,166.00,166.00,23,309
"Compare_File_87",2,332,166.00,166.00,145,187
"Compare_File_142",2,332,166.00,166.00,55,277
"Compare_File_618",2,332,166.00,166.00,69,263
"Compare_File_2064",2,331,165.50,165.50,82,249
"Compare_File_2520",2,331,165.50,165.50,73,258
"Compare_File_2209",2,330,165.00,165.00,21,309
"Compare_File_719",2,330,165.00,165.00,134,196
"Compare_File_431",2,330,165.00,165.00,86,244
"Compare_File_831",2,330,165.00,165.00,50,280
"Compare_File_609",2,330,165.00,165.00,63,267
"Compare_File_1800",2,330,165.00,165.00,47,283
"Compare_File_1263",2,329,164.50,164.50,28,301
"Compare_File_817",2,329,164.50,164.50,85,244
"Compare_File_3572",2,329,164.50,164.50,45,284
"Compare_File_2754",2,328,164.00,164.00,60,268
"Compare_File_2977",2,328,164.00,164.00,17,311
"Compare_File_1324",2,328,164.00,164.00,113,215
"Compare_File_514",2,327,163.50,163.50,10,317
"Compare_File_2447",2,327,163.50,163.50,12,315
"Compare_File_2343",2,327,163.50,163.50,143,184
"Compare_File_3044",2,327,163.50,163.50,23,304
"Compare_File_1357",2,327,163.50,163.50,130,197
"Compare_File_221",2,327,163.50,163.50,93,234
"Compare_File_1862",2,326,163.00,163.00,64,262
"Compare_File_2753",2,326,163.00,163.00,44,282
"Compare_File_1201",2,326,163.00,163.00,18,308
"Compare_File_3372",2,325,162.50,162.50,16,309
"Compare_File_2083",2,325,162.50,162.50,48,277
"Compare_File_148",2,325,162.50,162.50,77,248
"Compare_File_3576",2,324,162.00,162.00,114,210
"Compare_File_2857",2,324,162.00,162.00,13,311
"Compare_File_3876",2,324,162.00,162.00,112,212
"Compare_File_3723",2,324,162.00,162.00,103,221
"Compare_File_2715",2,324,162.00,162.00,114,210
"Compare_File_1900",2,324,162.00,162.00,80,244
"Compare_File_2752",2,324,162.00,162.00,44,280
"Compare_File_3832",2,324,162.00,162.00,62,262
"Compare_File_2734",2,324,162.00,162.00,64,260
"Compare_File_2324",2,323,161.50,161.50,83,240
"Compare_File_174",2,323,161.50,161.50,35,288
"Compare_File_251",2,322,161.00,161.00,25,297
"Compare_File_144",2,322,161.00,161.00,102,220
"Compare_File_3808",2,322,161.00,161.00,115,207
"Compare_File_1068",2,322,161.00,161.00,132,190
"Compare_File_672",2,321,160.50,160.50,69,252
"Compare_File_3053",2,321,160.50,160.50,25,296
"Compare_File_3716",2,321,160.50,160.50,68,253
"Compare_File_837",2,321,160.50,160.50,28,293
"Compare_File_1835",2,320,160.00,160.00,50,270
"Compare_File_3557",2,320,160.00,160.00,78,242
"Compare_File_2075",2,320,160.00,160.00,94,226
"Compare_File_2479",2,319,159.50,159.50,21,298
"Compare_File_2929",2,319,159.50,159.50,64,255
"Compare_File_224",2,318,159.00,159.00,56,262
"Compare_File_387",2,318,159.00,159.00,112,206
"Compare_File_1651",2,317,158.50,158.50,27,290
"Compare_File_273",2,317,158.50,158.50,26,291
"Compare_File_2985",2,316,158.00,158.00,10,306
"Compare_File_2672",2,316,158.00,158.00,126,190
"Compare_File_2992",2,316,158.00,158.00,81,235
"Compare_File_513",2,315,157.50,157.50,100,215
"Compare_File_2921",2,315,157.50,157.50,36,279
"Compare_File_2894",2,315,157.50,157.50,23,292
"Compare_File_1369",2,314,157.00,157.00,147,167
"Compare_File_435",2,314,157.00,157.00,10,304
"Compare_File_3249",2,314,157.00,157.00,24,290
"Compare_File_2459",2,314,157.00,157.00,88,226
"Compare_File_1256",2,314,157.00,157.00,9,305
"Compare_File_2908",2,314,157.00,157.00,33,281
"Compare_File_3797",2,313,156.50,156.50,49,264
"Compare_File_3833",2,313,156.50,156.50,48,265
"Compare_File_3942",2,313,156.50,156.50,88,225
"Compare_File_297",2,312,156.00,156.00,125,187
"Compare_File_1129",2,312,156.00,156.00,59,253
"Compare_File_3367",2,312,156.00,156.00,50,262
"Compare_File_475",2,312,156.00,156.00,41,271
"Compare_File_1191",2,311,155.50,155.50,81,230
"Compare_File_2853",2,311,155.50,155.50,115,196
"Compare_File_310",2,311,155.50,155.50,132,179
"Compare_File_2000",2,310,155.00,155.00,114,196
"Compare_File_2117",2,310,155.00,155.00,86,224
"Compare_File_1992",2,310,155.00,155.00,27,283
"Compare_File_2643",2,309,154.50,154.50,132,177
"Compare_File_3084",2,309,154.50,154.50,24,285
"Compare_File_541",2,309,154.50,154.50,9,300
"Compare_File_2370",2,309,154.50,154.50,104,205
"Compare_File_1412",2,308,154.00,154.00,13,295
"Compare_File_611",2,308,154.00,154.00,64,244
"Compare_File_3199",2,308,154.00,154.00,39,269
"Compare_File_2988",2,308,154.00,154.00,42,266
"Compare_File_1146",2,307,153.50,153.50,150,157
"Compare_File_3050",2,307,153.50,153.50,23,284
"Compare_File_2104",2,307,153.50,153.50,97,210
"Compare_File_2058",2,307,153.50,153.50,89,218
"Compare_File_3583",2,307,153.50,153.50,115,192
"Compare_File_3574",2,305,152.50,152.50,127,178
"Compare_File_3794",2,305,152.50,152.50,59,246
"Compare_File_718",2,304,152.00,152.00,106,198
"Compare_File_3885",2,304,152.00,152.00,131,173
"Compare_File_985",2,304,152.00,152.00,116,188
"Compare_File_3550",2,304,152.00,152.00,96,208
"Compare_File_2733",2,304,152.00,152.00,96,208
"Compare_File_855",2,304,152.00,152.00,23,281
"Compare_File_208",2,303,151.50,151.50,104,199
"Compare_File_3758",2,303,151.50,151.50,13,290
"Compare_File_3566",2,303,151.50,151.50,125,178
"Compare_File_3691",2,303,151.50,151.50,74,229
"Compare_File_357",2,303,151.50,151.50,24,279
"Compare_File_260",2,302,151.00,151.00,127,175
"Compare_File_1265",2,302,151.00,151.00,26,276
"Compare_File_2427",2,302,151.00,151.00,140,162
"Compare_File_389",2,301,150.50,150.50,67,234
"Compare_File_912",2,301,150.50,150.50,108,193
"Compare_File_236",2,301,150.50,150.50,31,270
"Compare_File_3186",2,301,150.50,150.50,54,247
"Compare_File_732",2,300,150.00,150.00,22,278
"Compare_File_1406",2,300,150.00,150.00,15,285
"Compare_File_3400",2,299,149.50,149.50,89,210
"Compare_File_1233",2,299,149.50,149.50,9,290
"Compare_File_3600",2,299,149.50,149.50,51,248
"Compare_File_3909",2,298,149.00,149.00,133,165
"Compare_File_294",2,298,149.00,149.00,53,245
"Compare_File_2025",2,298,149.00,149.00,75,223
"Compare_File_1636",2,298,149.00,149.00,101,197
"Compare_File_2861",2,297,148.50,148.50,10,287
"Compare_File_77",2,297,148.50,148.50,115,182
"Compare_File_3655",2,296,148.00,148.00,77,219
"Compare_File_1001",2,296,148.00,148.00,76,220
"Compare_File_423",2,296,148.00,148.00,66,230
"Compare_File_2971",2,296,148.00,148.00,108,188
"Compare_File_3181",2,295,147.50,147.50,78,217
"Compare_File_2876",2,295,147.50,147.50,67,228
"Compare_File_749",2,295,147.50,147.50,135,160
"Compare_File_929",2,295,147.50,147.50,76,219
"Compare_File_152",2,295,147.50,147.50,70,225
"Compare_File_1648",2,295,147.50,147.50,21,274
"Compare_File_72",2,294,147.00,147.00,47,247
"Compare_File_2580",2,294,147.00,147.00,96,198
"Compare_File_2800",2,294,147.00,147.00,138,156
"Compare_File_928",2,294,147.00,147.00,59,235
"Compare_File_3559",2,294,147.00,147.00,110,184
"Compare_File_3146",2,294,147.00,147.00,142,152
"Compare_File_1007",2,294,147.00,147.00,33,261
"Compare_File_239",2,293,146.50,146.50,70,223
"Compare_File_2593",2,293,146.50,146.50,36,257
"Compare_File_76",2,293,146.50,146.50,48,245
"Compare_File_1548",2,293,146.50,146.50,38,255
"Compare_File_1097",2,293,146.50,146.50,144,149
"Compare_File_1309",2,293,146.50,146.50,83,210
"Compare_File_3515",2,292,146.00,146.00,14,278
"Compare_File_259",2,292,146.00,146.00,74,218
"Compare_File_2026",2,292,146.00,146.00,45,247
"Compare_File_2639",2,292,146.00,146.00,142,150
"Compare_File_641",2,291,145.50,145.50,23,268
"Compare_File_2069",2,291,145.50,145.50,62,229
"Compare_File_2433",2,291,145.50,145.50,25,266
"Compare_File_3361",2,291,145.50,145.50,11,280
"Compare_File_3049",2,291,145.50,145.50,18,273
"Compare_File_2023",2,291,145.50,145.50,81,210
"Compare_File_765",2,290,145.00,145.00,132,158
"Compare_File_1652",2,290,145.00,145.00,20,270
"Compare_File_931",2,290,145.00,145.00,19,271
"Compare_File_3966",2,290,145.00,145.00,119,171
"Compare_File_1039",2,289,144.50,144.50,97,192
"Compare_File_750",2,288,144.00,144.00,131,157
"Compare_File_3319",2,288,144.00,144.00,46,242
"Compare_File_1132",2,288,144.00,144.00,37,251
"Compare_File_857",2,287,143.50,143.50,8,279
"Compare_File_3154",2,287,143.50,143.50,75,212
"Compare_File_3441",2,287,143.50,143.50,59,228
"Compare_File_31",2,287,143.50,143.50,49,238
"Compare_File_1825",2,286,143.00,143.00,35,251
"Compare_File_1982",2,286,143.00,143.00,12,274
"Compare_File_3018",2,286,143.00,143.00,10,276
"Compare_File_81",2,286,143.00,143.00,28,258
"Compare_File_1597",2,285,142.50,142.50,142,143
"Compare_File_220",2,285,142.50,142.50,84,201
"Compare_File_2790",2,285,142.50,142.50,18,267
"Compare_File_1208",2,285,142.50,142.50,31,254
"Compare_File_1025",2,285,142.50,142.50,28,257
"Compare_File_1923",2,284,142.00,142.00,19,265
"Compare_File_177",2,284,142.00,142.00,133,151
"Compare_File_449",2,284,142.00,142.00,28,256
"Compare_File_1760",2,283,141.50,141.50,114,169
"Compare_File_1703",2,283,141.50,141.50,27,256
"Compare_File_3245",2,283,141.50,141.50,96,187
"Compare_File_1101",2,283,141.50,141.50,109,174
"Compare_File_1968",2,283,141.50,141.50,85,198
"Compare_File_2758",2,282,141.00,141.00,18,264
"Compare_File_1656",2,282,141.00,141.00,62,220
"Compare_File_226",2,282,141.00,141.00,89,193
"Compare_File_1305",2,282,141.00,141.00,128,154
"Compare_File_3314",2,281,140.50,140.50,133,148
"Compare_File_3012",2,281,140.50,140.50,95,186
"Compare_File_664",2,281,140.50,140.50,85,196
"Compare_File_176",2,281,140.50,140.50,131,150
"Compare_File_2242",2,281,140.50,140.50,19,262
"Compare_File_696",2,280,140.00,140.00,134,146
"Compare_File_1027",2,280,140.00,140.00,128,152
"Compare_File_939",2,280,140.00,140.00,10,270
"Compare_File_83",2,279,139.50,139.50,113,166
"Compare_File_2468",2,279,139.50,139.50,119,160
"Compare_File_969",2,279,139.50,139.50,96,183
"Compare_File_3048",2,279,139.50,139.50,40,239
"Compare_File_2874",2,279,139.50,139.50,78,201
"Compare_File_3903",2,279,139.50,139.50,93,186
"Compare_File_1031",2,279,139.50,139.50,30,249
"Compare_File_1662",2,279,139.50,139.50,53,226
"Compare_File_1779",2,279,139.50,139.50,119,160
"Compare_File_2297",2,279,139.50,139.50,80,199
"Compare_File_2502",2,278,139.00,139.00,22,256
"Compare_File_2080",2,278,139.00,139.00,78,200
"Compare_File_147",2,278,139.00,139.00,99,179
"Compare_File_3616",2,278,139.00,139.00,95,183
"Compare_File_181",2,277,138.50,138.50,64,213
"Compare_File_1616",2,277,138.50,138.50,10,267
"Compare_File_1708",2,276,138.00,138.00,123,153
"Compare_File_421",2,276,138.00,138.00,18,258
"Compare_File_606",2,276,138.00,138.00,113,163
"Compare_File_3629",2,276,138.00,138.00,100,176
"Compare_File_951",2,276,138.00,138.00,95,181
"Compare_File_258",2,275,137.50,137.50,94,181
"Compare_File_2232",2,275,137.50,137.50,72,203
"Compare_File_1284",2,275,137.50,137.50,75,200
"Compare_File_3607",2,275,137.50,137.50,91,184
"Compare_File_2140",2,275,137.50,137.50,75,200
"Compare_File_1329",2,275,137.50,137.50,114,161
"Compare_File_1937",2,275,137.50,137.50,47,228
"Compare_File_1360",2,275,137.50,137.50,89,186
"Compare_File_1290",2,274,137.00,137.00,95,179
"Compare_File_3946",2,274,137.00,137.00,11,263
"Compare_File_228",2,274,137.00,137.00,62,212
"Compare_File_1389",2,274,137.00,137.00,102,172
"Compare_File_2627",2,274,137.00,137.00,54,220
"Compare_File_1860",2,273,136.50,136.50,57,216
"Compare_File_1550",2,273,136.50,136.50,128,145
"Compare_File_764",2,273,136.50,136.50,122,151
"Compare_File_686",2,272,136.00,136.00,46,226
"Compare_File_2918",2,272,136.00,136.00,81,191
"Compare_File_3301",2,272,136.00,136.00,44,228
"Compare_File_2863",2,272,136.00,136.00,9,263
"Compare_File_3288",2,272,136.00,136.00,51,221
"Compare_File_25",2,271,135.50,135.50,37,234
"Compare_File_3110",2,271,135.50,135.50,16,255
"Compare_File_767",2,271,135.50,135.50,124,147
"Compare_File_942",2,271,135.50,135.50,104,167
"Compare_File_761",2,271,135.50,135.50,132,139
"Compare_File_3543",2,271,135.50,135.50,71,200
"Compare_File_1189",2,271,135.50,135.50,117,154
"Compare_File_3190",2,271,135.50,135.50,59,212
"Compare_File_371",2,270,135.00,135.00,91,179
"Compare_File_3835",2,270,135.00,135.00,10,260
"Compare_File_210",2,270,135.00,135.00,97,173
"Compare_File_3195",2,270,135.00,135.00,26,244
"Compare_File_3752",2,270,135.00,135.00,58,212
"Compare_File_3571",2,269,134.50,134.50,29,240
"Compare_File_3681",2,269,134.50,134.50,55,214
"Compare_File_2751",2,269,134.50,134.50,50,219
"Compare_File_2739",2,269,134.50,134.50,90,179
"Compare_File_2066",2,268,134.00,134.00,71,197
"Compare_File_709",2,268,134.00,134.00,38,230
"Compare_File_233",2,268,134.00,134.00,58,210
"Compare_File_2993",2,268,134.00,134.00,23,245
"Compare_File_1766",2,268,134.00,134.00,118,150
"Compare_File_1137",2,268,134.00,134.00,120,148
"Compare_File_3090",2,268,134.00,134.00,100,168
"Compare_File_1340",2,267,133.50,133.50,23,244
"Compare_File_938",2,267,133.50,133.50,13,254
"Compare_File_3654",2,267,133.50,133.50,36,231
"Compare_File_552",2,267,133.50,133.50,14,253
"Compare_File_1408",2,267,133.50,133.50,61,206
"Compare_File_1328",2,267,133.50,133.50,120,147
"Compare_File_1363",2,266,133.00,133.00,48,218
"Compare_File_3405",2,266,133.00,133.00,76,190
"Compare_File_622",2,266,133.00,133.00,58,208
"Compare_File_2998",2,266,133.00,133.00,110,156
"Compare_File_3336",2,265,132.50,132.50,38,227
"Compare_File_3358",2,265,132.50,132.50,128,137
"Compare_File_1912",2,265,132.50,132.50,118,147
"Compare_File_159",2,265,132.50,132.50,36,229
"Compare_File_2592",2,265,132.50,132.50,47,218
"Compare_File_1801",2,265,132.50,132.50,52,213
"Compare_File_424",2,264,132.00,132.00,54,210
"Compare_File_1297",2,264,132.00,132.00,108,156
"Compare_File_2979",2,264,132.00,132.00,81,183
"Compare_File_1215",2,264,132.00,132.00,27,237
"Compare_File_658",2,264,132.00,132.00,37,227
"Compare_File_615",2,263,131.50,131.50,44,219
"Compare_File_3804",2,263,131.50,131.50,121,142
"Compare_File_2823",2,263,131.50,131.50,75,188
"Compare_File_2319",2,263,131.50,131.50,120,143
"Compare_File_2138",2,263,131.50,131.50,20,243
"Compare_File_2586",2,263,131.50,131.50,45,218
"Compare_File_3188",2,262,131.00,131.00,47,215
"Compare_File_1359",2,262,131.00,131.00,127,135
"Compare_File_1669",2,262,131.00,131.00,31,231
"Compare_File_30",2,262,131.00,131.00,32,230
"Compare_File_3597",2,262,131.00,131.00,11,251
"Compare_File_1864",2,262,131.00,131.00,78,184
"Compare_File_2402",2,262,131.00,131.00,119,143
"Compare_File_662",2,261,130.50,130.50,27,234
"Compare_File_3569",2,261,130.50,130.50,59,202
"Compare_File_3960",2,261,130.50,130.50,109,152
"Compare_File_983",2,261,130.50,130.50,95,166
"Compare_File_2231",2,261,130.50,130.50,50,211
"Compare_File_870",2,261,130.50,130.50,25,236
"Compare_File_3911",2,261,130.50,130.50,12,249
"Compare_File_3494",2,261,130.50,130.50,102,159
"Compare_File_893",2,260,130.00,130.00,36,224
"Compare_File_3631",2,260,130.00,130.00,94,166
"Compare_File_2351",2,260,130.00,130.00,20,240
"Compare_File_3406",2,260,130.00,130.00,52,208
"Compare_File_140",2,260,130.00,130.00,114,146
"Compare_File_2614",2,260,130.00,130.00,10,250
"Compare_File_2821",2,260,130.00,130.00,107,153
"Compare_File_1570",2,259,129.50,129.50,22,237
"Compare_File_3582",2,259,129.50,129.50,70,189
"Compare_File_3685",2,259,129.50,129.50,28,231
"Compare_File_135",2,259,129.50,129.50,103,156
"Compare_File_803",2,259,129.50,129.50,101,158
"Compare_File_384",2,259,129.50,129.50,118,141
"Compare_File_3440",2,259,129.50,129.50,89,170
"Compare_File_3384",2,259,129.50,129.50,18,241
"Compare_File_3118",2,258,129.00,129.00,12,246
"Compare_File_1965",2,258,129.00,129.00,69,189
"Compare_File_2665",2,258,129.00,129.00,95,163
"Compare_File_1269",2,258,129.00,129.00,17,241
"Compare_File_2909",2,257,128.50,128.50,44,213
"Compare_File_2228",2,257,128.50,128.50,122,135
"Compare_File_3873",2,257,128.50,128.50,42,215
"Compare_File_2789",2,257,128.50,128.50,10,247
"Compare_File_3914",2,256,128.00,128.00,27,229
"Compare_File_2170",2,256,128.00,128.00,87,169
"Compare_File_1576",2,256,128.00,128.00,19,237
"Compare_File_3625",2,256,128.00,128.00,83,173
"Compare_File_178",2,256,128.00,128.00,46,210
"Compare_File_2994",2,255,127.50,127.50,20,235
"Compare_File_3778",2,255,127.50,127.50,10,245
"Compare_File_1012",2,254,127.00,127.00,92,162
"Compare_File_3900",2,254,127.00,127.00,14,240
"Compare_File_1990",2,254,127.00,127.00,122,132
"Compare_File_2270",2,254,127.00,127.00,79,175
"Compare_File_3177",2,254,127.00,127.00,12,242
"Compare_File_95",2,254,127.00,127.00,101,153
"Compare_File_2676",2,253,126.50,126.50,11,242
"Compare_File_807",2,253,126.50,126.50,101,152
"Compare_File_216",2,253,126.50,126.50,115,138
"Compare_File_2526",2,252,126.00,126.00,112,140
"Compare_File_3878",2,252,126.00,126.00,45,207
"Compare_File_3913",2,252,126.00,126.00,10,242
"Compare_File_2430",2,252,126.00,126.00,82,170
"Compare_File_2004",2,252,126.00,126.00,19,233
"Compare_File_401",2,252,126.00,126.00,70,182
"Compare_File_3496",2,252,126.00,126.00,96,156
"Compare_File_2702",2,252,126.00,126.00,125,127
"Compare_File_621",2,252,126.00,126.00,70,182
"Compare_File_690",2,251,125.50,125.50,58,193
"Compare_File_1260",2,251,125.50,125.50,87,164
"Compare_File_1373",2,251,125.50,125.50,74,177
"Compare_File_1827",2,251,125.50,125.50,82,169
"Compare_File_958",2,251,125.50,125.50,119,132
"Compare_File_157",2,250,125.00,125.00,17,233
"Compare_File_1951",2,250,125.00,125.00,41,209
"Compare_File_3590",2,250,125.00,125.00,50,200
"Compare_File_154",2,250,125.00,125.00,72,178
"Compare_File_3784",2,249,124.50,124.50,12,237
"Compare_File_2611",2,249,124.50,124.50,86,163
"Compare_File_427",2,248,124.00,124.00,49,199
"Compare_File_263",2,248,124.00,124.00,26,222
"Compare_File_3889",2,248,124.00,124.00,18,230
"Compare_File_943",2,248,124.00,124.00,10,238
"Compare_File_1980",2,248,124.00,124.00,32,216
"Compare_File_1967",2,247,123.50,123.50,56,191
"Compare_File_3244",2,247,123.50,123.50,73,174
"Compare_File_1665",2,247,123.50,123.50,16,231
"Compare_File_3874",2,247,123.50,123.50,67,180
"Compare_File_2711",2,247,123.50,123.50,24,223
"Compare_File_3074",2,246,123.00,123.00,11,235
"Compare_File_2574",2,246,123.00,123.00,43,203
"Compare_File_3621",2,246,123.00,123.00,89,157
"Compare_File_711",2,246,123.00,123.00,31,215
"Compare_File_3403",2,246,123.00,123.00,30,216
"Compare_File_1771",2,246,123.00,123.00,104,142
"Compare_File_1293",2,246,123.00,123.00,102,144
"Compare_File_856",2,246,123.00,123.00,87,159
"Compare_File_2240",2,246,123.00,123.00,61,185
"Compare_File_510",2,246,123.00,123.00,19,227
"Compare_File_2954",2,245,122.50,122.50,12,233
"Compare_File_117",2,245,122.50,122.50,73,172
"Compare_File_2196",2,245,122.50,122.50,52,193
"Compare_File_2720",2,245,122.50,122.50,116,129
"Compare_File_2060",2,245,122.50,122.50,32,213
"Compare_File_1757",2,245,122.50,122.50,105,140
"Compare_File_229",2,245,122.50,122.50,48,197
"Compare_File_3123",2,245,122.50,122.50,23,222
"Compare_File_1273",2,245,122.50,122.50,99,146
"Compare_File_3663",2,244,122.00,122.00,43,201
"Compare_File_2732",2,244,122.00,122.00,27,217
"Compare_File_430",2,244,122.00,122.00,23,221
"Compare_File_3736",2,244,122.00,122.00,14,230
"Compare_File_1312",2,244,122.00,122.00,9,235
"Compare_File_557",2,243,121.50,121.50,10,233
"Compare_File_3660",2,243,121.50,121.50,34,209
"Compare_File_3615",2,243,121.50,121.50,20,223
"Compare_File_2412",2,243,121.50,121.50,18,225
"Compare_File_2022",2,243,121.50,121.50,61,182
"Compare_File_2265",2,243,121.50,121.50,113,130
"Compare_File_119",2,243,121.50,121.50,60,183
"Compare_File_932",2,243,121.50,121.50,13,230
"Compare_File_58",2,243,121.50,121.50,24,219
"Compare_File_2521",2,242,121.00,121.00,21,221
"Compare_File_102",2,242,121.00,121.00,9,233
"Compare_File_1959",2,242,121.00,121.00,57,185
"Compare_File_2572",2,242,121.00,121.00,44,198
"Compare_File_137",2,242,121.00,121.00,73,169
"Compare_File_71",2,241,120.50,120.50,56,185
"Compare_File_1833",2,241,120.50,120.50,96,145
"Compare_File_2014",2,241,120.50,120.50,88,153
"Compare_File_799",2,240,120.00,120.00,101,139
"Compare_File_1831",2,240,120.00,120.00,12,228
"Compare_File_3643",2,240,120.00,120.00,50,190
"Compare_File_906",2,240,120.00,120.00,106,134
"Compare_File_801",2,240,120.00,120.00,99,141
"Compare_File_1946",2,240,120.00,120.00,109,131
"Compare_File_2061",2,240,120.00,120.00,104,136
"Compare_File_927",2,240,120.00,120.00,13,227
"Compare_File_2314",2,240,120.00,120.00,68,172
"Compare_File_3646",2,239,119.50,119.50,90,149
"Compare_File_731",2,239,119.50,119.50,103,136
"Compare_File_1668",2,239,119.50,119.50,26,213
"Compare_File_3369",2,239,119.50,119.50,9,230
"Compare_File_2978",2,239,119.50,119.50,15,224
"Compare_File_2668",2,239,119.50,119.50,88,151
"Compare_File_1178",2,239,119.50,119.50,39,200
"Compare_File_2216",2,239,119.50,119.50,92,147
"Compare_File_798",2,239,119.50,119.50,77,162
"Compare_File_625",2,238,119.00,119.00,42,196
"Compare_File_3684",2,238,119.00,119.00,88,150
"Compare_File_1857",2,237,118.50,118.50,73,164
"Compare_File_2241",2,237,118.50,118.50,82,155
"Compare_File_913",2,237,118.50,118.50,117,120
"Compare_File_2997",2,237,118.50,118.50,19,218
"Compare_File_630",2,237,118.50,118.50,83,154
"Compare_File_3925",2,237,118.50,118.50,17,220
"Compare_File_988",2,236,118.00,118.00,113,123
"Compare_File_954",2,236,118.00,118.00,22,214
"Compare_File_267",2,236,118.00,118.00,65,171
"Compare_File_111",2,236,118.00,118.00,24,212
"Compare_File_2765",2,236,118.00,118.00,18,218
"Compare_File_598",2,236,118.00,118.00,81,155
"Compare_File_605",2,236,118.00,118.00,56,180
"Compare_File_3330",2,236,118.00,118.00,58,178
"Compare_File_595",2,236,118.00,118.00,112,124
"Compare_File_240",2,236,118.00,118.00,41,195
"Compare_File_3409",2,235,117.50,117.50,32,203
"Compare_File_254",2,235,117.50,117.50,35,200
"Compare_File_3551",2,235,117.50,117.50,82,153
"Compare_File_3371",2,235,117.50,117.50,10,225
"Compare_File_3189",2,234,117.00,117.00,26,208
"Compare_File_225",2,234,117.00,117.00,44,190
"Compare_File_392",2,234,117.00,117.00,23,211
"Compare_File_3826",2,234,117.00,117.00,79,155
"Compare_File_3608",2,234,117.00,117.00,46,188
"Compare_File_3107",2,234,117.00,117.00,10,224
"Compare_File_2180",2,234,117.00,117.00,14,220
"Compare_File_2320",2,234,117.00,117.00,43,191
"Compare_File_3650",2,233,116.50,116.50,10,223
"Compare_File_1172",2,233,116.50,116.50,16,217
"Compare_File_3883",2,233,116.50,116.50,45,188
"Compare_File_1752",2,233,116.50,116.50,53,180
"Compare_File_453",2,233,116.50,116.50,111,122
"Compare_File_1192",2,232,116.00,116.00,96,136
"Compare_File_1364",2,232,116.00,116.00,13,219
"Compare_File_2256",2,232,116.00,116.00,115,117
"Compare_File_1094",2,232,116.00,116.00,44,188
"Compare_File_1127",2,232,116.00,116.00,59,173
"Compare_File_1301",2,232,116.00,116.00,21,211
"Compare_File_1288",2,232,116.00,116.00,22,210
"Compare_File_1778",2,232,116.00,116.00,23,209
"Compare_File_3500",2,232,116.00,116.00,24,208
"Compare_File_3743",2,232,116.00,116.00,19,213
"Compare_File_1729",2,231,115.50,115.50,44,187
"Compare_File_3620",2,231,115.50,115.50,59,172
"Compare_File_2922",2,231,115.50,115.50,17,214
"Compare_File_624",2,230,115.00,115.00,33,197
"Compare_File_215",2,230,115.00,115.00,86,144
"Compare_File_1730",2,230,115.00,115.00,10,220
"Compare_File_213",2,230,115.00,115.00,111,119
"Compare_File_1126",2,230,115.00,115.00,55,175
"Compare_File_989",2,230,115.00,115.00,109,121
"Compare_File_1969",2,230,115.00,115.00,80,150
"Compare_File_2032",2,229,114.50,114.50,73,156
"Compare_File_2068",2,229,114.50,114.50,70,159
"Compare_File_1160",2,229,114.50,114.50,27,202
"Compare_File_1942",2,229,114.50,114.50,11,218
"Compare_File_2613",2,229,114.50,114.50,45,184
"Compare_File_3561",2,229,114.50,114.50,45,184
"Compare_File_2830",2,229,114.50,114.50,80,149
"Compare_File_824",2,229,114.50,114.50,91,138
"Compare_File_974",2,229,114.50,114.50,67,162
"Compare_File_3558",2,229,114.50,114.50,69,160
"Compare_File_804",2,228,114.00,114.00,80,148
"Compare_File_1379",2,228,114.00,114.00,81,147
"Compare_File_997",2,228,114.00,114.00,100,128
"Compare_File_212",2,228,114.00,114.00,78,150
"Compare_File_762",2,228,114.00,114.00,95,133
"Compare_File_2956",2,228,114.00,114.00,15,213
"Compare_File_1292",2,228,114.00,114.00,18,210
"Compare_File_924",2,228,114.00,114.00,14,214
"Compare_File_3347",2,228,114.00,114.00,18,210
"Compare_File_3341",2,227,113.50,113.50,21,206
"Compare_File_1943",2,227,113.50,113.50,26,201
"Compare_File_255",2,227,113.50,113.50,34,193
"Compare_File_1336",2,227,113.50,113.50,9,218
"Compare_File_1243",2,227,113.50,113.50,105,122
"Compare_File_235",2,227,113.50,113.50,95,132
"Compare_File_2236",2,227,113.50,113.50,86,141
"Compare_File_728",2,226,113.00,113.00,10,216
"Compare_File_3701",2,226,113.00,113.00,61,165
"Compare_File_92",2,226,113.00,113.00,33,193
"Compare_File_1213",2,226,113.00,113.00,43,183
"Compare_File_1987",2,226,113.00,113.00,97,129
"Compare_File_2762",2,225,112.50,112.50,84,141
"Compare_File_1380",2,225,112.50,112.50,59,166
"Compare_File_3067",2,225,112.50,112.50,56,169
"Compare_File_720",2,225,112.50,112.50,111,114
"Compare_File_1350",2,225,112.50,112.50,10,215
"Compare_File_3174",2,225,112.50,112.50,73,152
"Compare_File_2211",2,225,112.50,112.50,99,126
"Compare_File_55",2,225,112.50,112.50,30,195
"Compare_File_780",2,225,112.50,112.50,35,190
"Compare_File_623",2,224,112.00,112.00,33,191
"Compare_File_2727",2,224,112.00,112.00,38,186
"Compare_File_1733",2,224,112.00,112.00,19,205
"Compare_File_808",2,224,112.00,112.00,75,149
"Compare_File_2498",2,224,112.00,112.00,9,215
"Compare_File_3580",2,223,111.50,111.50,51,172
"Compare_File_3757",2,223,111.50,111.50,48,175
"Compare_File_673",2,223,111.50,111.50,48,175
"Compare_File_1035",2,222,111.00,111.00,37,185
"Compare_File_3342",2,222,111.00,111.00,37,185
"Compare_File_301",2,222,111.00,111.00,27,195
"Compare_File_1672",2,222,111.00,111.00,17,205
"Compare_File_935",2,222,111.00,111.00,18,204
"Compare_File_1316",2,222,111.00,111.00,8,214
"Compare_File_408",2,222,111.00,111.00,67,155
"Compare_File_40",2,222,111.00,111.00,10,212
"Compare_File_3867",2,222,111.00,111.00,35,187
"Compare_File_3014",2,221,110.50,110.50,15,206
"Compare_File_253",2,221,110.50,110.50,23,198
"Compare_File_3855",2,221,110.50,110.50,11,210
"Compare_File_613",2,221,110.50,110.50,33,188
"Compare_File_3481",2,221,110.50,110.50,74,147
"Compare_File_3331",2,221,110.50,110.50,22,199
"Compare_File_3748",2,221,110.50,110.50,28,193
"Compare_File_3159",2,221,110.50,110.50,90,131
"Compare_File_923",2,221,110.50,110.50,15,206
"Compare_File_1941",2,220,110.00,110.00,12,208
"Compare_File_3034",2,220,110.00,110.00,25,195
"Compare_File_800",2,220,110.00,110.00,95,125
"Compare_File_1310",2,220,110.00,110.00,36,184
"Compare_File_1955",2,220,110.00,110.00,25,195
"Compare_File_2522",2,220,110.00,110.00,100,120
"Compare_File_1513",2,220,110.00,110.00,22,198
"Compare_File_879",2,220,110.00,110.00,31,189
"Compare_File_996",2,220,110.00,110.00,91,129
"Compare_File_2549",2,219,109.50,109.50,106,113
"Compare_File_2547",2,219,109.50,109.50,92,127
"Compare_File_3476",2,219,109.50,109.50,62,157
"Compare_File_2795",2,219,109.50,109.50,109,110
"Compare_File_2452",2,219,109.50,109.50,52,167
"Compare_File_492",2,219,109.50,109.50,8,211
"Compare_File_1125",2,219,109.50,109.50,62,157
"Compare_File_3235",2,218,109.00,109.00,11,207
"Compare_File_703",2,218,109.00,109.00,67,151
"Compare_File_2253",2,218,109.00,109.00,49,169
"Compare_File_2065",2,218,109.00,109.00,75,143
"Compare_File_2975",2,218,109.00,109.00,13,205
"Compare_File_2637",2,218,109.00,109.00,70,148
"Compare_File_1854",2,218,109.00,109.00,87,131
"Compare_File_171",2,218,109.00,109.00,64,154
"Compare_File_3402",2,217,108.50,108.50,34,183
"Compare_File_3413",2,217,108.50,108.50,42,175
"Compare_File_331",2,217,108.50,108.50,36,181
"Compare_File_3202",2,217,108.50,108.50,19,198
"Compare_File_3491",2,216,108.00,108.00,105,111
"Compare_File_3300",2,216,108.00,108.00,101,115
"Compare_File_3705",2,216,108.00,108.00,78,138
"Compare_File_1044",2,216,108.00,108.00,20,196
"Compare_File_323",2,216,108.00,108.00,83,133
"Compare_File_2928",2,216,108.00,108.00,83,133
"Compare_File_812",2,216,108.00,108.00,62,154
"Compare_File_2961",2,215,107.50,107.50,13,202
"Compare_File_844",2,215,107.50,107.50,97,118
"Compare_File_150",2,215,107.50,107.50,61,154
"Compare_File_1568",2,215,107.50,107.50,51,164
"Compare_File_3613",2,215,107.50,107.50,76,139
"Compare_File_2041",2,215,107.50,107.50,56,159
"Compare_File_1300",2,215,107.50,107.50,96,119
"Compare_File_3355",2,215,107.50,107.50,39,176
"Compare_File_2478",2,214,107.00,107.00,42,172
"Compare_File_986",2,214,107.00,107.00,96,118
"Compare_File_2584",2,214,107.00,107.00,40,174
"Compare_File_2912",2,214,107.00,107.00,90,124
"Compare_File_3935",2,214,107.00,107.00,25,189
"Compare_File_779",2,214,107.00,107.00,22,192
"Compare_File_3139",2,214,107.00,107.00,28,186
"Compare_File_3205",2,214,107.00,107.00,48,166
"Compare_File_2650",2,214,107.00,107.00,64,150
"Compare_File_3378",2,214,107.00,107.00,70,144
"Compare_File_2308",2,213,106.50,106.50,85,128
"Compare_File_3169",2,213,106.50,106.50,62,151
"Compare_File_628",2,213,106.50,106.50,35,178
"Compare_File_1591",2,213,106.50,106.50,26,187
"Compare_File_2803",2,213,106.50,106.50,90,123
"Compare_File_2798",2,213,106.50,106.50,11,202
"Compare_File_3733",2,212,106.00,106.00,32,180
"Compare_File_3836",2,212,106.00,106.00,77,135
"Compare_File_376",2,212,106.00,106.00,12,200
"Compare_File_332",2,212,106.00,106.00,43,169
"Compare_File_1052",2,212,106.00,106.00,60,152
"Compare_File_3886",2,212,106.00,106.00,102,110
"Compare_File_164",2,212,106.00,106.00,67,145
"Compare_File_1410",2,212,106.00,106.00,12,200
"Compare_File_2204",2,212,106.00,106.00,30,182
"Compare_File_340",2,211,105.50,105.50,10,201
"Compare_File_3692",2,211,105.50,105.50,53,158
"Compare_File_3936",2,211,105.50,105.50,18,193
"Compare_File_1437",2,211,105.50,105.50,23,188
"Compare_File_2776",2,211,105.50,105.50,17,194
"Compare_File_2652",2,211,105.50,105.50,95,116
"Compare_File_2167",2,211,105.50,105.50,70,141
"Compare_File_3410",2,210,105.00,105.00,56,154
"Compare_File_2519",2,210,105.00,105.00,77,133
"Compare_File_339",2,210,105.00,105.00,61,149
"Compare_File_2277",2,210,105.00,105.00,91,119
"Compare_File_685",2,210,105.00,105.00,33,177
"Compare_File_3040",2,210,105.00,105.00,15,195
"Compare_File_2254",2,210,105.00,105.00,91,119
"Compare_File_1883",2,210,105.00,105.00,97,113
"Compare_File_1298",2,209,104.50,104.50,31,178
"Compare_File_3236",2,209,104.50,104.50,10,199
"Compare_File_3875",2,209,104.50,104.50,33,176
"Compare_File_1428",2,209,104.50,104.50,87,122
"Compare_File_1180",2,209,104.50,104.50,60,149
"Compare_File_101",2,209,104.50,104.50,17,192
"Compare_File_3926",2,209,104.50,104.50,53,156
"Compare_File_539",2,209,104.50,104.50,10,199
"Compare_File_3069",2,209,104.50,104.50,18,191
"Compare_File_3490",2,208,104.00,104.00,52,156
"Compare_File_3916",2,208,104.00,104.00,16,192
"Compare_File_998",2,208,104.00,104.00,89,119
"Compare_File_896",2,208,104.00,104.00,59,149
"Compare_File_3845",2,208,104.00,104.00,54,154
"Compare_File_3122",2,208,104.00,104.00,71,137
"Compare_File_1956",2,207,103.50,103.50,77,130
"Compare_File_3872",2,207,103.50,103.50,31,176
"Compare_File_3962",2,207,103.50,103.50,102,105
"Compare_File_2802",2,207,103.50,103.50,70,137
"Compare_File_245",2,207,103.50,103.50,97,110
"Compare_File_3184",2,207,103.50,103.50,88,119
"Compare_File_2246",2,207,103.50,103.50,66,141
"Compare_File_3157",2,207,103.50,103.50,27,180
"Compare_File_1627",2,207,103.50,103.50,94,113
"Compare_File_1962",2,207,103.50,103.50,90,117
"Compare_File_314",2,207,103.50,103.50,56,151
"Compare_File_3153",2,207,103.50,103.50,44,163
"Compare_File_2098",2,206,103.00,103.00,77,129
"Compare_File_2833",2,206,103.00,103.00,75,131
"Compare_File_1375",2,206,103.00,103.00,29,177
"Compare_File_1322",2,206,103.00,103.00,99,107
"Compare_File_1748",2,206,103.00,103.00,19,187
"Compare_File_3210",2,206,103.00,103.00,29,177
"Compare_File_3964",2,206,103.00,103.00,14,192
"Compare_File_241",2,206,103.00,103.00,56,150
"Compare_File_3386",2,206,103.00,103.00,61,145
"Compare_File_902",2,206,103.00,103.00,59,147
"Compare_File_2147",2,206,103.00,103.00,20,186
"Compare_File_3606",2,206,103.00,103.00,96,110
"Compare_File_3401",2,205,102.50,102.50,84,121
"Compare_File_920",2,205,102.50,102.50,84,121
"Compare_File_1168",2,205,102.50,102.50,17,188
"Compare_File_3031",2,205,102.50,102.50,10,195
"Compare_File_2604",2,205,102.50,102.50,16,189
"Compare_File_547",2,205,102.50,102.50,25,180
"Compare_File_2199",2,205,102.50,102.50,44,161
"Compare_File_3111",2,205,102.50,102.50,50,155
"Compare_File_1093",2,205,102.50,102.50,64,141
"Compare_File_2671",2,204,102.00,102.00,23,181
"Compare_File_194",2,204,102.00,102.00,84,120
"Compare_File_816",2,204,102.00,102.00,80,124
"Compare_File_3329",2,204,102.00,102.00,21,183
"Compare_File_955",2,204,102.00,102.00,44,160
"Compare_File_1203",2,204,102.00,102.00,10,194
"Compare_File_1727",2,204,102.00,102.00,22,182
"Compare_File_671",2,204,102.00,102.00,71,133
"Compare_File_1538",2,204,102.00,102.00,53,151
"Compare_File_1753",2,203,101.50,101.50,87,116
"Compare_File_2249",2,203,101.50,101.50,63,140
"Compare_File_3618",2,203,101.50,101.50,77,126
"Compare_File_3343",2,203,101.50,101.50,76,127
"Compare_File_322",2,203,101.50,101.50,79,124
"Compare_File_3847",2,203,101.50,101.50,81,122
"Compare_File_2841",2,202,101.00,101.00,94,108
"Compare_File_655",2,202,101.00,101.00,46,156
"Compare_File_1313",2,202,101.00,101.00,10,192
"Compare_File_745",2,202,101.00,101.00,76,126
"Compare_File_3208",2,202,101.00,101.00,20,182
"Compare_File_2097",2,202,101.00,101.00,19,183
"Compare_File_2559",2,201,100.50,100.50,72,129
"Compare_File_1958",2,201,100.50,100.50,16,185
"Compare_File_2448",2,201,100.50,100.50,96,105
"Compare_File_2076",2,201,100.50,100.50,93,108
"Compare_File_560",2,201,100.50,100.50,23,178
"Compare_File_1909",2,201,100.50,100.50,67,134
"Compare_File_3943",2,201,100.50,100.50,53,148
"Compare_File_3115",2,200,100.00,100.00,93,107
"Compare_File_1682",2,200,100.00,100.00,10,190
"Compare_File_1709",2,200,100.00,100.00,85,115
"Compare_File_2442",2,200,100.00,100.00,63,137
"Compare_File_2120",2,200,100.00,100.00,64,136
"Compare_File_3881",2,200,100.00,100.00,19,181
"Compare_File_3309",2,200,100.00,100.00,94,106
"Compare_File_2703",2,200,100.00,100.00,38,162
"Compare_File_2310",2,200,100.00,100.00,58,142
"Compare_File_85",2,200,100.00,100.00,37,163
"Compare_File_2274",2,200,100.00,100.00,83,117
"Compare_File_888",2,200,100.00,100.00,19,181
"Compare_File_1615",2,200,100.00,100.00,65,135
"Compare_File_429",2,199,99.50,99.50,40,159
"Compare_File_2991",2,199,99.50,99.50,68,131
"Compare_File_1355",2,199,99.50,99.50,29,170
"Compare_File_614",2,199,99.50,99.50,62,137
"Compare_File_2091",2,199,99.50,99.50,95,104
"Compare_File_1870",2,199,99.50,99.50,17,182
"Compare_File_3745",2,199,99.50,99.50,61,138
"Compare_File_999",2,199,99.50,99.50,73,126
"Compare_File_1011",2,199,99.50,99.50,79,120
"Compare_File_305",2,199,99.50,99.50,65,134
"Compare_File_3652",2,199,99.50,99.50,35,164
"Compare_File_811",2,198,99.00,99.00,89,109
"Compare_File_168",2,198,99.00,99.00,49,149
"Compare_File_2788",2,198,99.00,99.00,11,187
"Compare_File_3526",2,198,99.00,99.00,43,155
"Compare_File_1736",2,198,99.00,99.00,12,186
"Compare_File_39",2,198,99.00,99.00,11,187
"Compare_File_234",2,198,99.00,99.00,76,122
"Compare_File_3198",2,198,99.00,99.00,17,181
"Compare_File_2267",2,198,99.00,99.00,89,109
"Compare_File_307",2,197,98.50,98.50,76,121
"Compare_File_2264",2,197,98.50,98.50,81,116
"Compare_File_1144",2,197,98.50,98.50,32,165
"Compare_File_2976",2,197,98.50,98.50,68,129
"Compare_File_3114",2,197,98.50,98.50,15,182
"Compare_File_2661",2,197,98.50,98.50,32,165
"Compare_File_3811",2,197,98.50,98.50,22,175
"Compare_File_1844",2,197,98.50,98.50,14,183
"Compare_File_3373",2,196,98.00,98.00,30,166
"Compare_File_2303",2,196,98.00,98.00,31,165
"Compare_File_1735",2,196,98.00,98.00,10,186
"Compare_File_2015",2,196,98.00,98.00,45,151
"Compare_File_354",2,196,98.00,98.00,58,138
"Compare_File_1358",2,196,98.00,98.00,52,144
"Compare_File_139",2,196,98.00,98.00,65,131
"Compare_File_1304",2,195,97.50,97.50,20,175
"Compare_File_2149",2,195,97.50,97.50,16,179
"Compare_File_3627",2,195,97.50,97.50,79,116
"Compare_File_290",2,195,97.50,97.50,26,169
"Compare_File_2693",2,195,97.50,97.50,72,123
"Compare_File_2078",2,195,97.50,97.50,78,117
"Compare_File_3740",2,195,97.50,97.50,18,177
"Compare_File_1889",2,195,97.50,97.50,94,101
"Compare_File_1537",2,194,97.00,97.00,68,126
"Compare_File_2714",2,194,97.00,97.00,22,172
"Compare_File_261",2,194,97.00,97.00,33,161
"Compare_File_3742",2,194,97.00,97.00,20,174
"Compare_File_2234",2,194,97.00,97.00,84,110
"Compare_File_2485",2,194,97.00,97.00,27,167
"Compare_File_668",2,194,97.00,97.00,20,174
"Compare_File_1130",2,194,97.00,97.00,49,145
"Compare_File_320",2,194,97.00,97.00,61,133
"Compare_File_3287",2,194,97.00,97.00,61,133
"Compare_File_2847",2,194,97.00,97.00,97,97
"Compare_File_3695",2,194,97.00,97.00,51,143
"Compare_File_608",2,193,96.50,96.50,74,119
"Compare_File_3213",2,193,96.50,96.50,19,174
"Compare_File_2629",2,193,96.50,96.50,45,148
"Compare_File_1653",2,193,96.50,96.50,26,167
"Compare_File_3487",2,193,96.50,96.50,68,125
"Compare_File_315",2,193,96.50,96.50,84,109
"Compare_File_543",2,193,96.50,96.50,71,122
"Compare_File_353",2,193,96.50,96.50,29,164
"Compare_File_792",2,193,96.50,96.50,84,109
"Compare_File_2248",2,193,96.50,96.50,57,136
"Compare_File_380",2,193,96.50,96.50,46,147
"Compare_File_2344",2,193,96.50,96.50,28,165
"Compare_File_2055",2,192,96.00,96.00,85,107
"Compare_File_1823",2,192,96.00,96.00,59,133
"Compare_File_1592",2,192,96.00,96.00,43,149
"Compare_File_180",2,192,96.00,96.00,61,131
"Compare_File_1188",2,192,96.00,96.00,37,155
"Compare_File_386",2,192,96.00,96.00,70,122
"Compare_File_1988",2,192,96.00,96.00,86,106
"Compare_File_3690",2,192,96.00,96.00,65,127
"Compare_File_919",2,192,96.00,96.00,91,101
"Compare_File_1624",2,192,96.00,96.00,91,101
"Compare_File_3480",2,191,95.50,95.50,67,124
"Compare_File_1234",2,190,95.00,95.00,58,132
"Compare_File_3345",2,190,95.00,95.00,11,179
"Compare_File_715",2,190,95.00,95.00,46,144
"Compare_File_2601",2,190,95.00,95.00,32,158
"Compare_File_797",2,190,95.00,95.00,94,96
"Compare_File_3651",2,190,95.00,95.00,46,144
"Compare_File_2568",2,190,95.00,95.00,57,133
"Compare_File_1705",2,190,95.00,95.00,42,148
"Compare_File_2155",2,190,95.00,95.00,49,141
"Compare_File_2019",2,189,94.50,94.50,79,110
"Compare_File_156",2,189,94.50,94.50,26,163
"Compare_File_3564",2,189,94.50,94.50,57,132
"Compare_File_163",2,188,94.00,94.00,35,153
"Compare_File_1153",2,188,94.00,94.00,91,97
"Compare_File_802",2,188,94.00,94.00,32,156
"Compare_File_1917",2,188,94.00,94.00,29,159
"Compare_File_3051",2,188,94.00,94.00,48,140
"Compare_File_3912",2,188,94.00,94.00,13,175
"Compare_File_2334",2,188,94.00,94.00,32,156
"Compare_File_768",2,188,94.00,94.00,32,156
"Compare_File_2349",2,188,94.00,94.00,28,160
"Compare_File_266",2,188,94.00,94.00,85,103
"Compare_File_404",2,188,94.00,94.00,39,149
"Compare_File_96",2,188,94.00,94.00,12,176
"Compare_File_2960",2,187,93.50,93.50,12,175
"Compare_File_1177",2,187,93.50,93.50,29,158
"Compare_File_2539",2,187,93.50,93.50,13,174
"Compare_File_2046",2,187,93.50,93.50,48,139
"Compare_File_2385",2,187,93.50,93.50,78,109
"Compare_File_1370",2,187,93.50,93.50,47,140
"Compare_File_3298",2,187,93.50,93.50,69,118
"Compare_File_2925",2,187,93.50,93.50,29,158
"Compare_File_3065",2,187,93.50,93.50,42,145
"Compare_File_1259",2,187,93.50,93.50,20,167
"Compare_File_86",2,187,93.50,93.50,16,171
"Compare_File_1267",2,187,93.50,93.50,18,169
"Compare_File_2603",2,187,93.50,93.50,21,166
"Compare_File_151",2,187,93.50,93.50,30,157
"Compare_File_978",2,187,93.50,93.50,54,133
"Compare_File_569",2,187,93.50,93.50,11,176
"Compare_File_670",2,186,93.00,93.00,54,132
"Compare_File_781",2,186,93.00,93.00,65,121
"Compare_File_1906",2,186,93.00,93.00,9,177
"Compare_File_3720",2,186,93.00,93.00,18,168
"Compare_File_2704",2,186,93.00,93.00,37,149
"Compare_File_746",2,185,92.50,92.50,38,147
"Compare_File_2106",2,185,92.50,92.50,70,115
"Compare_File_926",2,185,92.50,92.50,14,171
"Compare_File_1108",2,185,92.50,92.50,63,122
"Compare_File_550",2,185,92.50,92.50,19,166
"Compare_File_1533",2,185,92.50,92.50,44,141
"Compare_File_691",2,185,92.50,92.50,30,155
"Compare_File_754",2,185,92.50,92.50,35,150
"Compare_File_769",2,185,92.50,92.50,90,95
"Compare_File_2313",2,185,92.50,92.50,78,107
"Compare_File_862",2,185,92.50,92.50,38,147
"Compare_File_1170",2,185,92.50,92.50,92,93
"Compare_File_3751",2,185,92.50,92.50,49,136
"Compare_File_3614",2,184,92.00,92.00,71,113
"Compare_File_2441",2,184,92.00,92.00,52,132
"Compare_File_3254",2,184,92.00,92.00,29,155
"Compare_File_721",2,184,92.00,92.00,10,174
"Compare_File_3901",2,184,92.00,92.00,83,101
"Compare_File_620",2,184,92.00,92.00,53,131
"Compare_File_585",2,184,92.00,92.00,17,167
"Compare_File_3272",2,184,92.00,92.00,74,110
"Compare_File_146",2,184,92.00,92.00,85,99
"Compare_File_287",2,184,92.00,92.00,28,156
"Compare_File_854",2,184,92.00,92.00,26,158
"Compare_File_2491",2,184,92.00,92.00,15,169
"Compare_File_3819",2,184,92.00,92.00,49,135
"Compare_File_3508",2,184,92.00,92.00,55,129
"Compare_File_2515",2,184,92.00,92.00,14,170
"Compare_File_2619",2,183,91.50,91.50,11,172
"Compare_File_3610",2,183,91.50,91.50,10,173
"Compare_File_2873",2,183,91.50,91.50,89,94
"Compare_File_3071",2,183,91.50,91.50,73,110
"Compare_File_1872",2,183,91.50,91.50,72,111
"Compare_File_3981",2,183,91.50,91.50,11,172
"Compare_File_3295",2,183,91.50,91.50,85,98
"Compare_File_3124",2,183,91.50,91.50,23,160
"Compare_File_3116",2,183,91.50,91.50,58,125
"Compare_File_452",2,182,91.00,91.00,87,95
"Compare_File_1867",2,182,91.00,91.00,83,99
"Compare_File_1140",2,182,91.00,91.00,34,148
"Compare_File_499",2,182,91.00,91.00,12,170
"Compare_File_116",2,182,91.00,91.00,86,96
"Compare_File_1421",2,182,91.00,91.00,13,169
"Compare_File_3753",2,182,91.00,91.00,42,140
"Compare_File_1106",2,182,91.00,91.00,20,162
"Compare_File_188",2,182,91.00,91.00,63,119
"Compare_File_364",2,181,90.50,90.50,67,114
"Compare_File_45",2,181,90.50,90.50,11,170
"Compare_File_1409",2,181,90.50,90.50,11,170
"Compare_File_1492",2,181,90.50,90.50,36,145
"Compare_File_810",2,181,90.50,90.50,76,105
"Compare_File_744",2,181,90.50,90.50,66,115
"Compare_File_494",2,181,90.50,90.50,13,168
"Compare_File_1759",2,181,90.50,90.50,60,121
"Compare_File_2932",2,180,90.00,90.00,18,162
"Compare_File_904",2,180,90.00,90.00,36,144
"Compare_File_1927",2,180,90.00,90.00,74,106
"Compare_File_2037",2,180,90.00,90.00,39,141
"Compare_File_1274",2,180,90.00,90.00,25,155
"Compare_File_3357",2,180,90.00,90.00,76,104
"Compare_File_562",2,180,90.00,90.00,14,166
"Compare_File_3888",2,180,90.00,90.00,64,116
"Compare_File_1218",2,180,90.00,90.00,13,167
"Compare_File_493",2,180,90.00,90.00,12,168
"Compare_File_1237",2,179,89.50,89.50,79,100
"Compare_File_3109",2,179,89.50,89.50,26,153
"Compare_File_2706",2,179,89.50,89.50,31,148
"Compare_File_760",2,179,89.50,89.50,11,168
"Compare_File_3068",2,179,89.50,89.50,60,119
"Compare_File_461",2,179,89.50,89.50,40,139
"Compare_File_161",2,179,89.50,89.50,43,136
"Compare_File_2492",2,178,89.00,89.00,30,148
"Compare_File_2247",2,178,89.00,89.00,70,108
"Compare_File_3387",2,178,89.00,89.00,59,119
"Compare_File_288",2,178,89.00,89.00,22,156
"Compare_File_2431",2,178,89.00,89.00,59,119
"Compare_File_1222",2,178,89.00,89.00,19,159
"Compare_File_134",2,178,89.00,89.00,74,104
"Compare_File_3672",2,178,89.00,89.00,86,92
"Compare_File_1098",2,178,89.00,89.00,25,153
"Compare_File_1861",2,178,89.00,89.00,16,162
"Compare_File_343",2,178,89.00,89.00,76,102
"Compare_File_128",2,177,88.50,88.50,65,112
"Compare_File_3193",2,177,88.50,88.50,17,160
"Compare_File_2555",2,177,88.50,88.50,14,163
"Compare_File_656",2,177,88.50,88.50,68,109
"Compare_File_3534",2,177,88.50,88.50,88,89
"Compare_File_3306",2,177,88.50,88.50,70,107
"Compare_File_763",2,177,88.50,88.50,19,158
"Compare_File_1271",2,177,88.50,88.50,83,94
"Compare_File_1491",2,177,88.50,88.50,34,143
"Compare_File_3338",2,177,88.50,88.50,25,152
"Compare_File_1327",2,176,88.00,88.00,52,124
"Compare_File_464",2,176,88.00,88.00,85,91
"Compare_File_2518",2,176,88.00,88.00,67,109
"Compare_File_3864",2,176,88.00,88.00,39,137
"Compare_File_3678",2,176,88.00,88.00,66,110
"Compare_File_350",2,176,88.00,88.00,74,102
"Compare_File_3806",2,176,88.00,88.00,54,122
"Compare_File_3185",2,176,88.00,88.00,59,117
"Compare_File_695",2,175,87.50,87.50,60,115
"Compare_File_1834",2,175,87.50,87.50,30,145
"Compare_File_1270",2,175,87.50,87.50,85,90
"Compare_File_1352",2,175,87.50,87.50,13,162
"Compare_File_2226",2,175,87.50,87.50,34,141
"Compare_File_586",2,175,87.50,87.50,32,143
"Compare_File_914",2,175,87.50,87.50,35,140
"Compare_File_2505",2,175,87.50,87.50,53,122
"Compare_File_3679",2,175,87.50,87.50,76,99
"Compare_File_2839",2,175,87.50,87.50,11,164
"Compare_File_244",2,175,87.50,87.50,70,105
"Compare_File_3761",2,175,87.50,87.50,12,163
"Compare_File_179",2,174,87.00,87.00,34,140
"Compare_File_1225",2,174,87.00,87.00,37,137
"Compare_File_813",2,174,87.00,87.00,32,142
"Compare_File_279",2,174,87.00,87.00,60,114
"Compare_File_3105",2,174,87.00,87.00,60,114
"Compare_File_3948",2,174,87.00,87.00,12,162
"Compare_File_3537",2,174,87.00,87.00,66,108
"Compare_File_3252",2,174,87.00,87.00,30,144
"Compare_File_1149",2,174,87.00,87.00,19,155
"Compare_File_3529",2,174,87.00,87.00,31,143
"Compare_File_648",2,174,87.00,87.00,21,153
"Compare_File_1940",2,174,87.00,87.00,61,113
"Compare_File_743",2,174,87.00,87.00,40,134
"Compare_File_748",2,173,86.50,86.50,24,149
"Compare_File_805",2,173,86.50,86.50,61,112
"Compare_File_1944",2,173,86.50,86.50,78,95
"Compare_File_3470",2,173,86.50,86.50,65,108
"Compare_File_3700",2,173,86.50,86.50,32,141
"Compare_File_3439",2,173,86.50,86.50,29,144
"Compare_File_2107",2,173,86.50,86.50,56,117
"Compare_File_1807",2,173,86.50,86.50,41,132
"Compare_File_2674",2,173,86.50,86.50,13,160
"Compare_File_619",2,173,86.50,86.50,40,133
"Compare_File_3863",2,172,86.00,86.00,86,86
"Compare_File_814",2,172,86.00,86.00,35,137
"Compare_File_1307",2,172,86.00,86.00,11,161
"Compare_File_1989",2,172,86.00,86.00,12,160
"Compare_File_1022",2,172,86.00,86.00,42,130
"Compare_File_3377",2,172,86.00,86.00,20,152
"Compare_File_141",2,172,86.00,86.00,77,95
"Compare_File_3555",2,172,86.00,86.00,82,90
"Compare_File_3017",2,172,86.00,86.00,67,105
"Compare_File_3626",2,172,86.00,86.00,56,116
"Compare_File_2598",2,172,86.00,86.00,30,142
"Compare_File_2722",2,172,86.00,86.00,33,139
"Compare_File_3769",2,172,86.00,86.00,12,160
"Compare_File_833",2,172,86.00,86.00,25,147
"Compare_File_2503",2,171,85.50,85.50,23,148
"Compare_File_758",2,171,85.50,85.50,25,146
"Compare_File_2589",2,171,85.50,85.50,67,104
"Compare_File_770",2,171,85.50,85.50,51,120
"Compare_File_292",2,171,85.50,85.50,28,143
"Compare_File_3024",2,171,85.50,85.50,11,160
"Compare_File_2044",2,171,85.50,85.50,69,102
"Compare_File_1110",2,171,85.50,85.50,47,124
"Compare_File_3673",2,171,85.50,85.50,60,111
"Compare_File_2118",2,171,85.50,85.50,77,94
"Compare_File_2162",2,171,85.50,85.50,9,162
"Compare_File_2368",2,170,85.00,85.00,51,119
"Compare_File_2982",2,170,85.00,85.00,53,117
"Compare_File_3937",2,170,85.00,85.00,18,152
"Compare_File_250",2,170,85.00,85.00,77,93
"Compare_File_1984",2,170,85.00,85.00,27,143
"Compare_File_1892",2,170,85.00,85.00,56,114
"Compare_File_2257",2,170,85.00,85.00,27,143
"Compare_File_1611",2,170,85.00,85.00,63,107
"Compare_File_428",2,170,85.00,85.00,36,134
"Compare_File_1232",2,170,85.00,85.00,9,161
"Compare_File_1134",2,170,85.00,85.00,22,148
"Compare_File_3958",2,169,84.50,84.50,35,134
"Compare_File_2332",2,169,84.50,84.50,19,150
"Compare_File_477",2,169,84.50,84.50,51,118
"Compare_File_3680",2,169,84.50,84.50,73,96
"Compare_File_2757",2,169,84.50,84.50,33,136
"Compare_File_1914",2,169,84.50,84.50,19,150
"Compare_File_3466",2,169,84.50,84.50,65,104
"Compare_File_2669",2,169,84.50,84.50,26,143
"Compare_File_3094",2,169,84.50,84.50,55,114
"Compare_File_1829",2,169,84.50,84.50,52,117
"Compare_File_1726",2,169,84.50,84.50,24,145
"Compare_File_631",2,168,84.00,84.00,26,142
"Compare_File_360",2,168,84.00,84.00,75,93
"Compare_File_3170",2,168,84.00,84.00,14,154
"Compare_File_3991",2,168,84.00,84.00,49,119
"Compare_File_2136",2,168,84.00,84.00,37,131
"Compare_File_1997",2,168,84.00,84.00,56,112
"Compare_File_3923",2,168,84.00,84.00,35,133
"Compare_File_2239",2,168,84.00,84.00,17,151
"Compare_File_74",2,168,84.00,84.00,78,90
"Compare_File_3460",2,168,84.00,84.00,45,123
"Compare_File_347",2,168,84.00,84.00,55,113
"Compare_File_2229",2,168,84.00,84.00,46,122
"Compare_File_1640",2,168,84.00,84.00,9,159
"Compare_File_2635",2,167,83.50,83.50,28,139
"Compare_File_766",2,167,83.50,83.50,17,150
"Compare_File_512",2,167,83.50,83.50,20,147
"Compare_File_1009",2,167,83.50,83.50,32,135
"Compare_File_733",2,167,83.50,83.50,58,109
"Compare_File_3258",2,167,83.50,83.50,37,130
"Compare_File_752",2,167,83.50,83.50,19,148
"Compare_File_1209",2,167,83.50,83.50,51,116
"Compare_File_759",2,167,83.50,83.50,10,157
"Compare_File_3670",2,167,83.50,83.50,37,130
"Compare_File_1082",2,167,83.50,83.50,25,142
"Compare_File_1932",2,166,83.00,83.00,28,138
"Compare_File_1100",2,166,83.00,83.00,22,144
"Compare_File_2212",2,166,83.00,83.00,27,139
"Compare_File_880",2,166,83.00,83.00,14,152
"Compare_File_1266",2,166,83.00,83.00,27,139
"Compare_File_950",2,166,83.00,83.00,29,137
"Compare_File_723",2,166,83.00,83.00,51,115
"Compare_File_818",2,166,83.00,83.00,66,100
"Compare_File_351",2,166,83.00,83.00,51,115
"Compare_File_3099",2,166,83.00,83.00,21,145
"Compare_File_2395",2,166,83.00,83.00,16,150
"Compare_File_1877",2,166,83.00,83.00,38,128
"Compare_File_2317",2,166,83.00,83.00,56,110
"Compare_File_3092",2,166,83.00,83.00,11,155
"Compare_File_2778",2,165,82.50,82.50,16,149
"Compare_File_2096",2,165,82.50,82.50,24,141
"Compare_File_1976",2,165,82.50,82.50,49,116
"Compare_File_366",2,165,82.50,82.50,82,83
"Compare_File_956",2,165,82.50,82.50,66,99
"Compare_File_460",2,165,82.50,82.50,39,126
"Compare_File_1920",2,165,82.50,82.50,12,153
"Compare_File_1005",2,165,82.50,82.50,25,140
"Compare_File_1674",2,165,82.50,82.50,19,146
"Compare_File_714",2,165,82.50,82.50,73,92
"Compare_File_3001",2,165,82.50,82.50,26,139
"Compare_File_2766",2,165,82.50,82.50,19,146
"Compare_File_306",2,165,82.50,82.50,36,129
"Compare_File_3984",2,165,82.50,82.50,46,119
"Compare_File_459",2,164,82.00,82.00,30,134
"Compare_File_2273",2,164,82.00,82.00,44,120
"Compare_File_2244",2,164,82.00,82.00,16,148
"Compare_File_1124",2,164,82.00,82.00,47,117
"Compare_File_3773",2,164,82.00,82.00,9,155
"Compare_File_3113",2,164,82.00,82.00,82,82
"Compare_File_603",2,164,82.00,82.00,65,99
"Compare_File_296",2,163,81.50,81.50,26,137
"Compare_File_2717",2,163,81.50,81.50,21,142
"Compare_File_3877",2,163,81.50,81.50,23,140
"Compare_File_349",2,163,81.50,81.50,64,99
"Compare_File_536",2,163,81.50,81.50,55,108
"Compare_File_1540",2,163,81.50,81.50,42,121
"Compare_File_338",2,163,81.50,81.50,21,142
"Compare_File_472",2,163,81.50,81.50,74,89
"Compare_File_295",2,162,81.00,81.00,20,142
"Compare_File_1782",2,162,81.00,81.00,53,109
"Compare_File_2312",2,162,81.00,81.00,38,124
"Compare_File_963",2,162,81.00,81.00,42,120
"Compare_File_911",2,162,81.00,81.00,42,120
"Compare_File_3694",2,162,81.00,81.00,34,128
"Compare_File_546",2,162,81.00,81.00,66,96
"Compare_File_2602",2,162,81.00,81.00,21,141
"Compare_File_2718",2,162,81.00,81.00,22,140
"Compare_File_1907",2,162,81.00,81.00,19,143
"Compare_File_2154",2,162,81.00,81.00,25,137
"Compare_File_829",2,161,80.50,80.50,17,144
"Compare_File_1198",2,161,80.50,80.50,42,119
"Compare_File_3523",2,161,80.50,80.50,60,101
"Compare_File_3747",2,161,80.50,80.50,19,142
"Compare_File_3725",2,161,80.50,80.50,45,116
"Compare_File_1148",2,161,80.50,80.50,19,142
"Compare_File_94",2,161,80.50,80.50,10,151
"Compare_File_1440",2,161,80.50,80.50,11,150
"Compare_File_36",2,161,80.50,80.50,52,109
"Compare_File_1996",2,161,80.50,80.50,46,115
"Compare_File_476",2,161,80.50,80.50,45,116
"Compare_File_2493",2,161,80.50,80.50,79,82
"Compare_File_3046",2,161,80.50,80.50,26,135
"Compare_File_2099",2,161,80.50,80.50,72,89
"Compare_File_936",2,161,80.50,80.50,11,150
"Compare_File_2683",2,161,80.50,80.50,12,149
"Compare_File_2840",2,161,80.50,80.50,11,150
"Compare_File_2224",2,161,80.50,80.50,20,141
"Compare_File_170",2,161,80.50,80.50,44,117
"Compare_File_3922",2,161,80.50,80.50,30,131
"Compare_File_1385",2,160,80.00,80.00,27,133
"Compare_File_3260",2,160,80.00,80.00,30,130
"Compare_File_3540",2,160,80.00,80.00,18,142
"Compare_File_93",2,160,80.00,80.00,10,150
"Compare_File_2647",2,160,80.00,80.00,59,101
"Compare_File_1099",2,160,80.00,80.00,75,85
"Compare_File_1231",2,160,80.00,80.00,9,151
"Compare_File_3047",2,160,80.00,80.00,26,134
"Compare_File_2550",2,160,80.00,80.00,63,97
"Compare_File_2250",2,160,80.00,80.00,21,139
"Compare_File_3423",2,160,80.00,80.00,37,123
"Compare_File_3693",2,160,80.00,80.00,52,108
"Compare_File_3310",2,160,80.00,80.00,43,117
"Compare_File_2233",2,160,80.00,80.00,52,108
"Compare_File_3588",2,160,80.00,80.00,12,148
"Compare_File_2300",2,160,80.00,80.00,75,85
"Compare_File_2712",2,159,79.50,79.50,41,118
"Compare_File_1416",2,159,79.50,79.50,18,141
"Compare_File_2911",2,159,79.50,79.50,67,92
"Compare_File_2033",2,159,79.50,79.50,71,88
"Compare_File_2381",2,159,79.50,79.50,21,138
"Compare_File_1224",2,159,79.50,79.50,16,143
"Compare_File_1235",2,159,79.50,79.50,8,151
"Compare_File_2271",2,159,79.50,79.50,50,109
"Compare_File_551",2,159,79.50,79.50,32,127
"Compare_File_3257",2,159,79.50,79.50,59,100
"Compare_File_2042",2,159,79.50,79.50,63,96
"Compare_File_3305",2,158,79.00,79.00,64,94
"Compare_File_806",2,158,79.00,79.00,56,102
"Compare_File_1505",2,158,79.00,79.00,20,138
"Compare_File_1205",2,158,79.00,79.00,9,149
"Compare_File_952",2,158,79.00,79.00,52,106
"Compare_File_2736",2,158,79.00,79.00,35,123
"Compare_File_3754",2,158,79.00,79.00,28,130
"Compare_File_722",2,158,79.00,79.00,27,131
"Compare_File_2590",2,158,79.00,79.00,54,104
"Compare_File_1875",2,158,79.00,79.00,59,99
"Compare_File_385",2,158,79.00,79.00,64,94
"Compare_File_2084",2,158,79.00,79.00,58,100
"Compare_File_1511",2,157,78.50,78.50,23,134
"Compare_File_3959",2,157,78.50,78.50,43,114
"Compare_File_122",2,157,78.50,78.50,30,127
"Compare_File_577",2,157,78.50,78.50,12,145
"Compare_File_3407",2,157,78.50,78.50,29,128
"Compare_File_3891",2,157,78.50,78.50,19,138
"Compare_File_2252",2,157,78.50,78.50,25,132
"Compare_File_1429",2,157,78.50,78.50,24,133
"Compare_File_1950",2,157,78.50,78.50,40,117
"Compare_File_1657",2,157,78.50,78.50,20,137
"Compare_File_3419",2,157,78.50,78.50,13,144
"Compare_File_548",2,157,78.50,78.50,17,140
"Compare_File_3993",2,157,78.50,78.50,51,106
"Compare_File_1843",2,157,78.50,78.50,58,99
"Compare_File_2092",2,157,78.50,78.50,42,115
"Compare_File_682",2,157,78.50,78.50,42,115
"Compare_File_921",2,157,78.50,78.50,63,94
"Compare_File_2900",2,157,78.50,78.50,68,89
"Compare_File_3027",2,156,78.00,78.00,19,137
"Compare_File_2969",2,156,78.00,78.00,40,116
"Compare_File_3795",2,156,78.00,78.00,54,102
"Compare_File_1319",2,156,78.00,78.00,21,135
"Compare_File_3802",2,156,78.00,78.00,20,136
"Compare_File_793",2,156,78.00,78.00,8,148
"Compare_File_785",2,156,78.00,78.00,39,117
"Compare_File_3022",2,156,78.00,78.00,22,134
"Compare_File_2316",2,156,78.00,78.00,51,105
"Compare_File_2158",2,155,77.50,77.50,49,106
"Compare_File_3320",2,155,77.50,77.50,48,107
"Compare_File_2537",2,155,77.50,77.50,10,145
"Compare_File_3547",2,155,77.50,77.50,51,104
"Compare_File_2183",2,155,77.50,77.50,35,120
"Compare_File_778",2,155,77.50,77.50,26,129
"Compare_File_2386",2,155,77.50,77.50,42,113
"Compare_File_2258",2,155,77.50,77.50,18,137
"Compare_File_3442",2,155,77.50,77.50,30,125
"Compare_File_308",2,155,77.50,77.50,65,90
"Compare_File_987",2,155,77.50,77.50,63,92
"Compare_File_355",2,155,77.50,77.50,69,86
"Compare_File_794",2,155,77.50,77.50,8,147
"Compare_File_3354",2,155,77.50,77.50,49,106
"Compare_File_3104",2,155,77.50,77.50,64,91
"Compare_File_1133",2,154,77.00,77.00,21,133
"Compare_File_3667",2,154,77.00,77.00,69,85
"Compare_File_1155",2,154,77.00,77.00,9,145
"Compare_File_2243",2,154,77.00,77.00,22,132
"Compare_File_602",2,154,77.00,77.00,76,78
"Compare_File_300",2,154,77.00,77.00,70,84
"Compare_File_1721",2,154,77.00,77.00,35,119
"Compare_File_2828",2,153,76.50,76.50,50,103
"Compare_File_1856",2,153,76.50,76.50,26,127
"Compare_File_1004",2,153,76.50,76.50,11,142
"Compare_File_610",2,153,76.50,76.50,75,78
"Compare_File_3750",2,153,76.50,76.50,21,132
"Compare_File_2307",2,153,76.50,76.50,45,108
"Compare_File_3411",2,153,76.50,76.50,16,137
"Compare_File_1320",2,153,76.50,76.50,19,134
"Compare_File_2336",2,153,76.50,76.50,11,142
"Compare_File_2444",2,153,76.50,76.50,45,108
"Compare_File_2337",2,153,76.50,76.50,12,141
"Compare_File_2259",2,153,76.50,76.50,18,135
"Compare_File_3452",2,152,76.00,76.00,16,136
"Compare_File_3951",2,152,76.00,76.00,12,140
"Compare_File_1253",2,152,76.00,76.00,47,105
"Compare_File_1374",2,152,76.00,76.00,32,120
"Compare_File_582",2,152,76.00,76.00,12,140
"Compare_File_1073",2,152,76.00,76.00,34,118
"Compare_File_2361",2,152,76.00,76.00,74,78
"Compare_File_304",2,152,76.00,76.00,51,101
"Compare_File_1074",2,152,76.00,76.00,23,129
"Compare_File_2285",2,152,76.00,76.00,69,83
"Compare_File_2856",2,151,75.50,75.50,57,94
"Compare_File_2597",2,151,75.50,75.50,71,80
"Compare_File_2777",2,151,75.50,75.50,37,114
"Compare_File_2514",2,151,75.50,75.50,66,85
"Compare_File_2595",2,151,75.50,75.50,47,104
"Compare_File_2989",2,151,75.50,75.50,49,102
"Compare_File_2606",2,151,75.50,75.50,11,140
"Compare_File_791",2,151,75.50,75.50,35,116
"Compare_File_698",2,151,75.50,75.50,28,123
"Compare_File_3375",2,151,75.50,75.50,31,120
"Compare_File_2524",2,151,75.50,75.50,32,119
"Compare_File_1747",2,151,75.50,75.50,17,134
"Compare_File_2958",2,151,75.50,75.50,12,139
"Compare_File_2323",2,150,75.00,75.00,47,103
"Compare_File_1882",2,150,75.00,75.00,10,140
"Compare_File_511",2,150,75.00,75.00,11,139
"Compare_File_3957",2,150,75.00,75.00,59,91
"Compare_File_3285",2,150,75.00,75.00,9,141
"Compare_File_2063",2,150,75.00,75.00,70,80
"Compare_File_2290",2,150,75.00,75.00,65,85
"Compare_File_898",2,150,75.00,75.00,53,97
"Compare_File_3714",2,150,75.00,75.00,63,87
"Compare_File_1318",2,150,75.00,75.00,9,141
"Compare_File_3729",2,150,75.00,75.00,75,75
"Compare_File_2214",2,150,75.00,75.00,30,120
"Compare_File_2339",2,150,75.00,75.00,54,96
"Compare_File_2919",2,150,75.00,75.00,58,92
"Compare_File_2384",2,150,75.00,75.00,23,127
"Compare_File_3045",2,150,75.00,75.00,24,126
"Compare_File_976",2,150,75.00,75.00,34,116
"Compare_File_1000",2,150,75.00,75.00,28,122
"Compare_File_289",2,150,75.00,75.00,26,124
"Compare_File_3698",2,150,75.00,75.00,34,116
"Compare_File_3392",2,150,75.00,75.00,41,109
"Compare_File_3677",2,150,75.00,75.00,69,81
"Compare_File_3103",2,149,74.50,74.50,20,129
"Compare_File_2449",2,149,74.50,74.50,45,104
"Compare_File_327",2,149,74.50,74.50,43,106
"Compare_File_2813",2,149,74.50,74.50,9,140
"Compare_File_2177",2,149,74.50,74.50,21,128
"Compare_File_3973",2,149,74.50,74.50,14,135
"Compare_File_638",2,149,74.50,74.50,36,113
"Compare_File_378",2,149,74.50,74.50,69,80
"Compare_File_1010",2,149,74.50,74.50,30,119
"Compare_File_2628",2,149,74.50,74.50,45,104
"Compare_File_2179",2,149,74.50,74.50,66,83
"Compare_File_858",2,149,74.50,74.50,20,129
"Compare_File_2943",2,149,74.50,74.50,18,131
"Compare_File_1630",2,149,74.50,74.50,15,134
"Compare_File_3436",2,149,74.50,74.50,49,100
"Compare_File_3749",2,149,74.50,74.50,51,98
"Compare_File_2089",2,149,74.50,74.50,21,128
"Compare_File_2523",2,149,74.50,74.50,35,114
"Compare_File_822",2,148,74.00,74.00,65,83
"Compare_File_2377",2,148,74.00,74.00,64,84
"Compare_File_3422",2,148,74.00,74.00,21,127
"Compare_File_1315",2,148,74.00,74.00,18,130
"Compare_File_3983",2,148,74.00,74.00,30,118
"Compare_File_3894",2,148,74.00,74.00,9,139
"Compare_File_1609",2,148,74.00,74.00,18,130
"Compare_File_3465",2,148,74.00,74.00,57,91
"Compare_File_1219",2,148,74.00,74.00,13,135
"Compare_File_1888",2,148,74.00,74.00,20,128
"Compare_File_361",2,148,74.00,74.00,55,93
"Compare_File_2176",2,148,74.00,74.00,31,117
"Compare_File_1251",2,148,74.00,74.00,20,128
"Compare_File_3989",2,148,74.00,74.00,64,84
"Compare_File_2050",2,148,74.00,74.00,72,76
"Compare_File_2872",2,148,74.00,74.00,23,125
"Compare_File_1303",2,148,74.00,74.00,20,128
"Compare_File_3730",2,148,74.00,74.00,9,139
"Compare_File_498",2,147,73.50,73.50,11,136
"Compare_File_645",2,147,73.50,73.50,73,74
"Compare_File_1239",2,147,73.50,73.50,70,77
"Compare_File_1998",2,147,73.50,73.50,35,112
"Compare_File_3293",2,147,73.50,73.50,21,126
"Compare_File_1508",2,147,73.50,73.50,28,119
"Compare_File_3340",2,147,73.50,73.50,61,86
"Compare_File_243",2,147,73.50,73.50,71,76
"Compare_File_2476",2,147,73.50,73.50,63,84
"Compare_File_1544",2,147,73.50,73.50,39,108
"Compare_File_1953",2,147,73.50,73.50,40,107
"Compare_File_3711",2,146,73.00,73.00,61,85
"Compare_File_3498",2,146,73.00,73.00,28,118
"Compare_File_3356",2,146,73.00,73.00,44,102
"Compare_File_1819",2,146,73.00,73.00,17,129
"Compare_File_1954",2,146,73.00,73.00,47,99
"Compare_File_3715",2,146,73.00,73.00,68,78
"Compare_File_2659",2,145,72.50,72.50,30,115
"Compare_File_2868",2,145,72.50,72.50,25,120
"Compare_File_2970",2,145,72.50,72.50,33,112
"Compare_File_537",2,145,72.50,72.50,35,110
"Compare_File_3482",2,145,72.50,72.50,47,98
"Compare_File_2560",2,145,72.50,72.50,66,79
"Compare_File_909",2,145,72.50,72.50,19,126
"Compare_File_2067",2,144,72.00,72.00,71,73
"Compare_File_3719",2,144,72.00,72.00,55,89
"Compare_File_2709",2,144,72.00,72.00,21,123
"Compare_File_105",2,144,72.00,72.00,28,116
"Compare_File_980",2,144,72.00,72.00,24,120
"Compare_File_496",2,144,72.00,72.00,9,135
"Compare_File_394",2,144,72.00,72.00,38,106
"Compare_File_757",2,144,72.00,72.00,30,114
"Compare_File_782",2,144,72.00,72.00,27,117
"Compare_File_1481",2,143,71.50,71.50,20,123
"Compare_File_2238",2,143,71.50,71.50,22,121
"Compare_File_3599",2,143,71.50,71.50,10,133
"Compare_File_1915",2,143,71.50,71.50,21,122
"Compare_File_184",2,143,71.50,71.50,47,96
"Compare_File_3538",2,143,71.50,71.50,20,123
"Compare_File_3150",2,143,71.50,71.50,16,127
"Compare_File_1200",2,143,71.50,71.50,60,83
"Compare_File_2222",2,143,71.50,71.50,18,125
"Compare_File_286",2,143,71.50,71.50,70,73
"Compare_File_3327",2,143,71.50,71.50,57,86
"Compare_File_2625",2,143,71.50,71.50,51,92
"Compare_File_3206",2,143,71.50,71.50,15,128
"Compare_File_2794",2,143,71.50,71.50,33,110
"Compare_File_2934",2,143,71.50,71.50,20,123
"Compare_File_2305",2,143,71.50,71.50,23,120
"Compare_File_1762",2,143,71.50,71.50,9,134
"Compare_File_3821",2,142,71.00,71.00,62,80
"Compare_File_348",2,142,71.00,71.00,33,109
"Compare_File_1691",2,142,71.00,71.00,18,124
"Compare_File_2394",2,142,71.00,71.00,19,123
"Compare_File_3143",2,142,71.00,71.00,17,125
"Compare_File_1159",2,142,71.00,71.00,13,129
"Compare_File_2482",2,142,71.00,71.00,37,105
"Compare_File_717",2,142,71.00,71.00,32,110
"Compare_File_356",2,142,71.00,71.00,62,80
"Compare_File_1781",2,142,71.00,71.00,37,105
"Compare_File_3265",2,142,71.00,71.00,33,109
"Compare_File_3076",2,142,71.00,71.00,12,130
"Compare_File_1510",2,142,71.00,71.00,50,92
"Compare_File_112",2,141,70.50,70.50,15,126
"Compare_File_3548",2,141,70.50,70.50,39,102
"Compare_File_3006",2,141,70.50,70.50,31,110
"Compare_File_3080",2,141,70.50,70.50,60,81
"Compare_File_1334",2,141,70.50,70.50,21,120
"Compare_File_2005",2,141,70.50,70.50,18,123
"Compare_File_2260",2,141,70.50,70.50,56,85
"Compare_File_545",2,140,70.00,70.00,11,129
"Compare_File_3552",2,140,70.00,70.00,59,81
"Compare_File_1489",2,140,70.00,70.00,22,118
"Compare_File_842",2,140,70.00,70.00,52,88
"Compare_File_979",2,140,70.00,70.00,33,107
"Compare_File_505",2,140,70.00,70.00,13,127
"Compare_File_2947",2,140,70.00,70.00,70,70
"Compare_File_3475",2,140,70.00,70.00,24,116
"Compare_File_3915",2,140,70.00,70.00,17,123
"Compare_File_1815",2,140,70.00,70.00,41,99
"Compare_File_3842",2,140,70.00,70.00,35,105
"Compare_File_341",2,140,70.00,70.00,64,76
"Compare_File_3592",2,140,70.00,70.00,29,111
"Compare_File_1952",2,140,70.00,70.00,53,87
"Compare_File_520",2,139,69.50,69.50,12,127
"Compare_File_1805",2,139,69.50,69.50,18,121
"Compare_File_1113",2,139,69.50,69.50,37,102
"Compare_File_3567",2,139,69.50,69.50,26,113
"Compare_File_2056",2,139,69.50,69.50,61,78
"Compare_File_3897",2,139,69.50,69.50,11,128
"Compare_File_2043",2,139,69.50,69.50,68,71
"Compare_File_1710",2,139,69.50,69.50,51,88
"Compare_File_130",2,139,69.50,69.50,36,103
"Compare_File_3609",2,139,69.50,69.50,11,128
"Compare_File_1714",2,139,69.50,69.50,29,110
"Compare_File_99",2,138,69.00,69.00,24,114
"Compare_File_3344",2,138,69.00,69.00,59,79
"Compare_File_1111",2,138,69.00,69.00,15,123
"Compare_File_3023",2,138,69.00,69.00,16,122
"Compare_File_3434",2,138,69.00,69.00,39,99
"Compare_File_957",2,138,69.00,69.00,26,112
"Compare_File_2724",2,138,69.00,69.00,26,112
"Compare_File_2546",2,138,69.00,69.00,51,87
"Compare_File_317",2,138,69.00,69.00,40,98
"Compare_File_2512",2,138,69.00,69.00,50,88
"Compare_File_2811",2,138,69.00,69.00,10,128
"Compare_File_2263",2,138,69.00,69.00,22,116
"Compare_File_1559",2,138,69.00,69.00,26,112
"Compare_File_3617",2,138,69.00,69.00,62,76
"Compare_File_2101",2,138,69.00,69.00,20,118
"Compare_File_1758",2,138,69.00,69.00,53,85
"Compare_File_597",2,138,69.00,69.00,41,97
"Compare_File_3649",2,138,69.00,69.00,11,127
"Compare_File_302",2,137,68.50,68.50,23,114
"Compare_File_3619",2,137,68.50,68.50,55,82
"Compare_File_1302",2,137,68.50,68.50,16,121
"Compare_File_587",2,137,68.50,68.50,65,72
"Compare_File_3510",2,137,68.50,68.50,43,94
"Compare_File_3904",2,137,68.50,68.50,45,92
"Compare_File_3623",2,137,68.50,68.50,56,81
"Compare_File_2191",2,137,68.50,68.50,67,70
"Compare_File_3519",2,137,68.50,68.50,47,90
"Compare_File_784",2,137,68.50,68.50,21,116
"Compare_File_783",2,137,68.50,68.50,22,115
"Compare_File_2622",2,137,68.50,68.50,45,92
"Compare_File_948",2,137,68.50,68.50,20,117
"Compare_File_299",2,137,68.50,68.50,25,112
"Compare_File_771",2,137,68.50,68.50,22,115
"Compare_File_2074",2,136,68.00,68.00,26,110
"Compare_File_1664",2,136,68.00,68.00,19,117
"Compare_File_3259",2,136,68.00,68.00,30,106
"Compare_File_697",2,136,68.00,68.00,68,68
"Compare_File_303",2,136,68.00,68.00,32,104
"Compare_File_3801",2,136,68.00,68.00,38,98
"Compare_File_871",2,136,68.00,68.00,25,111
"Compare_File_1583",2,136,68.00,68.00,20,116
"Compare_File_500",2,136,68.00,68.00,10,126
"Compare_File_2926",2,136,68.00,68.00,37,99
"Compare_File_2691",2,136,68.00,68.00,24,112
"Compare_File_3813",2,136,68.00,68.00,33,103
"Compare_File_1524",2,136,68.00,68.00,11,125
"Compare_File_704",2,136,68.00,68.00,55,81
"Compare_File_3172",2,136,68.00,68.00,44,92
"Compare_File_1585",2,136,68.00,68.00,22,114
"Compare_File_1798",2,136,68.00,68.00,23,113
"Compare_File_1142",2,136,68.00,68.00,41,95
"Compare_File_3283",2,136,68.00,68.00,58,78
"Compare_File_2937",2,135,67.50,67.50,21,114
"Compare_File_381",2,135,67.50,67.50,39,96
"Compare_File_992",2,135,67.50,67.50,11,124
"Compare_File_3755",2,135,67.50,67.50,29,106
"Compare_File_2105",2,135,67.50,67.50,18,117
"Compare_File_1190",2,135,67.50,67.50,46,89
"Compare_File_3511",2,135,67.50,67.50,25,110
"Compare_File_257",2,135,67.50,67.50,50,85
"Compare_File_2942",2,135,67.50,67.50,63,72
"Compare_File_2748",2,135,67.50,67.50,48,87
"Compare_File_501",2,135,67.50,67.50,10,125
"Compare_File_1028",2,135,67.50,67.50,49,86
"Compare_File_3036",2,135,67.50,67.50,11,124
"Compare_File_2854",2,135,67.50,67.50,47,88
"Compare_File_2362",2,135,67.50,67.50,19,116
"Compare_File_1765",2,134,67.00,67.00,21,113
"Compare_File_346",2,134,67.00,67.00,17,117
"Compare_File_773",2,134,67.00,67.00,58,76
"Compare_File_3988",2,134,67.00,67.00,48,86
"Compare_File_1013",2,134,67.00,67.00,57,77
"Compare_File_325",2,134,67.00,67.00,27,107
"Compare_File_1722",2,134,67.00,67.00,55,79
"Compare_File_285",2,134,67.00,67.00,48,86
"Compare_File_2122",2,134,67.00,67.00,32,102
"Compare_File_3173",2,134,67.00,67.00,44,90
"Compare_File_1502",2,134,67.00,67.00,26,108
"Compare_File_2870",2,134,67.00,67.00,39,95
"Compare_File_2781",2,134,67.00,67.00,21,113
"Compare_File_1750",2,134,67.00,67.00,19,115
"Compare_File_1737",2,134,67.00,67.00,65,69
"Compare_File_2820",2,133,66.50,66.50,37,96
"Compare_File_2852",2,133,66.50,66.50,35,98
"Compare_File_953",2,133,66.50,66.50,53,80
"Compare_File_2570",2,133,66.50,66.50,21,112
"Compare_File_1686",2,133,66.50,66.50,23,110
"Compare_File_3326",2,133,66.50,66.50,40,93
"Compare_File_100",2,133,66.50,66.50,22,111
"Compare_File_3431",2,133,66.50,66.50,66,67
"Compare_File_1899",2,133,66.50,66.50,45,88
"Compare_File_1255",2,133,66.50,66.50,25,108
"Compare_File_2124",2,133,66.50,66.50,39,94
"Compare_File_470",2,133,66.50,66.50,11,122
"Compare_File_1683",2,133,66.50,66.50,14,119
"Compare_File_3612",2,133,66.50,66.50,41,92
"Compare_File_3768",2,133,66.50,66.50,10,123
"Compare_File_298",2,133,66.50,66.50,41,92
"Compare_File_3214",2,133,66.50,66.50,42,91
"Compare_File_872",2,133,66.50,66.50,29,104
"Compare_File_2972",2,133,66.50,66.50,38,95
"Compare_File_3553",2,132,66.00,66.00,41,91
"Compare_File_1432",2,132,66.00,66.00,9,123
"Compare_File_3807",2,132,66.00,66.00,19,113
"Compare_File_593",2,132,66.00,66.00,23,109
"Compare_File_3816",2,132,66.00,66.00,49,83
"Compare_File_1751",2,132,66.00,66.00,38,94
"Compare_File_1494",2,132,66.00,66.00,60,72
"Compare_File_2579",2,132,66.00,66.00,65,67
"Compare_File_2981",2,132,66.00,66.00,56,76
"Compare_File_3363",2,132,66.00,66.00,11,121
"Compare_File_363",2,132,66.00,66.00,42,90
"Compare_File_1109",2,132,66.00,66.00,30,102
"Compare_File_981",2,132,66.00,66.00,17,115
"Compare_File_747",2,132,66.00,66.00,23,109
"Compare_File_2057",2,132,66.00,66.00,37,95
"Compare_File_3963",2,132,66.00,66.00,25,107
"Compare_File_1633",2,131,65.50,65.50,58,73
"Compare_File_1210",2,131,65.50,65.50,21,110
"Compare_File_2309",2,131,65.50,65.50,56,75
"Compare_File_994",2,131,65.50,65.50,15,116
"Compare_File_3556",2,131,65.50,65.50,26,105
"Compare_File_370",2,131,65.50,65.50,64,67
"Compare_File_1289",2,131,65.50,65.50,24,107
"Compare_File_1970",2,131,65.50,65.50,58,73
"Compare_File_3273",2,131,65.50,65.50,20,111
"Compare_File_571",2,131,65.50,65.50,9,122
"Compare_File_1818",2,131,65.50,65.50,24,107
"Compare_File_3112",2,131,65.50,65.50,15,116
"Compare_File_3085",2,131,65.50,65.50,54,77
"Compare_File_3325",2,131,65.50,65.50,31,100
"Compare_File_2916",2,130,65.00,65.00,41,89
"Compare_File_2855",2,130,65.00,65.00,59,71
"Compare_File_1814",2,130,65.00,65.00,20,110
"Compare_File_2860",2,130,65.00,65.00,55,75
"Compare_File_796",2,130,65.00,65.00,15,115
"Compare_File_580",2,130,65.00,65.00,14,116
"Compare_File_2541",2,130,65.00,65.00,31,99
"Compare_File_3393",2,130,65.00,65.00,22,108
"Compare_File_97",2,130,65.00,65.00,17,113
"Compare_File_518",2,130,65.00,65.00,14,116
"Compare_File_2090",2,130,65.00,65.00,21,109
"Compare_File_1006",2,130,65.00,65.00,46,84
"Compare_File_3666",2,130,65.00,65.00,38,92
"Compare_File_1287",2,129,64.50,64.50,18,111
"Compare_File_1029",2,129,64.50,64.50,28,101
"Compare_File_3827",2,129,64.50,64.50,31,98
"Compare_File_2079",2,129,64.50,64.50,18,111
"Compare_File_737",2,129,64.50,64.50,17,112
"Compare_File_1754",2,129,64.50,64.50,18,111
"Compare_File_633",2,129,64.50,64.50,47,82
"Compare_File_3483",2,129,64.50,64.50,23,106
"Compare_File_2700",2,129,64.50,64.50,26,103
"Compare_File_3096",2,129,64.50,64.50,59,70
"Compare_File_2287",2,129,64.50,64.50,59,70
"Compare_File_2206",2,129,64.50,64.50,19,110
"Compare_File_3562",2,129,64.50,64.50,44,85
"Compare_File_326",2,129,64.50,64.50,27,102
"Compare_File_2322",2,129,64.50,64.50,28,101
"Compare_File_2735",2,129,64.50,64.50,34,95
"Compare_File_1254",2,129,64.50,64.50,26,103
"Compare_File_1902",2,129,64.50,64.50,47,82
"Compare_File_2878",2,129,64.50,64.50,20,109
"Compare_File_1141",2,129,64.50,64.50,60,69
"Compare_File_3477",2,128,64.00,64.00,58,70
"Compare_File_789",2,128,64.00,64.00,27,101
"Compare_File_2141",2,128,64.00,64.00,21,107
"Compare_File_1971",2,128,64.00,64.00,47,81
"Compare_File_3432",2,128,64.00,64.00,26,102
"Compare_File_454",2,128,64.00,64.00,20,108
"Compare_File_1719",2,128,64.00,64.00,23,105
"Compare_File_2341",2,128,64.00,64.00,15,113
"Compare_File_2648",2,128,64.00,64.00,62,66
"Compare_File_456",2,128,64.00,64.00,22,106
"Compare_File_699",2,128,64.00,64.00,62,66
"Compare_File_1230",2,128,64.00,64.00,37,91
"Compare_File_1326",2,128,64.00,64.00,14,114
"Compare_File_1930",2,127,63.50,63.50,20,107
"Compare_File_1223",2,127,63.50,63.50,21,106
"Compare_File_1975",2,127,63.50,63.50,54,73
"Compare_File_2923",2,127,63.50,63.50,54,73
"Compare_File_2327",2,127,63.50,63.50,12,115
"Compare_File_1173",2,127,63.50,63.50,49,78
"Compare_File_544",2,127,63.50,63.50,14,113
"Compare_File_3479",2,127,63.50,63.50,40,87
"Compare_File_689",2,127,63.50,63.50,18,109
"Compare_File_3704",2,127,63.50,63.50,14,113
"Compare_File_2353",2,127,63.50,63.50,21,106
"Compare_File_626",2,126,63.00,63.00,60,66
"Compare_File_1963",2,126,63.00,63.00,42,84
"Compare_File_3282",2,126,63.00,63.00,13,113
"Compare_File_3961",2,126,63.00,63.00,40,86
"Compare_File_516",2,126,63.00,63.00,14,112
"Compare_File_1257",2,126,63.00,63.00,33,93
"Compare_File_629",2,126,63.00,63.00,33,93
"Compare_File_502",2,126,63.00,63.00,12,114
"Compare_File_462",2,126,63.00,63.00,33,93
"Compare_File_2649",2,126,63.00,63.00,18,108
"Compare_File_2738",2,126,63.00,63.00,20,106
"Compare_File_1820",2,126,63.00,63.00,19,107
"Compare_File_666",2,126,63.00,63.00,40,86
"Compare_File_89",2,126,63.00,63.00,12,114
"Compare_File_2638",2,126,63.00,63.00,20,106
"Compare_File_1059",2,125,62.50,62.50,20,105
"Compare_File_2054",2,125,62.50,62.50,61,64
"Compare_File_984",2,125,62.50,62.50,22,103
"Compare_File_2298",2,125,62.50,62.50,37,88
"Compare_File_3638",2,125,62.50,62.50,28,97
"Compare_File_881",2,125,62.50,62.50,31,94
"Compare_File_2111",2,125,62.50,62.50,30,95
"Compare_File_3063",2,125,62.50,62.50,10,115
"Compare_File_1138",2,125,62.50,62.50,51,74
"Compare_File_1422",2,125,62.50,62.50,20,105
"Compare_File_3849",2,125,62.50,62.50,34,91
"Compare_File_2227",2,125,62.50,62.50,50,75
"Compare_File_2416",2,125,62.50,62.50,39,86
"Compare_File_526",2,125,62.50,62.50,58,67
"Compare_File_3905",2,124,62.00,62.00,12,112
"Compare_File_528",2,124,62.00,62.00,52,72
"Compare_File_2531",2,124,62.00,62.00,10,114
"Compare_File_104",2,124,62.00,62.00,17,107
"Compare_File_1637",2,124,62.00,62.00,33,91
"Compare_File_795",2,124,62.00,62.00,7,117
"Compare_File_1083",2,124,62.00,62.00,22,102
"Compare_File_2914",2,124,62.00,62.00,36,88
"Compare_File_2591",2,124,62.00,62.00,50,74
"Compare_File_1936",2,124,62.00,62.00,61,63
"Compare_File_2504",2,124,62.00,62.00,18,106
"Compare_File_3302",2,124,62.00,62.00,41,83
"Compare_File_787",2,124,62.00,62.00,15,109
"Compare_File_2980",2,124,62.00,62.00,56,68
"Compare_File_1114",2,124,62.00,62.00,11,113
"Compare_File_2530",2,123,61.50,61.50,10,113
"Compare_File_2484",2,123,61.50,61.50,21,102
"Compare_File_3977",2,123,61.50,61.50,12,111
"Compare_File_1174",2,123,61.50,61.50,49,74
"Compare_File_3028",2,123,61.50,61.50,18,105
"Compare_File_776",2,123,61.50,61.50,24,99
"Compare_File_3611",2,123,61.50,61.50,10,113
"Compare_File_2898",2,123,61.50,61.50,46,77
"Compare_File_1295",2,123,61.50,61.50,24,99
"Compare_File_2780",2,123,61.50,61.50,30,93
"Compare_File_2534",2,123,61.50,61.50,41,82
"Compare_File_2347",2,123,61.50,61.50,23,100
"Compare_File_3505",2,123,61.50,61.50,57,66
"Compare_File_1053",2,123,61.50,61.50,22,101
"Compare_File_3823",2,123,61.50,61.50,18,105
"Compare_File_3171",2,123,61.50,61.50,57,66
"Compare_File_1247",2,123,61.50,61.50,41,82
"Compare_File_1635",2,123,61.50,61.50,38,85
"Compare_File_3176",2,123,61.50,61.50,10,113
"Compare_File_3586",2,122,61.00,61.00,14,108
"Compare_File_457",2,122,61.00,61.00,32,90
"Compare_File_594",2,122,61.00,61.00,21,101
"Compare_File_2488",2,122,61.00,61.00,19,103
"Compare_File_821",2,122,61.00,61.00,54,68
"Compare_File_3682",2,122,61.00,61.00,59,63
"Compare_File_786",2,122,61.00,61.00,13,109
"Compare_File_532",2,122,61.00,61.00,14,108
"Compare_File_41",2,122,61.00,61.00,9,113
"Compare_File_1667",2,122,61.00,61.00,13,109
"Compare_File_970",2,122,61.00,61.00,44,78
"Compare_File_1563",2,122,61.00,61.00,24,98
"Compare_File_2940",2,121,60.50,60.50,33,88
"Compare_File_3779",2,121,60.50,60.50,11,110
"Compare_File_1879",2,121,60.50,60.50,13,108
"Compare_File_3805",2,121,60.50,60.50,38,83
"Compare_File_1535",2,121,60.50,60.50,33,88
"Compare_File_596",2,121,60.50,60.50,22,99
"Compare_File_3955",2,121,60.50,60.50,20,101
"Compare_File_3443",2,121,60.50,60.50,10,111
"Compare_File_1795",2,121,60.50,60.50,45,76
"Compare_File_133",2,121,60.50,60.50,46,75
"Compare_File_730",2,120,60.00,60.00,35,85
"Compare_File_3456",2,120,60.00,60.00,53,67
"Compare_File_947",2,120,60.00,60.00,29,91
"Compare_File_2517",2,120,60.00,60.00,50,70
"Compare_File_3941",2,120,60.00,60.00,37,83
"Compare_File_3994",2,120,60.00,60.00,55,65
"Compare_File_495",2,120,60.00,60.00,9,111
"Compare_File_3956",2,120,60.00,60.00,44,76
"Compare_File_1957",2,120,60.00,60.00,18,102
"Compare_File_3493",2,120,60.00,60.00,33,87
"Compare_File_3250",2,120,60.00,60.00,45,75
"Compare_File_1991",2,120,60.00,60.00,12,108
"Compare_File_1390",2,120,60.00,60.00,27,93
"Compare_File_1054",2,120,60.00,60.00,23,97
"Compare_File_990",2,119,59.50,59.50,21,98
"Compare_File_592",2,119,59.50,59.50,19,100
"Compare_File_3879",2,119,59.50,59.50,37,82
"Compare_File_1037",2,119,59.50,59.50,22,97
"Compare_File_3248",2,119,59.50,59.50,27,92
"Compare_File_337",2,119,59.50,59.50,32,87
"Compare_File_522",2,119,59.50,59.50,14,105
"Compare_File_2139",2,119,59.50,59.50,23,96
"Compare_File_61",2,119,59.50,59.50,32,87
"Compare_File_2225",2,119,59.50,59.50,44,75
"Compare_File_2051",2,119,59.50,59.50,59,60
"Compare_File_684",2,119,59.50,59.50,21,98
"Compare_File_3311",2,119,59.50,59.50,31,88
"Compare_File_604",2,119,59.50,59.50,55,64
"Compare_File_465",2,119,59.50,59.50,47,72
"Compare_File_2001",2,119,59.50,59.50,34,85
"Compare_File_3976",2,119,59.50,59.50,12,107
"Compare_File_2565",2,119,59.50,59.50,28,91
"Compare_File_2513",2,119,59.50,59.50,44,75
"Compare_File_1755",2,119,59.50,59.50,8,111
"Compare_File_497",2,119,59.50,59.50,13,106
"Compare_File_1792",2,119,59.50,59.50,19,100
"Compare_File_1554",2,119,59.50,59.50,34,85
"Compare_File_3129",2,119,59.50,59.50,24,95
"Compare_File_1539",2,119,59.50,59.50,24,95
"Compare_File_2662",2,118,59.00,59.00,35,83
"Compare_File_1272",2,118,59.00,59.00,25,93
"Compare_File_1584",2,118,59.00,59.00,49,69
"Compare_File_1558",2,118,59.00,59.00,56,62
"Compare_File_1186",2,118,59.00,59.00,26,92
"Compare_File_3484",2,118,59.00,59.00,41,77
"Compare_File_2701",2,118,59.00,59.00,41,77
"Compare_File_2119",2,118,59.00,59.00,29,89
"Compare_File_1922",2,118,59.00,59.00,8,110
"Compare_File_3967",2,118,59.00,59.00,15,103
"Compare_File_3261",2,118,59.00,59.00,31,87
"Compare_File_2996",2,118,59.00,59.00,30,88
"Compare_File_2219",2,118,59.00,59.00,23,95
"Compare_File_1020",2,118,59.00,59.00,57,61
"Compare_File_2684",2,118,59.00,59.00,18,100
"Compare_File_2268",2,118,59.00,59.00,32,86
"Compare_File_3990",2,118,59.00,59.00,48,70
"Compare_File_1623",2,118,59.00,59.00,49,69
"Compare_File_517",2,117,58.50,58.50,12,105
"Compare_File_2801",2,117,58.50,58.50,31,86
"Compare_File_868",2,117,58.50,58.50,26,91
"Compare_File_3639",2,117,58.50,58.50,43,74
"Compare_File_1500",2,117,58.50,58.50,14,103
"Compare_File_2052",2,117,58.50,58.50,53,64
"Compare_File_397",2,117,58.50,58.50,23,94
"Compare_File_2689",2,117,58.50,58.50,39,78
"Compare_File_3542",2,117,58.50,58.50,52,65
"Compare_File_3589",2,117,58.50,58.50,13,104
"Compare_File_242",2,117,58.50,58.50,55,62
"Compare_File_1901",2,117,58.50,58.50,45,72
"Compare_File_1275",2,117,58.50,58.50,48,69
"Compare_File_1787",2,116,58.00,58.00,23,93
"Compare_File_3581",2,116,58.00,58.00,39,77
"Compare_File_964",2,116,58.00,58.00,38,78
"Compare_File_3709",2,116,58.00,58.00,24,92
"Compare_File_3931",2,116,58.00,58.00,20,96
"Compare_File_2501",2,116,58.00,58.00,42,74
"Compare_File_607",2,116,58.00,58.00,50,66
"Compare_File_1680",2,116,58.00,58.00,24,92
"Compare_File_3512",2,116,58.00,58.00,30,86
"Compare_File_777",2,116,58.00,58.00,26,90
"Compare_File_3501",2,116,58.00,58.00,32,84
"Compare_File_1841",2,115,57.50,57.50,45,70
"Compare_File_651",2,115,57.50,57.50,46,69
"Compare_File_1517",2,115,57.50,57.50,22,93
"Compare_File_2890",2,115,57.50,57.50,37,78
"Compare_File_1330",2,115,57.50,57.50,11,104
"Compare_File_2759",2,115,57.50,57.50,9,106
"Compare_File_2664",2,115,57.50,57.50,41,74
"Compare_File_1078",2,115,57.50,57.50,11,104
"Compare_File_2887",2,115,57.50,57.50,20,95
"Compare_File_1977",2,115,57.50,57.50,47,68
"Compare_File_1240",2,115,57.50,57.50,15,100
"Compare_File_742",2,115,57.50,57.50,42,73
"Compare_File_463",2,115,57.50,57.50,38,77
"Compare_File_230",2,115,57.50,57.50,44,71
"Compare_File_962",2,114,57.00,57.00,53,61
"Compare_File_3535",2,114,57.00,57.00,46,68
"Compare_File_2773",2,114,57.00,57.00,24,90
"Compare_File_917",2,114,57.00,57.00,9,105
"Compare_File_1514",2,114,57.00,57.00,26,88
"Compare_File_1331",2,114,57.00,57.00,13,101
"Compare_File_2017",2,114,57.00,57.00,24,90
"Compare_File_3394",2,114,57.00,57.00,40,74
"Compare_File_712",2,114,57.00,57.00,23,91
"Compare_File_2420",2,114,57.00,57.00,27,87
"Compare_File_1784",2,114,57.00,57.00,26,88
"Compare_File_2640",2,113,56.50,56.50,31,82
"Compare_File_2012",2,113,56.50,56.50,34,79
"Compare_File_2543",2,113,56.50,56.50,50,63
"Compare_File_1333",2,113,56.50,56.50,12,101
"Compare_File_1966",2,113,56.50,56.50,29,84
"Compare_File_809",2,113,56.50,56.50,38,75
"Compare_File_383",2,113,56.50,56.50,12,101
"Compare_File_1852",2,113,56.50,56.50,26,87
"Compare_File_3292",2,113,56.50,56.50,17,96
"Compare_File_1060",2,113,56.50,56.50,24,89
"Compare_File_2213",2,112,56.00,56.00,33,79
"Compare_File_1519",2,112,56.00,56.00,9,103
"Compare_File_654",2,112,56.00,56.00,25,87
"Compare_File_1220",2,112,56.00,56.00,12,100
"Compare_File_3158",2,112,56.00,56.00,22,90
"Compare_File_2884",2,112,56.00,56.00,17,95
"Compare_File_2740",2,112,56.00,56.00,10,102
"Compare_File_2763",2,112,56.00,56.00,49,63
"Compare_File_2772",2,112,56.00,56.00,35,77
"Compare_File_2653",2,112,56.00,56.00,14,98
"Compare_File_1175",2,112,56.00,56.00,49,63
"Compare_File_1023",2,112,56.00,56.00,46,66
"Compare_File_3919",2,112,56.00,56.00,53,59
"Compare_File_2110",2,112,56.00,56.00,17,95
"Compare_File_2031",2,112,56.00,56.00,40,72
"Compare_File_995",2,112,56.00,56.00,44,68
"Compare_File_3224",2,111,55.50,55.50,34,77
"Compare_File_2048",2,111,55.50,55.50,33,78
"Compare_File_1918",2,111,55.50,55.50,8,103
"Compare_File_1811",2,111,55.50,55.50,45,66
"Compare_File_1536",2,111,55.50,55.50,25,86
"Compare_File_710",2,111,55.50,55.50,23,88
"Compare_File_1464",2,111,55.50,55.50,20,91
"Compare_File_2699",2,111,55.50,55.50,48,63
"Compare_File_2686",2,111,55.50,55.50,23,88
"Compare_File_1365",2,111,55.50,55.50,45,66
"Compare_File_2034",2,111,55.50,55.50,31,80
"Compare_File_368",2,111,55.50,55.50,29,82
"Compare_File_2792",2,111,55.50,55.50,49,62
"Compare_File_3598",2,110,55.00,55.00,12,98
"Compare_File_98",2,110,55.00,55.00,14,96
"Compare_File_688",2,110,55.00,55.00,24,86
"Compare_File_3499",2,110,55.00,55.00,43,67
"Compare_File_3792",2,110,55.00,55.00,46,64
"Compare_File_3907",2,110,55.00,55.00,11,99
"Compare_File_1507",2,110,55.00,55.00,38,72
"Compare_File_2634",2,110,55.00,55.00,23,87
"Compare_File_2730",2,110,55.00,55.00,9,101
"Compare_File_2062",2,110,55.00,55.00,27,83
"Compare_File_2552",2,110,55.00,55.00,9,101
"Compare_File_1080",2,110,55.00,55.00,9,101
"Compare_File_1999",2,110,55.00,55.00,28,82
"Compare_File_3591",2,109,54.50,54.50,12,97
"Compare_File_563",2,109,54.50,54.50,11,98
"Compare_File_3840",2,109,54.50,54.50,22,87
"Compare_File_1788",2,109,54.50,54.50,19,90
"Compare_File_2465",2,109,54.50,54.50,13,96
"Compare_File_2245",2,109,54.50,54.50,30,79
"Compare_File_2291",2,109,54.50,54.50,45,64
"Compare_File_129",2,109,54.50,54.50,41,68
"Compare_File_1785",2,109,54.50,54.50,21,88
"Compare_File_3117",2,109,54.50,54.50,12,97
"Compare_File_1246",2,109,54.50,54.50,19,90
"Compare_File_3335",2,109,54.50,54.50,22,87
"Compare_File_1738",2,109,54.50,54.50,18,91
"Compare_File_3982",2,109,54.50,54.50,10,99
"Compare_File_3119",2,109,54.50,54.50,31,78
"Compare_File_1181",2,109,54.50,54.50,40,69
"Compare_File_3485",2,109,54.50,54.50,45,64
"Compare_File_2477",2,109,54.50,54.50,30,79
"Compare_File_3763",2,109,54.50,54.50,21,88
"Compare_File_2193",2,109,54.50,54.50,50,59
"Compare_File_352",2,109,54.50,54.50,31,78
"Compare_File_2006",2,109,54.50,54.50,29,80
"Compare_File_774",2,108,54.00,54.00,13,95
"Compare_File_2924",2,108,54.00,54.00,22,86
"Compare_File_3294",2,108,54.00,54.00,25,83
"Compare_File_2675",2,108,54.00,54.00,42,66
"Compare_File_3003",2,108,54.00,54.00,49,59
"Compare_File_790",2,108,54.00,54.00,14,94
"Compare_File_2944",2,108,54.00,54.00,16,92
"Compare_File_1227",2,108,54.00,54.00,20,88
"Compare_File_2160",2,108,54.00,54.00,30,78
"Compare_File_2838",2,108,54.00,54.00,33,75
"Compare_File_1321",2,108,54.00,54.00,28,80
"Compare_File_3380",2,108,54.00,54.00,35,73
"Compare_File_2103",2,108,54.00,54.00,25,83
"Compare_File_3934",2,108,54.00,54.00,22,86
"Compare_File_1003",2,108,54.00,54.00,9,99
"Compare_File_1890",2,108,54.00,54.00,46,62
"Compare_File_2875",2,107,53.50,53.50,22,85
"Compare_File_3444",2,107,53.50,53.50,11,96
"Compare_File_3974",2,107,53.50,53.50,23,84
"Compare_File_2406",2,107,53.50,53.50,18,89
"Compare_File_1424",2,107,53.50,53.50,11,96
"Compare_File_3986",2,107,53.50,53.50,44,63
"Compare_File_2021",2,107,53.50,53.50,27,80
"Compare_File_3166",2,107,53.50,53.50,24,83
"Compare_File_432",2,107,53.50,53.50,34,73
"Compare_File_866",2,107,53.50,53.50,13,94
"Compare_File_1194",2,107,53.50,53.50,46,61
"Compare_File_657",2,107,53.50,53.50,42,65
"Compare_File_2533",2,107,53.50,53.50,13,94
"Compare_File_2013",2,107,53.50,53.50,51,56
"Compare_File_2871",2,107,53.50,53.50,35,72
"Compare_File_3239",2,107,53.50,53.50,52,55
"Compare_File_869",2,107,53.50,53.50,13,94
"Compare_File_1924",2,107,53.50,53.50,25,82
"Compare_File_455",2,107,53.50,53.50,21,86
"Compare_File_2276",2,106,53.00,53.00,39,67
"Compare_File_972",2,106,53.00,53.00,22,84
"Compare_File_2660",2,106,53.00,53.00,11,95
"Compare_File_1632",2,106,53.00,53.00,43,63
"Compare_File_647",2,106,53.00,53.00,38,68
"Compare_File_2284",2,106,53.00,53.00,35,71
"Compare_File_982",2,106,53.00,53.00,40,66
"Compare_File_2392",2,106,53.00,53.00,48,58
"Compare_File_1216",2,106,53.00,53.00,22,84
"Compare_File_901",2,106,53.00,53.00,22,84
"Compare_File_627",2,106,53.00,53.00,29,77
"Compare_File_716",2,106,53.00,53.00,39,67
"Compare_File_1593",2,106,53.00,53.00,21,85
"Compare_File_2321",2,106,53.00,53.00,36,70
"Compare_File_3603",2,105,52.50,52.50,25,80
"Compare_File_1534",2,105,52.50,52.50,33,72
"Compare_File_3585",2,105,52.50,52.50,32,73
"Compare_File_3317",2,105,52.50,52.50,20,85
"Compare_File_2269",2,105,52.50,52.50,28,77
"Compare_File_3469",2,105,52.50,52.50,25,80
"Compare_File_321",2,105,52.50,52.50,25,80
"Compare_File_3468",2,105,52.50,52.50,30,75
"Compare_File_2040",2,105,52.50,52.50,27,78
"Compare_File_3391",2,105,52.50,52.50,51,54
"Compare_File_1794",2,105,52.50,52.50,27,78
"Compare_File_3633",2,105,52.50,52.50,10,95
"Compare_File_819",2,105,52.50,52.50,21,84
"Compare_File_48",2,105,52.50,52.50,23,82
"Compare_File_2262",2,105,52.50,52.50,19,86
"Compare_File_88",2,105,52.50,52.50,12,93
"Compare_File_1696",2,105,52.50,52.50,17,88
"Compare_File_3211",2,105,52.50,52.50,15,90
"Compare_File_3979",2,105,52.50,52.50,13,92
"Compare_File_2081",2,104,52.00,52.00,48,56
"Compare_File_1589",2,104,52.00,52.00,20,84
"Compare_File_3674",2,104,52.00,52.00,28,76
"Compare_File_1157",2,104,52.00,52.00,12,92
"Compare_File_3215",2,104,52.00,52.00,11,93
"Compare_File_1197",2,104,52.00,52.00,16,88
"Compare_File_333",2,104,52.00,52.00,36,68
"Compare_File_3539",2,104,52.00,52.00,35,69
"Compare_File_1810",2,104,52.00,52.00,22,82
"Compare_File_3632",2,104,52.00,52.00,14,90
"Compare_File_2409",2,104,52.00,52.00,18,86
"Compare_File_1264",2,104,52.00,52.00,41,63
"Compare_File_3838",2,104,52.00,52.00,11,93
"Compare_File_3472",2,104,52.00,52.00,31,73
"Compare_File_639",2,103,51.50,51.50,20,83
"Compare_File_1898",2,103,51.50,51.50,15,88
"Compare_File_3516",2,103,51.50,51.50,22,81
"Compare_File_90",2,103,51.50,51.50,13,90
"Compare_File_2869",2,103,51.50,51.50,30,73
"Compare_File_1939",2,103,51.50,51.50,48,55
"Compare_File_2566",2,103,51.50,51.50,33,70
"Compare_File_458",2,103,51.50,51.50,47,56
"Compare_File_3226",2,103,51.50,51.50,10,93
"Compare_File_109",2,103,51.50,51.50,43,60
"Compare_File_713",2,103,51.50,51.50,38,65
"Compare_File_103",2,103,51.50,51.50,43,60
"Compare_File_313",2,103,51.50,51.50,50,53
"Compare_File_2189",2,103,51.50,51.50,42,61
"Compare_File_3880",2,103,51.50,51.50,43,60
"Compare_File_2645",2,103,51.50,51.50,11,92
"Compare_File_1720",2,103,51.50,51.50,24,79
"Compare_File_736",2,103,51.50,51.50,36,67
"Compare_File_572",2,103,51.50,51.50,27,76
"Compare_File_65",2,103,51.50,51.50,27,76
"Compare_File_894",2,102,51.00,51.00,36,66
"Compare_File_875",2,102,51.00,51.00,33,69
"Compare_File_1217",2,102,51.00,51.00,21,81
"Compare_File_1768",2,102,51.00,51.00,30,72
"Compare_File_1435",2,102,51.00,51.00,46,56
"Compare_File_1091",2,102,51.00,51.00,13,89
"Compare_File_726",2,102,51.00,51.00,50,52
"Compare_File_2938",2,102,51.00,51.00,30,72
"Compare_File_3201",2,102,51.00,51.00,25,77
"Compare_File_2500",2,102,51.00,51.00,19,83
"Compare_File_1193",2,102,51.00,51.00,22,80
"Compare_File_2286",2,102,51.00,51.00,42,60
"Compare_File_3464",2,102,51.00,51.00,19,83
"Compare_File_1226",2,101,50.50,50.50,19,82
"Compare_File_3089",2,101,50.50,50.50,32,69
"Compare_File_3473",2,101,50.50,50.50,33,68
"Compare_File_3809",2,101,50.50,50.50,30,71
"Compare_File_2419",2,101,50.50,50.50,12,89
"Compare_File_3082",2,101,50.50,50.50,17,84
"Compare_File_650",2,101,50.50,50.50,21,80
"Compare_File_3647",2,101,50.50,50.50,31,70
"Compare_File_1995",2,101,50.50,50.50,46,55
"Compare_File_2289",2,101,50.50,50.50,50,51
"Compare_File_3463",2,101,50.50,50.50,22,79
"Compare_File_903",2,101,50.50,50.50,39,62
"Compare_File_2681",2,101,50.50,50.50,15,86
"Compare_File_3362",2,101,50.50,50.50,11,90
"Compare_File_1826",2,100,50.00,50.00,18,82
"Compare_File_2728",2,100,50.00,50.00,11,89
"Compare_File_2563",2,100,50.00,50.00,28,72
"Compare_File_390",2,100,50.00,50.00,36,64
"Compare_File_1793",2,100,50.00,50.00,18,82
"Compare_File_2156",2,100,50.00,50.00,35,65
"Compare_File_549",2,100,50.00,50.00,23,77
"Compare_File_2251",2,100,50.00,50.00,24,76
"Compare_File_949",2,100,50.00,50.00,22,78
"Compare_File_1431",2,100,50.00,50.00,9,91
"Compare_File_47",2,99,49.50,49.50,11,88
"Compare_File_2082",2,99,49.50,49.50,43,56
"Compare_File_3594",2,99,49.50,49.50,11,88
"Compare_File_2651",2,99,49.50,49.50,45,54
"Compare_File_1520",2,99,49.50,49.50,9,90
"Compare_File_3332",2,99,49.50,49.50,20,79
"Compare_File_1283",2,99,49.50,49.50,22,77
"Compare_File_1896",2,99,49.50,49.50,26,73
"Compare_File_63",2,99,49.50,49.50,10,89
"Compare_File_3531",2,99,49.50,49.50,41,58
"Compare_File_2446",2,99,49.50,49.50,23,76
"Compare_File_1486",2,99,49.50,49.50,11,88
"Compare_File_3241",2,99,49.50,49.50,42,57
"Compare_File_599",2,99,49.50,49.50,20,79
"Compare_File_3595",2,99,49.50,49.50,12,87
"Compare_File_646",2,99,49.50,49.50,27,72
"Compare_File_2483",2,99,49.50,49.50,16,83
"Compare_File_590",2,99,49.50,49.50,30,69
"Compare_File_3025",2,99,49.50,49.50,24,75
"Compare_File_2630",2,99,49.50,49.50,40,59
"Compare_File_2008",2,99,49.50,49.50,19,80
"Compare_File_2047",2,98,49.00,49.00,19,79
"Compare_File_3142",2,98,49.00,49.00,23,75
"Compare_File_2272",2,98,49.00,49.00,34,64
"Compare_File_3264",2,98,49.00,49.00,35,63
"Compare_File_1838",2,98,49.00,49.00,19,79
"Compare_File_772",2,98,49.00,49.00,10,88
"Compare_File_2049",2,98,49.00,49.00,41,57
"Compare_File_2428",2,98,49.00,49.00,23,75
"Compare_File_681",2,98,49.00,49.00,26,72
"Compare_File_1332",2,98,49.00,49.00,11,87
"Compare_File_3686",2,98,49.00,49.00,39,59
"Compare_File_3135",2,98,49.00,49.00,21,77
"Compare_File_1184",2,98,49.00,49.00,42,56
"Compare_File_735",2,97,48.50,48.50,21,76
"Compare_File_1506",2,97,48.50,48.50,39,58
"Compare_File_2495",2,97,48.50,48.50,28,69
"Compare_File_2299",2,97,48.50,48.50,43,54
"Compare_File_885",2,97,48.50,48.50,8,89
"Compare_File_1579",2,97,48.50,48.50,45,52
"Compare_File_2439",2,97,48.50,48.50,25,72
"Compare_File_3276",2,97,48.50,48.50,19,78
"Compare_File_2895",2,97,48.50,48.50,39,58
"Compare_File_3728",2,97,48.50,48.50,8,89
"Compare_File_2186",2,97,48.50,48.50,44,53
"Compare_File_46",2,97,48.50,48.50,10,87
"Compare_File_616",2,97,48.50,48.50,38,59
"Compare_File_3253",2,97,48.50,48.50,41,56
"Compare_File_2194",2,97,48.50,48.50,43,54
"Compare_File_3322",2,97,48.50,48.50,27,70
"Compare_File_2995",2,97,48.50,48.50,16,81
"Compare_File_3528",2,97,48.50,48.50,41,56
"Compare_File_2095",2,97,48.50,48.50,31,66
"Compare_File_960",2,97,48.50,48.50,19,78
"Compare_File_3851",2,96,48.00,48.00,11,85
"Compare_File_740",2,96,48.00,48.00,47,49
"Compare_File_1926",2,96,48.00,48.00,21,75
"Compare_File_2842",2,96,48.00,48.00,35,61
"Compare_File_1384",2,96,48.00,48.00,35,61
"Compare_File_3518",2,96,48.00,48.00,20,76
"Compare_File_1622",2,96,48.00,48.00,30,66
"Compare_File_1587",2,96,48.00,48.00,28,68
"Compare_File_3364",2,96,48.00,48.00,10,86
"Compare_File_3862",2,96,48.00,48.00,47,49
"Compare_File_573",2,96,48.00,48.00,12,84
"Compare_File_2325",2,96,48.00,48.00,10,86
"Compare_File_687",2,96,48.00,48.00,23,73
"Compare_File_3435",2,96,48.00,48.00,29,67
"Compare_File_1075",2,96,48.00,48.00,32,64
"Compare_File_3577",2,96,48.00,48.00,25,71
"Compare_File_2507",2,96,48.00,48.00,45,51
"Compare_File_2710",2,96,48.00,48.00,30,66
"Compare_File_2569",2,96,48.00,48.00,24,72
"Compare_File_3527",2,96,48.00,48.00,28,68
"Compare_File_359",2,96,48.00,48.00,40,56
"Compare_File_2329",2,96,48.00,48.00,15,81
"Compare_File_3871",2,95,47.50,47.50,27,68
"Compare_File_3376",2,95,47.50,47.50,18,77
"Compare_File_1911",2,95,47.50,47.50,19,76
"Compare_File_3368",2,95,47.50,47.50,9,86
"Compare_File_2009",2,95,47.50,47.50,22,73
"Compare_File_2460",2,95,47.50,47.50,9,86
"Compare_File_3774",2,95,47.50,47.50,35,60
"Compare_File_1933",2,95,47.50,47.50,27,68
"Compare_File_1248",2,95,47.50,47.50,8,87
"Compare_File_1553",2,95,47.50,47.50,34,61
"Compare_File_636",2,95,47.50,47.50,21,74
"Compare_File_2200",2,95,47.50,47.50,36,59
"Compare_File_640",2,95,47.50,47.50,21,74
"Compare_File_1079",2,95,47.50,47.50,34,61
"Compare_File_1335",2,95,47.50,47.50,11,84
"Compare_File_1837",2,94,47.00,47.00,31,63
"Compare_File_1910",2,94,47.00,47.00,34,60
"Compare_File_692",2,94,47.00,47.00,20,74
"Compare_File_3390",2,94,47.00,47.00,9,85
"Compare_File_959",2,94,47.00,47.00,23,71
"Compare_File_3183",2,94,47.00,47.00,42,52
"Compare_File_2281",2,94,47.00,47.00,19,75
"Compare_File_1087",2,94,47.00,47.00,23,71
"Compare_File_1821",2,94,47.00,47.00,33,61
"Compare_File_2587",2,94,47.00,47.00,27,67
"Compare_File_2965",2,94,47.00,47.00,46,48
"Compare_File_1935",2,94,47.00,47.00,38,56
"Compare_File_2688",2,93,46.50,46.50,22,71
"Compare_File_3005",2,93,46.50,46.50,40,53
"Compare_File_1868",2,93,46.50,46.50,19,74
"Compare_File_922",2,93,46.50,46.50,12,81
"Compare_File_3196",2,93,46.50,46.50,44,49
"Compare_File_642",2,93,46.50,46.50,19,74
"Compare_File_2318",2,93,46.50,46.50,43,50
"Compare_File_3043",2,93,46.50,46.50,14,79
"Compare_File_600",2,93,46.50,46.50,22,71
"Compare_File_2292",2,93,46.50,46.50,34,59
"Compare_File_2279",2,93,46.50,46.50,35,58
"Compare_File_3041",2,92,46.00,46.00,17,75
"Compare_File_3207",2,92,46.00,46.00,25,67
"Compare_File_2414",2,92,46.00,46.00,17,75
"Compare_File_3316",2,92,46.00,46.00,39,53
"Compare_File_1849",2,92,46.00,46.00,45,47
"Compare_File_1673",2,92,46.00,46.00,21,71
"Compare_File_2596",2,92,46.00,46.00,42,50
"Compare_File_1687",2,92,46.00,46.00,13,79
"Compare_File_2192",2,92,46.00,46.00,27,65
"Compare_File_3544",2,92,46.00,46.00,42,50
"Compare_File_2782",2,92,46.00,46.00,25,67
"Compare_File_2168",2,92,46.00,46.00,25,67
"Compare_File_2266",2,92,46.00,46.00,16,76
"Compare_File_3474",2,92,46.00,46.00,28,64
"Compare_File_3676",2,92,46.00,46.00,22,70
"Compare_File_2153",2,92,46.00,46.00,23,69
"Compare_File_1929",2,92,46.00,46.00,20,72
"Compare_File_132",2,92,46.00,46.00,20,72
"Compare_File_2235",2,92,46.00,46.00,25,67
"Compare_File_2564",2,92,46.00,46.00,27,65
"Compare_File_1261",2,91,45.50,45.50,36,55
"Compare_File_877",2,91,45.50,45.50,23,68
"Compare_File_1626",2,91,45.50,45.50,37,54
"Compare_File_3734",2,91,45.50,45.50,26,65
"Compare_File_3492",2,91,45.50,45.50,19,72
"Compare_File_3098",2,91,45.50,45.50,33,58
"Compare_File_3125",2,91,45.50,45.50,33,58
"Compare_File_2029",2,91,45.50,45.50,17,74
"Compare_File_2626",2,91,45.50,45.50,10,81
"Compare_File_369",2,91,45.50,45.50,40,51
"Compare_File_2806",2,91,45.50,45.50,17,74
"Compare_File_3664",2,91,45.50,45.50,28,63
"Compare_File_490",2,91,45.50,45.50,14,77
"Compare_File_867",2,91,45.50,45.50,17,74
"Compare_File_3145",2,91,45.50,45.50,17,74
"Compare_File_2984",2,91,45.50,45.50,11,80
"Compare_File_2966",2,91,45.50,45.50,32,59
"Compare_File_1008",2,91,45.50,45.50,17,74
"Compare_File_3130",2,90,45.00,45.00,20,70
"Compare_File_2642",2,90,45.00,45.00,22,68
"Compare_File_583",2,90,45.00,45.00,21,69
"Compare_File_2371",2,90,45.00,45.00,13,77
"Compare_File_991",2,90,45.00,45.00,12,78
"Compare_File_3829",2,90,45.00,45.00,20,70
"Compare_File_2423",2,90,45.00,45.00,41,49
"Compare_File_1250",2,90,45.00,45.00,24,66
"Compare_File_2036",2,90,45.00,45.00,25,65
"Compare_File_118",2,90,45.00,45.00,27,63
"Compare_File_589",2,90,45.00,45.00,17,73
"Compare_File_2197",2,90,45.00,45.00,39,51
"Compare_File_946",2,90,45.00,45.00,29,61
"Compare_File_1908",2,90,45.00,45.00,19,71
"Compare_File_121",2,90,45.00,45.00,36,54
"Compare_File_3927",2,90,45.00,45.00,27,63
"Compare_File_1393",2,90,45.00,45.00,20,70
"Compare_File_1244",2,89,44.50,44.50,35,54
"Compare_File_2952",2,89,44.50,44.50,41,48
"Compare_File_701",2,89,44.50,44.50,32,57
"Compare_File_3718",2,89,44.50,44.50,28,61
"Compare_File_3793",2,89,44.50,44.50,31,58
"Compare_File_2930",2,89,44.50,44.50,32,57
"Compare_File_3952",2,89,44.50,44.50,10,79
"Compare_File_2223",2,89,44.50,44.50,18,71
"Compare_File_3696",2,89,44.50,44.50,32,57
"Compare_File_1677",2,89,44.50,44.50,43,46
"Compare_File_2016",2,89,44.50,44.50,43,46
"Compare_File_3947",2,89,44.50,44.50,10,79
"Compare_File_3038",2,89,44.50,44.50,20,69
"Compare_File_375",2,89,44.50,44.50,22,67
"Compare_File_1294",2,89,44.50,44.50,20,69
"Compare_File_2039",2,89,44.50,44.50,26,63
"Compare_File_3087",2,88,44.00,44.00,22,66
"Compare_File_2393",2,88,44.00,44.00,31,57
"Compare_File_653",2,88,44.00,44.00,38,50
"Compare_File_1493",2,88,44.00,44.00,35,53
"Compare_File_3382",2,88,44.00,44.00,23,65
"Compare_File_968",2,88,44.00,44.00,37,51
"Compare_File_1211",2,88,44.00,44.00,25,63
"Compare_File_876",2,88,44.00,44.00,21,67
"Compare_File_379",2,88,44.00,44.00,40,48
"Compare_File_1571",2,88,44.00,44.00,27,61
"Compare_File_3791",2,88,44.00,44.00,28,60
"Compare_File_3231",2,88,44.00,44.00,9,79
"Compare_File_1697",2,88,44.00,44.00,19,69
"Compare_File_1809",2,88,44.00,44.00,19,69
"Compare_File_2755",2,88,44.00,44.00,28,60
"Compare_File_3803",2,88,44.00,44.00,19,69
"Compare_File_883",2,87,43.50,43.50,10,77
"Compare_File_3243",2,87,43.50,43.50,35,52
"Compare_File_2035",2,87,43.50,43.50,42,45
"Compare_File_291",2,87,43.50,43.50,15,72
"Compare_File_1236",2,87,43.50,43.50,8,79
"Compare_File_2171",2,87,43.50,43.50,22,65
"Compare_File_738",2,87,43.50,43.50,35,52
"Compare_File_1498",2,87,43.50,43.50,22,65
"Compare_File_3140",2,87,43.50,43.50,21,66
"Compare_File_3383",2,87,43.50,43.50,18,69
"Compare_File_3274",2,87,43.50,43.50,22,65
"Compare_File_3524",2,87,43.50,43.50,28,59
"Compare_File_3433",2,86,43.00,43.00,29,57
"Compare_File_2003",2,86,43.00,43.00,25,61
"Compare_File_975",2,86,43.00,43.00,15,71
"Compare_File_3987",2,86,43.00,43.00,42,44
"Compare_File_3563",2,86,43.00,43.00,38,48
"Compare_File_2990",2,86,43.00,43.00,39,47
"Compare_File_832",2,86,43.00,43.00,35,51
"Compare_File_3489",2,86,43.00,43.00,24,62
"Compare_File_1974",2,86,43.00,43.00,15,71
"Compare_File_2151",2,86,43.00,43.00,41,45
"Compare_File_1692",2,86,43.00,43.00,10,76
"Compare_File_567",2,86,43.00,43.00,23,63
"Compare_File_2658",2,86,43.00,43.00,10,76
"Compare_File_1808",2,86,43.00,43.00,19,67
"Compare_File_1195",2,85,42.50,42.50,19,66
"Compare_File_3062",2,85,42.50,42.50,27,58
"Compare_File_2816",2,85,42.50,42.50,40,45
"Compare_File_2986",2,85,42.50,42.50,9,76
"Compare_File_3710",2,85,42.50,42.50,27,58
"Compare_File_910",2,85,42.50,42.50,37,48
"Compare_File_2542",2,85,42.50,42.50,29,56
"Compare_File_739",2,85,42.50,42.50,33,52
"Compare_File_2656",2,85,42.50,42.50,36,49
"Compare_File_2756",2,85,42.50,42.50,30,55
"Compare_File_1767",2,85,42.50,42.50,41,44
"Compare_File_3307",2,85,42.50,42.50,22,63
"Compare_File_3203",2,85,42.50,42.50,35,50
"Compare_File_2879",2,85,42.50,42.50,21,64
"Compare_File_3906",2,85,42.50,42.50,18,67
"Compare_File_2885",2,85,42.50,42.50,20,65
"Compare_File_2020",2,85,42.50,42.50,34,51
"Compare_File_533",2,85,42.50,42.50,17,68
"Compare_File_3818",2,84,42.00,42.00,40,44
"Compare_File_3507",2,84,42.00,42.00,33,51
"Compare_File_2881",2,84,42.00,42.00,22,62
"Compare_File_2382",2,84,42.00,42.00,32,52
"Compare_File_3427",2,84,42.00,42.00,27,57
"Compare_File_3308",2,84,42.00,42.00,21,63
"Compare_File_1617",2,84,42.00,42.00,17,67
"Compare_File_3642",2,84,42.00,42.00,26,58
"Compare_File_944",2,84,42.00,42.00,26,58
"Compare_File_1070",2,84,42.00,42.00,35,49
"Compare_File_3860",2,84,42.00,42.00,12,72
"Compare_File_345",2,84,42.00,42.00,16,68
"Compare_File_3366",2,84,42.00,42.00,14,70
"Compare_File_1556",2,84,42.00,42.00,20,64
"Compare_File_37",2,84,42.00,42.00,12,72
"Compare_File_1562",2,84,42.00,42.00,23,61
"Compare_File_1802",2,83,41.50,41.50,38,45
"Compare_File_3164",2,83,41.50,41.50,31,52
"Compare_File_1306",2,83,41.50,41.50,12,71
"Compare_File_2293",2,83,41.50,41.50,28,55
"Compare_File_1480",2,83,41.50,41.50,14,69
"Compare_File_2210",2,83,41.50,41.50,26,57
"Compare_File_2511",2,83,41.50,41.50,20,63
"Compare_File_724",2,83,41.50,41.50,9,74
"Compare_File_1179",2,83,41.50,41.50,23,60
"Compare_File_3822",2,83,41.50,41.50,20,63
"Compare_File_1545",2,83,41.50,41.50,20,63
"Compare_File_708",2,83,41.50,41.50,22,61
"Compare_File_1803",2,83,41.50,41.50,37,46
"Compare_File_3985",2,83,41.50,41.50,23,60
"Compare_File_2698",2,83,41.50,41.50,36,47
"Compare_File_1858",2,83,41.50,41.50,22,61
"Compare_File_2933",2,83,41.50,41.50,17,66
"Compare_File_3061",2,83,41.50,41.50,28,55
"Compare_File_2746",2,83,41.50,41.50,10,73
"Compare_File_3281",2,83,41.50,41.50,29,54
"Compare_File_1475",2,83,41.50,41.50,25,58
"Compare_File_1139",2,82,41.00,41.00,20,62
"Compare_File_3175",2,82,41.00,41.00,11,71
"Compare_File_3297",2,82,41.00,41.00,37,45
"Compare_File_3081",2,82,41.00,41.00,16,66
"Compare_File_1546",2,82,41.00,41.00,34,48
"Compare_File_2306",2,82,41.00,41.00,17,65
"Compare_File_3530",2,82,41.00,41.00,21,61
"Compare_File_3503",2,82,41.00,41.00,39,43
"Compare_File_2862",2,82,41.00,41.00,9,73
"Compare_File_1978",2,82,41.00,41.00,28,54
"Compare_File_3374",2,82,41.00,41.00,29,53
"Compare_File_3522",2,82,41.00,41.00,29,53
"Compare_File_3601",2,82,41.00,41.00,10,72
"Compare_File_635",2,82,41.00,41.00,20,62
"Compare_File_2408",2,82,41.00,41.00,23,59
"Compare_File_3560",2,81,40.50,40.50,30,51
"Compare_File_3182",2,81,40.50,40.50,21,60
"Compare_File_1525",2,81,40.50,40.50,9,72
"Compare_File_591",2,81,40.50,40.50,18,63
"Compare_File_1072",2,81,40.50,40.50,33,48
"Compare_File_1578",2,81,40.50,40.50,34,47
"Compare_File_2132",2,81,40.50,40.50,27,54
"Compare_File_2438",2,81,40.50,40.50,31,50
"Compare_File_2931",2,81,40.50,40.50,29,52
"Compare_File_2145",2,81,40.50,40.50,29,52
"Compare_File_372",2,81,40.50,40.50,34,47
"Compare_File_1707",2,81,40.50,40.50,36,45
"Compare_File_899",2,81,40.50,40.50,37,44
"Compare_File_2437",2,81,40.50,40.50,33,48
"Compare_File_2573",2,81,40.50,40.50,38,43
"Compare_File_3246",2,81,40.50,40.50,35,46
"Compare_File_1618",2,81,40.50,40.50,17,64
"Compare_File_1706",2,81,40.50,40.50,34,47
"Compare_File_3151",2,81,40.50,40.50,26,55
"Compare_File_2901",2,81,40.50,40.50,26,55
"Compare_File_3648",2,80,40.00,40.00,10,70
"Compare_File_3242",2,80,40.00,40.00,37,43
"Compare_File_2128",2,80,40.00,40.00,23,57
"Compare_File_3630",2,80,40.00,40.00,14,66
"Compare_File_3321",2,80,40.00,40.00,29,51
"Compare_File_1017",2,80,40.00,40.00,38,42
"Compare_File_3924",2,80,40.00,40.00,35,45
"Compare_File_2432",2,80,40.00,40.00,21,59
"Compare_File_830",2,80,40.00,40.00,27,53
"Compare_File_3291",2,80,40.00,40.00,40,40
"Compare_File_2045",2,80,40.00,40.00,25,55
"Compare_File_3385",2,80,40.00,40.00,20,60
"Compare_File_1062",2,80,40.00,40.00,13,67
"Compare_File_3837",2,80,40.00,40.00,12,68
"Compare_File_3541",2,80,40.00,40.00,18,62
"Compare_File_3689",2,80,40.00,40.00,20,60
"Compare_File_890",2,80,40.00,40.00,8,72
"Compare_File_1619",2,80,40.00,40.00,34,46
"Compare_File_1973",2,80,40.00,40.00,18,62
"Compare_File_123",2,80,40.00,40.00,33,47
"Compare_File_700",2,80,40.00,40.00,22,58
"Compare_File_1212",2,80,40.00,40.00,25,55
"Compare_File_126",2,80,40.00,40.00,37,43
"Compare_File_1948",2,80,40.00,40.00,17,63
"Compare_File_2134",2,79,39.50,39.50,39,40
"Compare_File_2624",2,79,39.50,39.50,25,54
"Compare_File_1051",2,79,39.50,39.50,24,55
"Compare_File_1644",2,79,39.50,39.50,34,45
"Compare_File_1783",2,79,39.50,39.50,28,51
"Compare_File_1806",2,79,39.50,39.50,18,61
"Compare_File_993",2,79,39.50,39.50,9,70
"Compare_File_2454",2,79,39.50,39.50,32,47
"Compare_File_2837",2,79,39.50,39.50,36,43
"Compare_File_2330",2,79,39.50,39.50,12,67
"Compare_File_3269",2,79,39.50,39.50,31,48
"Compare_File_1509",2,79,39.50,39.50,31,48
"Compare_File_2283",2,79,39.50,39.50,20,59
"Compare_File_2605",2,79,39.50,39.50,14,65
"Compare_File_1897",2,79,39.50,39.50,28,51
"Compare_File_3605",2,79,39.50,39.50,25,54
"Compare_File_1869",2,78,39.00,39.00,20,58
"Compare_File_3995",2,78,39.00,39.00,30,48
"Compare_File_925",2,78,39.00,39.00,24,54
"Compare_File_1701",2,78,39.00,39.00,23,55
"Compare_File_2475",2,78,39.00,39.00,30,48
"Compare_File_471",2,78,39.00,39.00,15,63
"Compare_File_2915",2,78,39.00,39.00,36,42
"Compare_File_2100",2,78,39.00,39.00,21,57
"Compare_File_1415",2,78,39.00,39.00,25,53
"Compare_File_788",2,78,39.00,39.00,38,40
"Compare_File_1185",2,78,39.00,39.00,30,48
"Compare_File_3506",2,78,39.00,39.00,26,52
"Compare_File_3165",2,78,39.00,39.00,27,51
"Compare_File_652",2,78,39.00,39.00,25,53
"Compare_File_509",2,78,39.00,39.00,15,63
"Compare_File_2288",2,78,39.00,39.00,22,56
"Compare_File_1089",2,78,39.00,39.00,16,62
"Compare_File_961",2,77,38.50,38.50,19,58
"Compare_File_2473",2,77,38.50,38.50,36,41
"Compare_File_3683",2,77,38.50,38.50,30,47
"Compare_File_1131",2,77,38.50,38.50,23,54
"Compare_File_2275",2,77,38.50,38.50,36,41
"Compare_File_2696",2,77,38.50,38.50,18,59
"Compare_File_28",2,77,38.50,38.50,32,45
"Compare_File_679",2,77,38.50,38.50,23,54
"Compare_File_3088",2,77,38.50,38.50,21,56
"Compare_File_2112",2,77,38.50,38.50,24,53
"Compare_File_1314",2,77,38.50,38.50,22,55
"Compare_File_527",2,77,38.50,38.50,23,54
"Compare_File_860",2,77,38.50,38.50,21,56
"Compare_File_1646",2,77,38.50,38.50,19,58
"Compare_File_918",2,77,38.50,38.50,37,40
"Compare_File_2280",2,77,38.50,38.50,22,55
"Compare_File_1434",2,77,38.50,38.50,15,62
"Compare_File_3565",2,77,38.50,38.50,38,39
"Compare_File_2750",2,76,38.00,38.00,23,53
"Compare_File_3602",2,76,38.00,38.00,36,40
"Compare_File_2623",2,76,38.00,38.00,28,48
"Compare_File_1258",2,76,38.00,38.00,18,58
"Compare_File_2787",2,76,38.00,38.00,37,39
"Compare_File_534",2,76,38.00,38.00,24,52
"Compare_File_3800",2,76,38.00,38.00,18,58
"Compare_File_3225",2,76,38.00,38.00,11,65
"Compare_File_1286",2,76,38.00,38.00,36,40
"Compare_File_3352",2,76,38.00,38.00,17,59
"Compare_File_643",2,76,38.00,38.00,23,53
"Compare_File_1582",2,76,38.00,38.00,33,43
"Compare_File_2571",2,76,38.00,38.00,21,55
"Compare_File_1891",2,76,38.00,38.00,11,65
"Compare_File_3545",2,76,38.00,38.00,20,56
"Compare_File_3138",2,76,38.00,38.00,19,57
"Compare_File_3568",2,75,37.50,37.50,35,40
"Compare_File_2071",2,75,37.50,37.50,19,56
"Compare_File_2059",2,75,37.50,37.50,34,41
"Compare_File_2315",2,75,37.50,37.50,16,59
"Compare_File_1839",2,75,37.50,37.50,22,53
"Compare_File_2532",2,75,37.50,37.50,10,65
"Compare_File_1433",2,75,37.50,37.50,10,65
"Compare_File_2866",2,75,37.50,37.50,21,54
"Compare_File_1567",2,75,37.50,37.50,27,48
"Compare_File_1382",2,75,37.50,37.50,31,44
"Compare_File_2150",2,74,37.00,37.00,18,56
"Compare_File_529",2,74,37.00,37.00,21,53
"Compare_File_2694",2,74,37.00,37.00,10,64
"Compare_File_42",2,74,37.00,37.00,20,54
"Compare_File_2113",2,74,37.00,37.00,21,53
"Compare_File_3414",2,74,37.00,37.00,11,63
"Compare_File_1847",2,74,37.00,37.00,24,50
"Compare_File_2331",2,74,37.00,37.00,12,62
"Compare_File_3004",2,74,37.00,37.00,37,37
"Compare_File_127",2,74,37.00,37.00,32,42
"Compare_File_3009",2,74,37.00,37.00,21,53
"Compare_File_2102",2,74,37.00,37.00,27,47
"Compare_File_1229",2,74,37.00,37.00,9,65
"Compare_File_3533",2,74,37.00,37.00,23,51
"Compare_File_1311",2,74,37.00,37.00,9,65
"Compare_File_2576",2,74,37.00,37.00,24,50
"Compare_File_3950",2,74,37.00,37.00,35,39
"Compare_File_2968",2,73,36.50,36.50,28,45
"Compare_File_1543",2,73,36.50,36.50,24,49
"Compare_File_3798",2,73,36.50,36.50,23,50
"Compare_File_1938",2,73,36.50,36.50,19,54
"Compare_File_2304",2,73,36.50,36.50,23,50
"Compare_File_2528",2,73,36.50,36.50,12,61
"Compare_File_3628",2,73,36.50,36.50,18,55
"Compare_File_3086",2,73,36.50,36.50,36,37
"Compare_File_2378",2,73,36.50,36.50,33,40
"Compare_File_2731",2,73,36.50,36.50,21,52
"Compare_File_965",2,73,36.50,36.50,28,45
"Compare_File_741",2,73,36.50,36.50,27,46
"Compare_File_1828",2,73,36.50,36.50,29,44
"Compare_File_491",2,73,36.50,36.50,7,66
"Compare_File_2594",2,73,36.50,36.50,35,38
"Compare_File_3486",2,73,36.50,36.50,15,58
"Compare_File_3810",2,73,36.50,36.50,20,53
"Compare_File_678",2,72,36.00,36.00,28,44
"Compare_File_1183",2,72,36.00,36.00,35,37
"Compare_File_32",2,72,36.00,36.00,34,38
"Compare_File_3240",2,72,36.00,36.00,25,47
"Compare_File_3267",2,72,36.00,36.00,35,37
"Compare_File_1064",2,72,36.00,36.00,25,47
"Compare_File_1577",2,72,36.00,36.00,20,52
"Compare_File_2085",2,72,36.00,36.00,26,46
"Compare_File_3780",2,72,36.00,36.00,33,39
"Compare_File_2010",2,72,36.00,36.00,19,53
"Compare_File_566",2,72,36.00,36.00,19,53
"Compare_File_2472",2,72,36.00,36.00,33,39
"Compare_File_1859",2,72,36.00,36.00,19,53
"Compare_File_2695",2,72,36.00,36.00,9,63
"Compare_File_3160",2,72,36.00,36.00,27,45
"Compare_File_1441",2,72,36.00,36.00,18,54
"Compare_File_2109",2,72,36.00,36.00,23,49
"Compare_File_2342",2,72,36.00,36.00,28,44
"Compare_File_2851",2,72,36.00,36.00,32,40
"Compare_File_2945",2,72,36.00,36.00,32,40
"Compare_File_3238",2,71,35.50,35.50,16,55
"Compare_File_1171",2,71,35.50,35.50,26,45
"Compare_File_2760",2,71,35.50,35.50,23,48
"Compare_File_3554",2,71,35.50,35.50,25,46
"Compare_File_1832",2,71,35.50,35.50,24,47
"Compare_File_52",2,71,35.50,35.50,15,56
"Compare_File_3799",2,71,35.50,35.50,19,52
"Compare_File_3136",2,71,35.50,35.50,24,47
"Compare_File_49",2,71,35.50,35.50,23,48
"Compare_File_1972",2,71,35.50,35.50,13,58
"Compare_File_2824",2,71,35.50,35.50,23,48
"Compare_File_1549",2,71,35.50,35.50,28,43
"Compare_File_1081",2,71,35.50,35.50,20,51
"Compare_File_3996",2,71,35.50,35.50,24,47
"Compare_File_1581",2,71,35.50,35.50,27,44
"Compare_File_3665",2,70,35.00,35.00,33,37
"Compare_File_2201",2,70,35.00,35.00,31,39
"Compare_File_1777",2,70,35.00,35.00,21,49
"Compare_File_3820",2,70,35.00,35.00,30,40
"Compare_File_1769",2,70,35.00,35.00,17,53
"Compare_File_2632",2,70,35.00,35.00,27,43
"Compare_File_3478",2,70,35.00,35.00,21,49
"Compare_File_1436",2,70,35.00,35.00,11,59
"Compare_File_675",2,70,35.00,35.00,17,53
"Compare_File_1147",2,70,35.00,35.00,24,46
"Compare_File_2451",2,70,35.00,35.00,11,59
"Compare_File_971",2,70,35.00,35.00,30,40
"Compare_File_2545",2,70,35.00,35.00,23,47
"Compare_File_2832",2,70,35.00,35.00,23,47
"Compare_File_3222",2,70,35.00,35.00,12,58
"Compare_File_3669",2,70,35.00,35.00,21,49
"Compare_File_3197",2,70,35.00,35.00,23,47
"Compare_File_1642",2,70,35.00,35.00,17,53
"Compare_File_336",2,70,35.00,35.00,16,54
"Compare_File_2886",2,69,34.50,34.50,16,53
"Compare_File_2474",2,69,34.50,34.50,34,35
"Compare_File_1772",2,69,34.50,34.50,19,50
"Compare_File_3237",2,69,34.50,34.50,9,60
"Compare_File_2018",2,69,34.50,34.50,31,38
"Compare_File_3868",2,69,34.50,34.50,28,41
"Compare_File_1840",2,69,34.50,34.50,21,48
"Compare_File_3488",2,69,34.50,34.50,22,47
"Compare_File_1645",2,69,34.50,34.50,28,41
"Compare_File_3896",2,69,34.50,34.50,33,36
"Compare_File_3255",2,69,34.50,34.50,30,39
"Compare_File_2817",2,68,34.00,34.00,9,59
"Compare_File_1678",2,68,34.00,34.00,22,46
"Compare_File_3738",2,68,34.00,34.00,20,48
"Compare_File_1813",2,68,34.00,34.00,21,47
"Compare_File_3933",2,68,34.00,34.00,20,48
"Compare_File_2883",2,68,34.00,34.00,17,51
"Compare_File_3945",2,68,34.00,34.00,9,59
"Compare_File_3593",2,68,34.00,34.00,11,57
"Compare_File_1104",2,68,34.00,34.00,19,49
"Compare_File_1383",2,68,34.00,34.00,30,38
"Compare_File_2366",2,68,34.00,34.00,11,57
"Compare_File_3604",2,68,34.00,34.00,28,40
"Compare_File_916",2,68,34.00,34.00,13,55
"Compare_File_2666",2,68,34.00,34.00,13,55
"Compare_File_3471",2,68,34.00,34.00,22,46
"Compare_File_2818",2,68,34.00,34.00,28,40
"Compare_File_531",2,68,34.00,34.00,16,52
"Compare_File_3200",2,68,34.00,34.00,28,40
"Compare_File_660",2,68,34.00,34.00,27,41
"Compare_File_125",2,67,33.50,33.50,30,37
"Compare_File_382",2,67,33.50,33.50,27,40
"Compare_File_2607",2,67,33.50,33.50,11,56
"Compare_File_2784",2,67,33.50,33.50,21,46
"Compare_File_1561",2,67,33.50,33.50,23,44
"Compare_File_2697",2,67,33.50,33.50,9,58
"Compare_File_3039",2,67,33.50,33.50,15,52
"Compare_File_1065",2,67,33.50,33.50,20,47
"Compare_File_2796",2,67,33.50,33.50,26,41
"Compare_File_3011",2,67,33.50,33.50,25,42
"Compare_File_2131",2,67,33.50,33.50,18,49
"Compare_File_2903",2,67,33.50,33.50,18,49
"Compare_File_1090",2,67,33.50,33.50,9,58
"Compare_File_3890",2,67,33.50,33.50,28,39
"Compare_File_2086",2,67,33.50,33.50,24,43
"Compare_File_1649",2,67,33.50,33.50,16,51
"Compare_File_1893",2,67,33.50,33.50,12,55
"Compare_File_1156",2,67,33.50,33.50,12,55
"Compare_File_755",2,67,33.50,33.50,26,41
"Compare_File_3938",2,67,33.50,33.50,31,36
"Compare_File_2188",2,67,33.50,33.50,16,51
"Compare_File_3339",2,67,33.50,33.50,22,45
"Compare_File_3521",2,67,33.50,33.50,16,51
"Compare_File_2582",2,66,33.00,33.00,16,50
"Compare_File_2999",2,66,33.00,33.00,23,43
"Compare_File_2737",2,66,33.00,33.00,33,33
"Compare_File_54",2,66,33.00,33.00,13,53
"Compare_File_3398",2,66,33.00,33.00,26,40
"Compare_File_2296",2,66,33.00,33.00,30,36
"Compare_File_535",2,66,33.00,33.00,16,50
"Compare_File_1702",2,66,33.00,33.00,22,44
"Compare_File_1804",2,66,33.00,33.00,22,44
"Compare_File_3289",2,66,33.00,33.00,17,49
"Compare_File_665",2,66,33.00,33.00,30,36
"Compare_File_1716",2,66,33.00,33.00,25,41
"Compare_File_3766",2,65,32.50,32.50,20,45
"Compare_File_3744",2,65,32.50,32.50,25,40
"Compare_File_1085",2,65,32.50,32.50,28,37
"Compare_File_584",2,65,32.50,32.50,30,35
"Compare_File_3992",2,65,32.50,32.50,26,39
"Compare_File_504",2,65,32.50,32.50,28,37
"Compare_File_3980",2,65,32.50,32.50,10,55
"Compare_File_2678",2,65,32.50,32.50,24,41
"Compare_File_1512",2,65,32.50,32.50,25,40
"Compare_File_846",2,65,32.50,32.50,23,42
"Compare_File_683",2,65,32.50,32.50,22,43
"Compare_File_2038",2,65,32.50,32.50,31,34
"Compare_File_1115",2,65,32.50,32.50,11,54
"Compare_File_2529",2,65,32.50,32.50,9,56
"Compare_File_2464",2,65,32.50,32.50,10,55
"Compare_File_1285",2,65,32.50,32.50,21,44
"Compare_File_2920",2,65,32.50,32.50,20,45
"Compare_File_1607",2,65,32.50,32.50,31,34
"Compare_File_632",2,65,32.50,32.50,23,42
"Compare_File_2169",2,65,32.50,32.50,31,34
"Compare_File_1063",2,64,32.00,32.00,16,48
"Compare_File_3180",2,64,32.00,32.00,28,36
"Compare_File_3657",2,64,32.00,32.00,32,32
"Compare_File_3408",2,64,32.00,32.00,20,44
"Compare_File_2967",2,64,32.00,32.00,29,35
"Compare_File_3954",2,64,32.00,32.00,12,52
"Compare_File_2489",2,64,32.00,32.00,8,56
"Compare_File_1606",2,64,32.00,32.00,13,51
"Compare_File_3054",2,64,32.00,32.00,27,37
"Compare_File_38",2,64,32.00,32.00,12,52
"Compare_File_70",2,64,32.00,32.00,12,52
"Compare_File_1176",2,64,32.00,32.00,24,40
"Compare_File_107",2,64,32.00,32.00,14,50
"Compare_File_2388",2,64,32.00,32.00,28,36
"Compare_File_2896",2,64,32.00,32.00,20,44
"Compare_File_2494",2,64,32.00,32.00,11,53
"Compare_File_1095",2,64,32.00,32.00,25,39
"Compare_File_3777",2,64,32.00,32.00,10,54
"Compare_File_3853",2,64,32.00,32.00,13,51
"Compare_File_2516",2,64,32.00,32.00,13,51
"Compare_File_2073",2,64,32.00,32.00,28,36
"Compare_File_3785",2,64,32.00,32.00,21,43
"Compare_File_1742",2,64,32.00,32.00,16,48
"Compare_File_2181",2,64,32.00,32.00,21,43
"Compare_File_1994",2,63,31.50,31.50,17,46
"Compare_File_3395",2,63,31.50,31.50,31,32
"Compare_File_373",2,63,31.50,31.50,31,32
"Compare_File_3457",2,63,31.50,31.50,21,42
"Compare_File_60",2,63,31.50,31.50,13,50
"Compare_File_2729",2,63,31.50,31.50,11,52
"Compare_File_2108",2,63,31.50,31.50,17,46
"Compare_File_1704",2,63,31.50,31.50,22,41
"Compare_File_3149",2,63,31.50,31.50,20,43
"Compare_File_3737",2,63,31.50,31.50,18,45
"Compare_File_2850",2,63,31.50,31.50,17,46
"Compare_File_3706",2,63,31.50,31.50,24,39
"Compare_File_934",2,63,31.50,31.50,14,49
"Compare_File_2910",2,63,31.50,31.50,28,35
"Compare_File_2030",2,63,31.50,31.50,26,37
"Compare_File_1034",2,63,31.50,31.50,28,35
"Compare_File_3532",2,63,31.50,31.50,21,42
"Compare_File_930",2,63,31.50,31.50,10,53
"Compare_File_3910",2,63,31.50,31.50,15,48
"Compare_File_937",2,63,31.50,31.50,12,51
"Compare_File_2376",2,62,31.00,31.00,26,36
"Compare_File_1496",2,62,31.00,31.00,27,35
"Compare_File_1676",2,62,31.00,31.00,21,41
"Compare_File_1439",2,62,31.00,31.00,9,53
"Compare_File_3101",2,62,31.00,31.00,27,35
"Compare_File_3126",2,62,31.00,31.00,26,36
"Compare_File_3075",2,62,31.00,31.00,18,44
"Compare_File_3161",2,62,31.00,31.00,23,39
"Compare_File_3636",2,62,31.00,31.00,24,38
"Compare_File_3055",2,62,31.00,31.00,16,46
"Compare_File_1069",2,62,31.00,31.00,26,36
"Compare_File_2190",2,62,31.00,31.00,14,48
"Compare_File_1934",2,62,31.00,31.00,26,36
"Compare_File_1102",2,62,31.00,31.00,22,40
"Compare_File_1420",2,62,31.00,31.00,27,35
"Compare_File_3290",2,62,31.00,31.00,22,40
"Compare_File_3430",2,62,31.00,31.00,23,39
"Compare_File_328",2,62,31.00,31.00,22,40
"Compare_File_677",2,62,31.00,31.00,20,42
"Compare_File_680",2,62,31.00,31.00,29,33
"Compare_File_1921",2,62,31.00,31.00,12,50
"Compare_File_3884",2,62,31.00,31.00,24,38
"Compare_File_3167",2,62,31.00,31.00,28,34
"Compare_File_3057",2,62,31.00,31.00,20,42
"Compare_File_2011",2,61,30.50,30.50,19,42
"Compare_File_3587",2,61,30.50,30.50,10,51
"Compare_File_908",2,61,30.50,30.50,23,38
"Compare_File_2618",2,61,30.50,30.50,14,47
"Compare_File_2195",2,61,30.50,30.50,21,40
"Compare_File_542",2,61,30.50,30.50,11,50
"Compare_File_3066",2,61,30.50,30.50,20,41
"Compare_File_2375",2,61,30.50,30.50,21,40
"Compare_File_2380",2,61,30.50,30.50,22,39
"Compare_File_2202",2,61,30.50,30.50,29,32
"Compare_File_2557",2,61,30.50,30.50,24,37
"Compare_File_3675",2,61,30.50,30.50,23,38
"Compare_File_34",2,61,30.50,30.50,14,47
"Compare_File_2121",2,61,30.50,30.50,29,32
"Compare_File_706",2,61,30.50,30.50,10,51
"Compare_File_2902",2,61,30.50,30.50,17,44
"Compare_File_3078",2,61,30.50,30.50,20,41
"Compare_File_863",2,61,30.50,30.50,19,42
"Compare_File_2836",2,61,30.50,30.50,13,48
"Compare_File_2747",2,61,30.50,30.50,13,48
"Compare_File_2137",2,60,30.00,30.00,30,30
"Compare_File_2345",2,60,30.00,30.00,22,38
"Compare_File_1774",2,60,30.00,30.00,29,31
"Compare_File_661",2,60,30.00,30.00,28,32
"Compare_File_2882",2,60,30.00,30.00,29,31
"Compare_File_1853",2,60,30.00,30.00,29,31
"Compare_File_1228",2,60,30.00,30.00,14,46
"Compare_File_568",2,60,30.00,30.00,13,47
"Compare_File_1699",2,60,30.00,30.00,12,48
"Compare_File_2761",2,60,30.00,30.00,23,37
"Compare_File_1871",2,60,30.00,30.00,23,37
"Compare_File_3029",2,60,30.00,30.00,12,48
"Compare_File_3790",2,60,30.00,30.00,17,43
"Compare_File_1631",2,60,30.00,30.00,29,31
"Compare_File_2641",2,60,30.00,30.00,27,33
"Compare_File_878",2,60,30.00,30.00,29,31
"Compare_File_895",2,60,30.00,30.00,19,41
"Compare_File_2445",2,60,30.00,30.00,18,42
"Compare_File_2422",2,60,30.00,30.00,18,42
"Compare_File_2631",2,60,30.00,30.00,26,34
"Compare_File_1299",2,60,30.00,30.00,20,40
"Compare_File_1717",2,59,29.50,29.50,17,42
"Compare_File_3902",2,59,29.50,29.50,11,48
"Compare_File_2953",2,59,29.50,29.50,12,47
"Compare_File_1884",2,59,29.50,29.50,20,39
"Compare_File_2935",2,59,29.50,29.50,18,41
"Compare_File_2093",2,59,29.50,29.50,20,39
"Compare_File_3353",2,59,29.50,29.50,20,39
"Compare_File_113",2,59,29.50,29.50,24,35
"Compare_File_3399",2,59,29.50,29.50,25,34
"Compare_File_2963",2,59,29.50,29.50,27,32
"Compare_File_2463",2,59,29.50,29.50,10,49
"Compare_File_3776",2,59,29.50,29.50,13,46
"Compare_File_1711",2,59,29.50,29.50,23,36
"Compare_File_3918",2,59,29.50,29.50,25,34
"Compare_File_1067",2,59,29.50,29.50,15,44
"Compare_File_2892",2,59,29.50,29.50,27,32
"Compare_File_1643",2,59,29.50,29.50,24,35
"Compare_File_828",2,59,29.50,29.50,25,34
"Compare_File_676",2,59,29.50,29.50,20,39
"Compare_File_2770",2,59,29.50,29.50,16,43
"Compare_File_1621",2,58,29.00,29.00,8,50
"Compare_File_3739",2,58,29.00,29.00,22,36
"Compare_File_2941",2,58,29.00,29.00,19,39
"Compare_File_2363",2,58,29.00,29.00,23,35
"Compare_File_2708",2,58,29.00,29.00,22,36
"Compare_File_725",2,58,29.00,29.00,14,44
"Compare_File_2203",2,58,29.00,29.00,26,32
"Compare_File_252",2,58,29.00,29.00,22,36
"Compare_File_2436",2,58,29.00,29.00,10,48
"Compare_File_644",2,58,29.00,29.00,28,30
"Compare_File_3656",2,58,29.00,29.00,24,34
"Compare_File_2421",2,58,29.00,29.00,29,29
"Compare_File_1594",2,58,29.00,29.00,21,37
"Compare_File_503",2,58,29.00,29.00,17,41
"Compare_File_3634",2,58,29.00,29.00,26,32
"Compare_File_515",2,58,29.00,29.00,11,47
"Compare_File_588",2,58,29.00,29.00,23,35
"Compare_File_3846",2,57,28.50,28.50,25,32
"Compare_File_3279",2,57,28.50,28.50,9,48
"Compare_File_1112",2,57,28.50,28.50,19,38
"Compare_File_693",2,57,28.50,28.50,26,31
"Compare_File_1497",2,57,28.50,28.50,10,47
"Compare_File_2220",2,57,28.50,28.50,21,36
"Compare_File_3732",2,57,28.50,28.50,28,29
"Compare_File_565",2,57,28.50,28.50,20,37
"Compare_File_3939",2,57,28.50,28.50,21,36
"Compare_File_3266",2,57,28.50,28.50,28,29
"Compare_File_1610",2,57,28.50,28.50,21,36
"Compare_File_601",2,57,28.50,28.50,18,39
"Compare_File_3866",2,57,28.50,28.50,24,33
"Compare_File_1580",2,57,28.50,28.50,27,30
"Compare_File_3971",2,57,28.50,28.50,19,38
"Compare_File_3462",2,56,28.00,28.00,27,29
"Compare_File_3450",2,56,28.00,28.00,19,37
"Compare_File_889",2,56,28.00,28.00,9,47
"Compare_File_2673",2,56,28.00,28.00,28,28
"Compare_File_2749",2,56,28.00,28.00,9,47
"Compare_File_3814",2,56,28.00,28.00,17,39
"Compare_File_826",2,56,28.00,28.00,27,29
"Compare_File_1096",2,56,28.00,28.00,26,30
"Compare_File_3404",2,56,28.00,28.00,15,41
"Compare_File_2974",2,56,28.00,28.00,27,29
"Compare_File_2007",2,56,28.00,28.00,17,39
"Compare_File_2410",2,56,28.00,28.00,14,42
"Compare_File_1904",2,56,28.00,28.00,11,45
"Compare_File_727",2,55,27.50,27.50,11,44
"Compare_File_3286",2,55,27.50,27.50,17,38
"Compare_File_68",2,55,27.50,27.50,12,43
"Compare_File_1296",2,55,27.50,27.50,19,36
"Compare_File_2146",2,55,27.50,27.50,17,38
"Compare_File_114",2,55,27.50,27.50,14,41
"Compare_File_2964",2,55,27.50,27.50,19,36
"Compare_File_2217",2,55,27.50,27.50,18,37
"Compare_File_3256",2,55,27.50,27.50,22,33
"Compare_File_3882",2,55,27.50,27.50,18,37
"Compare_File_3108",2,55,27.50,27.50,21,34
"Compare_File_3708",2,55,27.50,27.50,25,30
"Compare_File_1050",2,55,27.50,27.50,14,41
"Compare_File_540",2,55,27.50,27.50,12,43
"Compare_File_3446",2,55,27.50,27.50,12,43
"Compare_File_2588",2,55,27.50,27.50,25,30
"Compare_File_1894",2,55,27.50,27.50,9,46
"Compare_File_1551",2,55,27.50,27.50,20,35
"Compare_File_3346",2,55,27.50,27.50,10,45
"Compare_File_3091",2,55,27.50,27.50,17,38
"Compare_File_825",2,55,27.50,27.50,25,30
"Compare_File_2535",2,55,27.50,27.50,11,44
"Compare_File_2767",2,55,27.50,27.50,22,33
"Compare_File_3451",2,55,27.50,27.50,14,41
"Compare_File_3653",2,55,27.50,27.50,23,32
"Compare_File_43",2,55,27.50,27.50,23,32
"Compare_File_2843",2,55,27.50,27.50,13,42
"Compare_File_3370",2,55,27.50,27.50,9,46
"Compare_File_3722",2,54,27.00,27.00,21,33
"Compare_File_2907",2,54,27.00,27.00,20,34
"Compare_File_555",2,54,27.00,27.00,22,32
"Compare_File_3702",2,54,27.00,27.00,20,34
"Compare_File_2481",2,54,27.00,27.00,18,36
"Compare_File_474",2,54,27.00,27.00,12,42
"Compare_File_1565",2,54,27.00,27.00,19,35
"Compare_File_106",2,54,27.00,27.00,11,43
"Compare_File_2791",2,54,27.00,27.00,11,43
"Compare_File_941",2,54,27.00,27.00,12,42
"Compare_File_1586",2,54,27.00,27.00,23,31
"Compare_File_2906",2,54,27.00,27.00,18,36
"Compare_File_3131",2,54,27.00,27.00,25,29
"Compare_File_1552",2,54,27.00,27.00,21,33
"Compare_File_391",2,54,27.00,27.00,24,30
"Compare_File_1602",2,54,27.00,27.00,18,36
"Compare_File_2917",2,54,27.00,27.00,25,29
"Compare_File_2810",2,54,27.00,27.00,10,44
"Compare_File_1154",2,54,27.00,27.00,10,44
"Compare_File_519",2,54,27.00,27.00,12,42
"Compare_File_1478",2,54,27.00,27.00,11,43
"Compare_File_377",2,54,27.00,27.00,10,44
"Compare_File_2553",2,54,27.00,27.00,9,45
"Compare_File_2499",2,54,27.00,27.00,22,32
"Compare_File_1916",2,54,27.00,27.00,16,38
"Compare_File_1728",2,54,27.00,27.00,22,32
"Compare_File_3997",2,54,27.00,27.00,20,34
"Compare_File_3929",2,53,26.50,26.50,11,42
"Compare_File_2218",2,53,26.50,26.50,9,44
"Compare_File_69",2,53,26.50,26.50,11,42
"Compare_File_3662",2,53,26.50,26.50,20,33
"Compare_File_2578",2,53,26.50,26.50,24,29
"Compare_File_1501",2,53,26.50,26.50,20,33
"Compare_File_574",2,53,26.50,26.50,16,37
"Compare_File_2583",2,53,26.50,26.50,22,31
"Compare_File_2383",2,53,26.50,26.50,19,34
"Compare_File_2707",2,53,26.50,26.50,22,31
"Compare_File_1770",2,53,26.50,26.50,16,37
"Compare_File_966",2,53,26.50,26.50,19,34
"Compare_File_1725",2,53,26.50,26.50,25,28
"Compare_File_3735",2,53,26.50,26.50,13,40
"Compare_File_1071",2,53,26.50,26.50,24,29
"Compare_File_53",2,52,26.00,26.00,17,35
"Compare_File_2679",2,52,26.00,26.00,12,40
"Compare_File_3815",2,52,26.00,26.00,16,36
"Compare_File_859",2,52,26.00,26.00,19,33
"Compare_File_507",2,52,26.00,26.00,15,37
"Compare_File_2687",2,52,26.00,26.00,22,30
"Compare_File_3348",2,52,26.00,26.00,23,29
"Compare_File_1775",2,52,26.00,26.00,26,26
"Compare_File_3021",2,52,26.00,26.00,20,32
"Compare_File_3865",2,52,26.00,26.00,16,36
"Compare_File_1427",2,52,26.00,26.00,19,33
"Compare_File_1019",2,52,26.00,26.00,18,34
"Compare_File_3388",2,52,26.00,26.00,11,41
"Compare_File_115",2,52,26.00,26.00,12,40
"Compare_File_3194",2,52,26.00,26.00,15,37
"Compare_File_108",2,51,25.50,25.50,14,37
"Compare_File_1796",2,51,25.50,25.50,24,27
"Compare_File_1620",2,51,25.50,25.50,10,41
"Compare_File_2510",2,51,25.50,25.50,20,31
"Compare_File_3762",2,51,25.50,25.50,10,41
"Compare_File_3502",2,51,25.50,25.50,20,31
"Compare_File_1529",2,51,25.50,25.50,12,39
"Compare_File_1905",2,51,25.50,25.50,8,43
"Compare_File_900",2,51,25.50,25.50,19,32
"Compare_File_3930",2,51,25.50,25.50,17,34
"Compare_File_2905",2,51,25.50,25.50,17,34
"Compare_File_558",2,51,25.50,25.50,14,37
"Compare_File_329",2,51,25.50,25.50,22,29
"Compare_File_3077",2,51,25.50,25.50,20,31
"Compare_File_1105",2,51,25.50,25.50,10,41
"Compare_File_3102",2,51,25.50,25.50,25,26
"Compare_File_2858",2,50,25.00,25.00,9,41
"Compare_File_1542",2,50,25.00,25.00,10,40
"Compare_File_2184",2,50,25.00,25.00,24,26
"Compare_File_3461",2,50,25.00,25.00,20,30
"Compare_File_3328",2,50,25.00,25.00,21,29
"Compare_File_1931",2,50,25.00,25.00,18,32
"Compare_File_2133",2,50,25.00,25.00,21,29
"Compare_File_2768",2,50,25.00,25.00,16,34
"Compare_File_977",2,50,25.00,25.00,21,29
"Compare_File_2338",2,50,25.00,25.00,23,27
"Compare_File_1092",2,50,25.00,25.00,17,33
"Compare_File_2367",2,50,25.00,25.00,16,34
"Compare_File_1041",2,50,25.00,25.00,19,31
"Compare_File_2955",2,50,25.00,25.00,21,29
"Compare_File_2867",2,50,25.00,25.00,17,33
"Compare_File_3100",2,50,25.00,25.00,24,26
"Compare_File_2185",2,50,25.00,25.00,17,33
"Compare_File_3831",2,50,25.00,25.00,10,40
"Compare_File_2859",2,50,25.00,25.00,12,38
"Compare_File_44",2,50,25.00,25.00,12,38
"Compare_File_1596",2,49,24.50,24.50,23,26
"Compare_File_1199",2,49,24.50,24.50,17,32
"Compare_File_887",2,49,24.50,24.50,13,36
"Compare_File_1479",2,49,24.50,24.50,14,35
"Compare_File_1077",2,49,24.50,24.50,15,34
"Compare_File_2612",2,49,24.50,24.50,13,36
"Compare_File_2397",2,49,24.50,24.50,19,30
"Compare_File_581",2,49,24.50,24.50,12,37
"Compare_File_2893",2,49,24.50,24.50,19,30
"Compare_File_3978",2,49,24.50,24.50,11,38
"Compare_File_1876",2,49,24.50,24.50,16,33
"Compare_File_2829",2,49,24.50,24.50,17,32
"Compare_File_59",2,48,24.00,24.00,15,33
"Compare_File_2221",2,48,24.00,24.00,18,30
"Compare_File_2793",2,48,24.00,24.00,10,38
"Compare_File_2891",2,48,24.00,24.00,20,28
"Compare_File_2554",2,48,24.00,24.00,8,40
"Compare_File_1848",2,48,24.00,24.00,19,29
"Compare_File_3495",2,48,24.00,24.00,23,25
"Compare_File_2805",2,48,24.00,24.00,16,32
"Compare_File_2359",2,48,24.00,24.00,12,36
"Compare_File_1749",2,48,24.00,24.00,24,24
"Compare_File_3953",2,48,24.00,24.00,12,36
"Compare_File_1516",2,48,24.00,24.00,21,27
"Compare_File_1483",2,48,24.00,24.00,19,29
"Compare_File_2429",2,48,24.00,24.00,17,31
"Compare_File_1547",2,48,24.00,24.00,20,28
"Compare_File_1308",2,48,24.00,24.00,10,38
"Compare_File_637",2,48,24.00,24.00,19,29
"Compare_File_1487",2,48,24.00,24.00,20,28
"Compare_File_3417",2,48,24.00,24.00,16,32
"Compare_File_2957",2,48,24.00,24.00,11,37
"Compare_File_2405",2,47,23.50,23.50,21,26
"Compare_File_1048",2,47,23.50,23.50,18,29
"Compare_File_2822",2,47,23.50,23.50,23,24
"Compare_File_1776",2,47,23.50,23.50,19,28
"Compare_File_3042",2,47,23.50,23.50,13,34
"Compare_File_2340",2,47,23.50,23.50,9,38
"Compare_File_2561",2,47,23.50,23.50,15,32
"Compare_File_1214",2,47,23.50,23.50,22,25
"Compare_File_694",2,47,23.50,23.50,10,37
"Compare_File_559",2,47,23.50,23.50,16,31
"Compare_File_1057",2,47,23.50,23.50,22,25
"Compare_File_2831",2,47,23.50,23.50,16,31
"Compare_File_1103",2,47,23.50,23.50,16,31
"Compare_File_1499",2,47,23.50,23.50,22,25
"Compare_File_1564",2,47,23.50,23.50,8,39
"Compare_File_1822",2,47,23.50,23.50,12,35
"Compare_File_1117",2,47,23.50,23.50,20,27
"Compare_File_2815",2,47,23.50,23.50,22,25
"Compare_File_967",2,47,23.50,23.50,23,24
"Compare_File_891",2,47,23.50,23.50,9,38
"Compare_File_110",2,46,23.00,23.00,16,30
"Compare_File_3121",2,46,23.00,23.00,11,35
"Compare_File_3775",2,46,23.00,23.00,12,34
"Compare_File_2187",2,46,23.00,23.00,19,27
"Compare_File_2399",2,46,23.00,23.00,15,31
"Compare_File_2467",2,46,23.00,23.00,21,25
"Compare_File_3275",2,46,23.00,23.00,16,30
"Compare_File_1880",2,46,23.00,23.00,9,37
"Compare_File_2799",2,46,23.00,23.00,17,29
"Compare_File_3759",2,46,23.00,23.00,16,30
"Compare_File_3721",2,46,23.00,23.00,21,25
"Compare_File_634",2,46,23.00,23.00,22,24
"Compare_File_3834",2,46,23.00,23.00,10,36
"Compare_File_1026",2,46,23.00,23.00,23,23
"Compare_File_33",2,46,23.00,23.00,17,29
"Compare_File_3234",2,46,23.00,23.00,10,36
"Compare_File_3975",2,46,23.00,23.00,14,32
"Compare_File_940",2,46,23.00,23.00,10,36
"Compare_File_1221",2,46,23.00,23.00,22,24
"Compare_File_3381",2,46,23.00,23.00,18,28
"Compare_File_56",2,46,23.00,23.00,13,33
"Compare_File_1495",2,46,23.00,23.00,13,33
"Compare_File_1773",2,46,23.00,23.00,21,25
"Compare_File_3421",2,46,23.00,23.00,13,33
"Compare_File_2725",2,46,23.00,23.00,22,24
"Compare_File_1120",2,45,22.50,22.50,8,37
"Compare_File_1850",2,45,22.50,22.50,19,26
"Compare_File_1482",2,45,22.50,22.50,9,36
"Compare_File_1919",2,45,22.50,22.50,9,36
"Compare_File_1786",2,45,22.50,22.50,18,27
"Compare_File_1262",2,45,22.50,22.50,14,31
"Compare_File_2354",2,45,22.50,22.50,10,35
"Compare_File_2927",2,45,22.50,22.50,21,24
"Compare_File_2415",2,45,22.50,22.50,17,28
"Compare_File_907",2,45,22.50,22.50,19,26
"Compare_File_2389",2,45,22.50,22.50,16,29
"Compare_File_3223",2,45,22.50,22.50,13,32
"Compare_File_2002",2,45,22.50,22.50,14,31
"Compare_File_570",2,45,22.50,22.50,10,35
"Compare_File_1158",2,45,22.50,22.50,11,34
"Compare_File_2490",2,45,22.50,22.50,14,31
"Compare_File_2719",2,45,22.50,22.50,21,24
"Compare_File_915",2,44,22.00,22.00,11,33
"Compare_File_2161",2,44,22.00,22.00,12,32
"Compare_File_1206",2,44,22.00,22.00,10,34
"Compare_File_2581",2,44,22.00,22.00,21,23
"Compare_File_2716",2,44,22.00,22.00,20,24
"Compare_File_3137",2,44,22.00,22.00,20,24
"Compare_File_64",2,44,22.00,22.00,12,32
"Compare_File_3120",2,44,22.00,22.00,9,35
"Compare_File_2173",2,44,22.00,22.00,11,33
"Compare_File_1268",2,44,22.00,22.00,18,26
"Compare_File_2208",2,44,22.00,22.00,21,23
"Compare_File_1983",2,44,22.00,22.00,19,25
"Compare_File_1851",2,44,22.00,22.00,19,25
"Compare_File_1663",2,44,22.00,22.00,21,23
"Compare_File_3179",2,44,22.00,22.00,17,27
"Compare_File_1276",2,44,22.00,22.00,21,23
"Compare_File_705",2,44,22.00,22.00,12,32
"Compare_File_2175",2,44,22.00,22.00,20,24
"Compare_File_2163",2,44,22.00,22.00,18,26
"Compare_File_3786",2,44,22.00,22.00,17,27
"Compare_File_508",2,44,22.00,22.00,10,34
"Compare_File_553",2,43,21.50,21.50,18,25
"Compare_File_2741",2,43,21.50,21.50,15,28
"Compare_File_1430",2,43,21.50,21.50,11,32
"Compare_File_2391",2,43,21.50,21.50,18,25
"Compare_File_1873",2,43,21.50,21.50,18,25
"Compare_File_436",2,43,21.50,21.50,8,35
"Compare_File_1756",2,43,21.50,21.50,6,37
"Compare_File_3204",2,43,21.50,21.50,17,26
"Compare_File_3726",2,43,21.50,21.50,8,35
"Compare_File_1574",2,43,21.50,21.50,18,25
"Compare_File_2682",2,43,21.50,21.50,16,27
"Compare_File_2374",2,43,21.50,21.50,11,32
"Compare_File_1281",2,43,21.50,21.50,18,25
"Compare_File_1743",2,43,21.50,21.50,13,30
"Compare_File_3035",2,43,21.50,21.50,12,31
"Compare_File_756",2,43,21.50,21.50,10,33
"Compare_File_3015",2,43,21.50,21.50,14,29
"Compare_File_2536",2,43,21.50,21.50,9,34
"Compare_File_2164",2,43,21.50,21.50,20,23
"Compare_File_1817",2,43,21.50,21.50,21,22
"Compare_File_3389",2,43,21.50,21.50,11,32
"Compare_File_1047",2,43,21.50,21.50,10,33
"Compare_File_1531",2,43,21.50,21.50,9,34
"Compare_File_3428",2,42,21.00,21.00,18,24
"Compare_File_702",2,42,21.00,21.00,19,23
"Compare_File_3350",2,42,21.00,21.00,15,27
"Compare_File_3073",2,42,21.00,21.00,12,30
"Compare_File_2742",2,42,21.00,21.00,10,32
"Compare_File_2616",2,42,21.00,21.00,11,31
"Compare_File_2889",2,42,21.00,21.00,20,22
"Compare_File_1601",2,42,21.00,21.00,11,31
"Compare_File_2615",2,42,21.00,21.00,11,31
"Compare_File_3858",2,42,21.00,21.00,15,27
"Compare_File_3968",2,42,21.00,21.00,13,29
"Compare_File_3671",2,42,21.00,21.00,17,25
"Compare_File_1684",2,42,21.00,21.00,18,24
"Compare_File_753",2,42,21.00,21.00,17,25
"Compare_File_3037",2,42,21.00,21.00,11,31
"Compare_File_1718",2,42,21.00,21.00,18,24
"Compare_File_2527",2,42,21.00,21.00,10,32
"Compare_File_1317",2,42,21.00,21.00,7,35
"Compare_File_3520",2,42,21.00,21.00,20,22
"Compare_File_3148",2,42,21.00,21.00,20,22
"Compare_File_3998",2,42,21.00,21.00,12,30
"Compare_File_1575",2,42,21.00,21.00,20,22
"Compare_File_1282",2,42,21.00,21.00,17,25
"Compare_File_3536",2,42,21.00,21.00,21,21
"Compare_File_2142",2,42,21.00,21.00,17,25
"Compare_File_2771",2,41,20.50,20.50,11,30
"Compare_File_2779",2,41,20.50,20.50,14,27
"Compare_File_3163",2,41,20.50,20.50,20,21
"Compare_File_1541",2,41,20.50,20.50,20,21
"Compare_File_1152",2,41,20.50,20.50,11,30
"Compare_File_3999",2,41,20.50,20.50,17,24
"Compare_File_2783",2,41,20.50,20.50,12,29
"Compare_File_1666",2,41,20.50,20.50,19,22
"Compare_File_564",2,41,20.50,20.50,17,24
"Compare_File_1695",2,41,20.50,20.50,20,21
"Compare_File_2764",2,41,20.50,20.50,18,23
"Compare_File_1163",2,41,20.50,20.50,19,22
"Compare_File_734",2,41,20.50,20.50,17,24
"Compare_File_3727",2,41,20.50,20.50,9,32
"Compare_File_523",2,41,20.50,20.50,19,22
"Compare_File_3318",2,41,20.50,20.50,18,23
"Compare_File_892",2,41,20.50,20.50,9,32
"Compare_File_1467",2,40,20.00,20.00,20,20
"Compare_File_1659",2,40,20.00,20.00,20,20
"Compare_File_1780",2,40,20.00,20.00,17,23
"Compare_File_3147",2,40,20.00,20.00,17,23
"Compare_File_3337",2,40,20.00,20.00,19,21
"Compare_File_1043",2,40,20.00,20.00,9,31
"Compare_File_1488",2,40,20.00,20.00,19,21
"Compare_File_1600",2,40,20.00,20.00,17,23
"Compare_File_1764",2,40,20.00,20.00,8,32
"Compare_File_2865",2,40,20.00,20.00,19,21
"Compare_File_3857",2,40,20.00,20.00,15,25
"Compare_File_1614",2,40,20.00,20.00,16,24
"Compare_File_3168",2,40,20.00,20.00,19,21
"Compare_File_3514",2,40,20.00,20.00,18,22
"Compare_File_3703",2,40,20.00,20.00,15,25
"Compare_File_1681",2,40,20.00,20.00,12,28
"Compare_File_775",2,40,20.00,20.00,15,25
"Compare_File_3277",2,40,20.00,20.00,10,30
"Compare_File_62",2,40,20.00,20.00,11,29
"Compare_File_1238",2,40,20.00,20.00,17,23
"Compare_File_3513",2,40,20.00,20.00,19,21
"Compare_File_2328",2,40,20.00,20.00,12,28
"Compare_File_3429",2,40,20.00,20.00,19,21
"Compare_File_1700",2,39,19.50,19.50,9,30
"Compare_File_51",2,39,19.50,19.50,10,29
"Compare_File_66",2,39,19.50,19.50,14,25
"Compare_File_3271",2,39,19.50,19.50,17,22
"Compare_File_649",2,39,19.50,19.50,17,22
"Compare_File_1629",2,39,19.50,19.50,8,31
"Compare_File_3645",2,39,19.50,19.50,15,24
"Compare_File_2949",2,39,19.50,19.50,10,29
"Compare_File_1608",2,39,19.50,19.50,16,23
"Compare_File_2834",2,39,19.50,19.50,15,24
"Compare_File_1049",2,39,19.50,19.50,17,22
"Compare_File_1280",2,39,19.50,19.50,11,28
"Compare_File_2152",2,39,19.50,19.50,14,25
"Compare_File_1824",2,39,19.50,19.50,19,20
"Compare_File_1797",2,39,19.50,19.50,19,20
"Compare_File_2333",2,39,19.50,19.50,11,28
"Compare_File_1207",2,39,19.50,19.50,9,30
"Compare_File_2617",2,39,19.50,19.50,12,27
"Compare_File_1187",2,39,19.50,19.50,16,23
"Compare_File_853",2,39,19.50,19.50,17,22
"Compare_File_1604",2,39,19.50,19.50,12,27
"Compare_File_1694",2,38,19.00,19.00,17,21
"Compare_File_3365",2,38,19.00,19.00,10,28
"Compare_File_3425",2,38,19.00,19.00,8,30
"Compare_File_1993",2,38,19.00,19.00,16,22
"Compare_File_2453",2,38,19.00,19.00,10,28
"Compare_File_3852",2,38,19.00,19.00,14,24
"Compare_File_506",2,38,19.00,19.00,10,28
"Compare_File_2144",2,38,19.00,19.00,17,21
"Compare_File_1590",2,38,19.00,19.00,19,19
"Compare_File_3453",2,38,19.00,19.00,18,20
"Compare_File_1425",2,38,19.00,19.00,9,29
"Compare_File_1413",2,38,19.00,19.00,12,26
"Compare_File_2461",2,38,19.00,19.00,10,28
"Compare_File_554",2,38,19.00,19.00,11,27
"Compare_File_3893",2,37,18.50,18.50,11,26
"Compare_File_3026",2,37,18.50,18.50,14,23
"Compare_File_3095",2,37,18.50,18.50,9,28
"Compare_File_3859",2,37,18.50,18.50,12,25
"Compare_File_2458",2,37,18.50,18.50,10,27
"Compare_File_2400",2,37,18.50,18.50,16,21
"Compare_File_864",2,37,18.50,18.50,12,25
"Compare_File_3449",2,37,18.50,18.50,15,22
"Compare_File_1830",2,37,18.50,18.50,13,24
"Compare_File_1521",2,37,18.50,18.50,12,25
"Compare_File_2424",2,37,18.50,18.50,18,19
"Compare_File_3458",2,37,18.50,18.50,15,22
"Compare_File_1167",2,37,18.50,18.50,11,26
"Compare_File_3841",2,37,18.50,18.50,8,29
"Compare_File_3278",2,37,18.50,18.50,12,25
"Compare_File_1739",2,37,18.50,18.50,11,26
"Compare_File_3788",2,37,18.50,18.50,16,21
"Compare_File_1658",2,37,18.50,18.50,18,19
"Compare_File_2497",2,37,18.50,18.50,11,26
"Compare_File_1196",2,37,18.50,18.50,17,20
"Compare_File_50",2,37,18.50,18.50,10,27
"Compare_File_1518",2,36,18.00,18.00,13,23
"Compare_File_2166",2,36,18.00,18.00,17,19
"Compare_File_3221",2,36,18.00,18.00,14,22
"Compare_File_1874",2,36,18.00,18.00,18,18
"Compare_File_2609",2,36,18.00,18.00,16,20
"Compare_File_3898",2,36,18.00,18.00,11,25
"Compare_File_848",2,36,18.00,18.00,12,24
"Compare_File_3895",2,36,18.00,18.00,12,24
"Compare_File_524",2,36,18.00,18.00,15,21
"Compare_File_2835",2,36,18.00,18.00,13,23
"Compare_File_861",2,36,18.00,18.00,18,18
"Compare_File_897",2,36,18.00,18.00,12,24
"Compare_File_2804",2,36,18.00,18.00,16,20
"Compare_File_1150",2,36,18.00,18.00,17,19
"Compare_File_3892",2,35,17.50,17.50,11,24
"Compare_File_3349",2,35,17.50,17.50,14,21
"Compare_File_3781",2,35,17.50,17.50,11,24
"Compare_File_1903",2,35,17.50,17.50,9,26
"Compare_File_3972",2,35,17.50,17.50,12,23
"Compare_File_2369",2,35,17.50,17.50,11,24
"Compare_File_1887",2,35,17.50,17.50,14,21
"Compare_File_3741",2,35,17.50,17.50,10,25
"Compare_File_2411",2,35,17.50,17.50,12,23
"Compare_File_882",2,35,17.50,17.50,12,23
"Compare_File_1202",2,35,17.50,17.50,11,24
"Compare_File_3969",2,35,17.50,17.50,12,23
"Compare_File_3218",2,35,17.50,17.50,11,24
"Compare_File_2814",2,35,17.50,17.50,11,24
"Compare_File_1445",2,35,17.50,17.50,11,24
"Compare_File_2880",2,35,17.50,17.50,16,19
"Compare_File_1042",2,35,17.50,17.50,15,20
"Compare_File_3887",2,35,17.50,17.50,14,21
"Compare_File_3418",2,35,17.50,17.50,13,22
"Compare_File_1523",2,35,17.50,17.50,11,24
"Compare_File_1484",2,35,17.50,17.50,13,22
"Compare_File_845",2,35,17.50,17.50,15,20
"Compare_File_884",2,35,17.50,17.50,10,25
"Compare_File_2680",2,35,17.50,17.50,11,24
"Compare_File_2407",2,34,17.00,17.00,11,23
"Compare_File_2809",2,34,17.00,17.00,10,24
"Compare_File_2487",2,34,17.00,17.00,11,23
"Compare_File_945",2,34,17.00,17.00,10,24
"Compare_File_852",2,34,17.00,17.00,9,25
"Compare_File_1628",2,34,17.00,17.00,10,24
"Compare_File_1471",2,34,17.00,17.00,9,25
"Compare_File_1740",2,34,17.00,17.00,17,17
"Compare_File_1485",2,34,17.00,17.00,9,25
"Compare_File_1528",2,34,17.00,17.00,16,18
"Compare_File_865",2,34,17.00,17.00,9,25
"Compare_File_3782",2,34,17.00,17.00,10,24
"Compare_File_1490",2,34,17.00,17.00,16,18
"Compare_File_576",2,34,17.00,17.00,10,24
"Compare_File_2129",2,34,17.00,17.00,15,19
"Compare_File_1468",2,34,17.00,17.00,9,25
"Compare_File_1503",2,34,17.00,17.00,12,22
"Compare_File_1881",2,34,17.00,17.00,9,25
"Compare_File_3083",2,34,17.00,17.00,10,24
"Compare_File_1526",2,34,17.00,17.00,11,23
"Compare_File_2962",2,34,17.00,17.00,10,24
"Compare_File_707",2,34,17.00,17.00,13,21
"Compare_File_3445",2,34,17.00,17.00,7,27
"Compare_File_579",2,33,16.50,16.50,13,20
"Compare_File_2143",2,33,16.50,16.50,11,22
"Compare_File_886",2,33,16.50,16.50,9,24
"Compare_File_1278",2,33,16.50,16.50,14,19
"Compare_File_3767",2,33,16.50,16.50,12,21
"Compare_File_1241",2,33,16.50,16.50,15,18
"Compare_File_1522",2,33,16.50,16.50,13,20
"Compare_File_2721",2,33,16.50,16.50,14,19
"Compare_File_1532",2,33,16.50,16.50,8,25
"Compare_File_1277",2,33,16.50,16.50,12,21
"Compare_File_2621",2,33,16.50,16.50,14,19
"Compare_File_1661",2,33,16.50,16.50,13,20
"Compare_File_1763",2,33,16.50,16.50,9,24
"Compare_File_2471",2,33,16.50,16.50,14,19
"Compare_File_1731",2,33,16.50,16.50,10,23
"Compare_File_1477",2,33,16.50,16.50,9,24
"Compare_File_67",2,33,16.50,16.50,9,24
"Compare_File_2743",2,33,16.50,16.50,10,23
"Compare_File_851",2,33,16.50,16.50,8,25
"Compare_File_1169",2,33,16.50,16.50,16,17
"Compare_File_3830",2,33,16.50,16.50,10,23
"Compare_File_2646",2,33,16.50,16.50,15,18
"Compare_File_1816",2,33,16.50,16.50,15,18
"Compare_File_1119",2,32,16.00,16.00,15,17
"Compare_File_575",2,32,16.00,16.00,13,19
"Compare_File_1689",2,32,16.00,16.00,10,22
"Compare_File_3828",2,32,16.00,16.00,10,22
"Compare_File_1472",2,32,16.00,16.00,9,23
"Compare_File_874",2,32,16.00,16.00,9,23
"Compare_File_1527",2,32,16.00,16.00,12,20
"Compare_File_2644",2,32,16.00,16.00,13,19
"Compare_File_2418",2,32,16.00,16.00,16,16
"Compare_File_1560",2,32,16.00,16.00,12,20
"Compare_File_1734",2,32,16.00,16.00,9,23
"Compare_File_3220",2,32,16.00,16.00,13,19
"Compare_File_3970",2,32,16.00,16.00,12,20
"Compare_File_2425",2,32,16.00,16.00,16,16
"Compare_File_2807",2,32,16.00,16.00,11,21
"Compare_File_1046",2,32,16.00,16.00,12,20
"Compare_File_2456",2,32,16.00,16.00,14,18
"Compare_File_2726",2,31,15.50,15.50,10,21
"Compare_File_1249",2,31,15.50,15.50,9,22
"Compare_File_3216",2,31,15.50,15.50,13,18
"Compare_File_2525",2,31,15.50,15.50,12,19
"Compare_File_2466",2,31,15.50,15.50,13,18
"Compare_File_751",2,31,15.50,15.50,13,18
"Compare_File_2849",2,31,15.50,15.50,10,21
"Compare_File_2620",2,31,15.50,15.50,12,19
"Compare_File_1151",2,31,15.50,15.50,13,18
"Compare_File_3856",2,31,15.50,15.50,11,20
"Compare_File_3447",2,31,15.50,15.50,11,20
"Compare_File_3217",2,31,15.50,15.50,11,20
"Compare_File_1504",2,31,15.50,15.50,9,22
"Compare_File_2486",2,31,15.50,15.50,13,18
"Compare_File_1655",2,31,15.50,15.50,12,19
"Compare_File_1886",2,31,15.50,15.50,10,21
"Compare_File_1741",2,31,15.50,15.50,12,19
"Compare_File_578",2,31,15.50,15.50,12,19
"Compare_File_1166",2,31,15.50,15.50,9,22
"Compare_File_3899",2,31,15.50,15.50,10,21
"Compare_File_1732",2,30,15.00,15.00,10,20
"Compare_File_3770",2,30,15.00,15.00,10,20
"Compare_File_1460",2,30,15.00,15.00,12,18
"Compare_File_1690",2,30,15.00,15.00,14,16
"Compare_File_1845",2,30,15.00,15.00,11,19
"Compare_File_3212",2,30,15.00,15.00,14,16
"Compare_File_873",2,30,15.00,15.00,10,20
"Compare_File_1164",2,30,15.00,15.00,12,18
"Compare_File_2608",2,30,15.00,15.00,11,19
"Compare_File_2159",2,30,15.00,15.00,12,18
"Compare_File_2417",2,30,15.00,15.00,13,17
"Compare_File_3783",2,30,15.00,15.00,10,20
"Compare_File_2373",2,30,15.00,15.00,10,20
"Compare_File_2610",2,29,14.50,14.50,11,18
"Compare_File_2808",2,29,14.50,14.50,12,17
"Compare_File_2506",2,29,14.50,14.50,10,19
"Compare_File_3134",2,29,14.50,14.50,12,17
"Compare_File_3032",2,29,14.50,14.50,12,17
"Compare_File_1698",2,29,14.50,14.50,10,19
"Compare_File_3861",2,29,14.50,14.50,9,20
"Compare_File_3133",2,29,14.50,14.50,12,17
"Compare_File_1599",2,29,14.50,14.50,9,20
"Compare_File_1162",2,29,14.50,14.50,10,19
"Compare_File_1476",2,29,14.50,14.50,8,21
"Compare_File_2950",2,29,14.50,14.50,9,20
"Compare_File_3030",2,29,14.50,14.50,12,17
"Compare_File_2401",2,29,14.50,14.50,10,19
"Compare_File_1473",2,29,14.50,14.50,8,21
"Compare_File_1660",2,29,14.50,14.50,10,19
"Compare_File_3219",2,29,14.50,14.50,10,19
"Compare_File_1465",2,29,14.50,14.50,9,20
"Compare_File_2469",2,29,14.50,14.50,10,19
"Compare_File_2178",2,29,14.50,14.50,9,20
"Compare_File_525",2,29,14.50,14.50,12,17
"Compare_File_850",2,28,14.00,14.00,8,20
"Compare_File_1675",2,28,14.00,14.00,12,16
"Compare_File_2356",2,28,14.00,14.00,12,16
"Compare_File_1613",2,28,14.00,14.00,9,19
"Compare_File_1612",2,28,14.00,14.00,8,20
"Compare_File_1045",2,28,14.00,14.00,10,18
"Compare_File_2848",2,28,14.00,14.00,10,18
"Compare_File_3787",2,28,14.00,14.00,12,16
"Compare_File_1279",2,28,14.00,14.00,11,17
"Compare_File_2355",2,28,14.00,14.00,11,17
"Compare_File_1744",2,28,14.00,14.00,11,17
"Compare_File_849",2,28,14.00,14.00,9,19
"Compare_File_2509",2,28,14.00,14.00,10,18
"Compare_File_2812",2,28,14.00,14.00,10,18
"Compare_File_2951",2,28,14.00,14.00,9,19
"Compare_File_1470",2,28,14.00,14.00,9,19
"Compare_File_3033",2,28,14.00,14.00,11,17
"Compare_File_1462",2,28,14.00,14.00,12,16
"Compare_File_2413",2,28,14.00,14.00,12,16
"Compare_File_2470",2,27,13.50,13.50,11,16
"Compare_File_1466",2,27,13.50,13.50,9,18
"Compare_File_1790",2,27,13.50,13.50,12,15
"Compare_File_2685",2,27,13.50,13.50,9,18
"Compare_File_1693",2,27,13.50,13.50,9,18
"Compare_File_1595",2,27,13.50,13.50,9,18
"Compare_File_3771",2,27,13.50,13.50,11,16
"Compare_File_2455",2,27,13.50,13.50,13,14
"Compare_File_2745",2,27,13.50,13.50,9,18
"Compare_File_3079",2,27,13.50,13.50,11,16
"Compare_File_2172",2,27,13.50,13.50,11,16
"Compare_File_1605",2,27,13.50,13.50,10,17
"Compare_File_1641",2,27,13.50,13.50,9,18
"Compare_File_2435",2,27,13.50,13.50,9,18
"Compare_File_1846",2,27,13.50,13.50,9,18
"Compare_File_1469",2,27,13.50,13.50,9,18
"Compare_File_3772",2,27,13.50,13.50,12,15
"Compare_File_1566",2,26,13.00,13.00,7,19
"Compare_File_3178",2,26,13.00,13.00,9,17
"Compare_File_2403",2,26,13.00,13.00,10,16
"Compare_File_1603",2,26,13.00,13.00,9,17
"Compare_File_1685",2,26,13.00,13.00,8,18
"Compare_File_1474",2,25,12.50,12.50,8,17
"Compare_File_1461",2,25,12.50,12.50,9,16
"Compare_File_1688",2,25,12.50,12.50,9,16
"Compare_File_1463",2,24,12.00,12.00,8,16
"Compare_File_3059",2,24,12.00,12.00,12,12
"Compare_File_1745",2,23,11.50,11.50,9,14
"Compare_File_847",2,21,10.50,10.50,8,13
"Process_Results",2,12,6.00,6.00,5,7
"Calculate_Avg_FileSize",2,3,1.50,1.50,1,2
"Sort_Files",2,1,0.50,0.50,0,1
"Folder_Stats",2,0,0.00,0.00,0,0
