Operation,CallCount,TotalTimeMs,AverageTimeMs,MedianTimeMs,MinTimeMs,MaxTimeMs
"CompareFilesWithCaching",8000,1166464,145.81,47.00,5,13227
"Compare_Objects",8000,452331,56.54,23.00,1,1669
"Deserialize_Old_ComplexOrderResponse_Xml",8000,379376,47.42,4.00,0,10786
"Deserialize_New_ComplexOrderResponse_Xml",8000,198387,24.80,2.00,0,12729
"Parallel_Comparison",2,58320,29160.00,29160.00,24298,34022
"CompareFolderUploadsAsync",1,45517,45517.00,45517.00,45517,45517
"Generate_File_Hash",16000,22069,1.38,0.00,0,419
"Compare_File_1746",2,13949,6974.50,6974.50,233,13716
"Compare_File_1451",2,12280,6140.00,6140.00,10,12270
"Compare_File_1640",2,11391,5695.50,5695.50,9,11382
"Compare_File_1193",2,11201,5600.50,5600.50,50,11151
"Compare_File_439",2,9528,4764.00,4764.00,238,9290
"Compare_File_275",2,8894,4447.00,4447.00,236,8658
"Compare_File_1389",2,8507,4253.50,4253.50,22,8485
"Compare_File_0",2,8505,4252.50,4252.50,2684,5821
"Compare_File_1160",2,7934,3967.00,3967.00,129,7805
"Compare_File_3",2,7874,3937.00,3937.00,3289,4585
"Compare_File_86",2,7861,3930.50,3930.50,10,7851
"Compare_File_844",2,7849,3924.50,3924.50,10,7839
"Compare_File_297",2,7697,3848.50,3848.50,152,7545
"Compare_File_1677",2,7188,3594.00,3594.00,14,7174
"Compare_File_5",2,7104,3552.00,3552.00,3012,4092
"Compare_File_2",2,7098,3549.00,3549.00,2810,4288
"Compare_File_20",2,6899,3449.50,3449.50,2612,4287
"Compare_File_1",2,6335,3167.50,3167.50,2669,3666
"Compare_File_83",2,6308,3154.00,3154.00,12,6296
"Compare_File_2158",2,6285,3142.50,3142.50,138,6147
"Compare_File_33",2,6250,3125.00,3125.00,2778,3472
"Compare_File_39",2,5766,2883.00,2883.00,2871,2895
"Compare_File_76",2,5388,2694.00,2694.00,14,5374
"Compare_File_24",2,5375,2687.50,2687.50,124,5251
"Compare_File_78",2,5052,2526.00,2526.00,50,5002
"Compare_File_8",2,4932,2466.00,2466.00,339,4593
"Compare_File_12",2,4915,2457.50,2457.50,330,4585
"Compare_File_13",2,4710,2355.00,2355.00,126,4584
"Compare_File_11",2,4704,2352.00,2352.00,121,4583
"Compare_File_7",2,4697,2348.50,2348.50,47,4650
"Compare_File_15",2,4692,2346.00,2346.00,107,4585
"Compare_File_16",2,4691,2345.50,2345.50,106,4585
"Compare_File_10",2,4652,2326.00,2326.00,58,4594
"Compare_File_18",2,4566,2283.00,2283.00,81,4485
"Compare_File_998",2,4441,2220.50,2220.50,563,3878
"Compare_File_19",2,4370,2185.00,2185.00,80,4290
"Compare_File_3275",2,4366,2183.00,2183.00,558,3808
"Compare_File_9",2,4303,2151.50,2151.50,15,4288
"Compare_File_14",2,4221,2110.50,2110.50,230,3991
"Compare_File_50",2,4209,2104.50,2104.50,117,4092
"Compare_File_22",2,4142,2071.00,2071.00,172,3970
"Compare_File_6",2,4099,2049.50,2049.50,203,3896
"Compare_File_23",2,4038,2019.00,2019.00,110,3928
"Compare_File_3299",2,3983,1991.50,1991.50,409,3574
"Compare_File_3277",2,3821,1910.50,1910.50,172,3649
"Compare_File_53",2,3813,1906.50,1906.50,61,3752
"Compare_File_17",2,3785,1892.50,1892.50,85,3700
"Compare_File_4",2,3775,1887.50,1887.50,56,3719
"Compare_File_21",2,3769,1884.50,1884.50,98,3671
"Compare_File_3349",2,3691,1845.50,1845.50,101,3590
"Compare_File_157",2,3447,1723.50,1723.50,827,2620
"Compare_File_44",2,3290,1645.00,1645.00,384,2906
"Compare_File_61",2,3252,1626.00,1626.00,365,2887
"Compare_File_68",2,3218,1609.00,1609.00,82,3136
"Compare_File_3445",2,3151,1575.50,1575.50,63,3088
"Compare_File_47",2,3127,1563.50,1563.50,101,3026
"Compare_File_109",2,3124,1562.00,1562.00,153,2971
"Compare_File_46",2,2978,1489.00,1489.00,180,2798
"Compare_File_34",2,2978,1489.00,1489.00,107,2871
"Compare_File_479",2,2975,1487.50,1487.50,21,2954
"Compare_File_36",2,2960,1480.00,1480.00,240,2720
"Compare_File_285",2,2955,1477.50,1477.50,103,2852
"Compare_File_127",2,2950,1475.00,1475.00,449,2501
"Compare_File_218",2,2923,1461.50,1461.50,119,2804
"Compare_File_952",2,2913,1456.50,1456.50,63,2850
"Compare_File_27",2,2898,1449.00,1449.00,94,2804
"Compare_File_225",2,2896,1448.00,1448.00,94,2802
"Compare_File_227",2,2862,1431.00,1431.00,95,2767
"Compare_File_257",2,2847,1423.50,1423.50,1049,1798
"Compare_File_124",2,2790,1395.00,1395.00,129,2661
"Generate_Config_Fingerprint",8006,2754,0.34,0.00,0,198
"Compare_File_160",2,2744,1372.00,1372.00,25,2719
"Compare_File_476",2,2696,1348.00,1348.00,72,2624
"Compare_File_116",2,2679,1339.50,1339.50,157,2522
"Compare_File_2705",2,2651,1325.50,1325.50,189,2462
"Compare_File_49",2,2622,1311.00,1311.00,111,2511
"Compare_File_45",2,2599,1299.50,1299.50,149,2450
"Compare_File_474",2,2595,1297.50,1297.50,191,2404
"Compare_File_928",2,2573,1286.50,1286.50,874,1699
"Compare_File_26",2,2572,1286.00,1286.00,54,2518
"Compare_File_304",2,2570,1285.00,1285.00,54,2516
"Compare_File_28",2,2553,1276.50,1276.50,86,2467
"Compare_File_445",2,2526,1263.00,1263.00,146,2380
"Compare_File_201",2,2522,1261.00,1261.00,44,2478
"Compare_File_377",2,2518,1259.00,1259.00,154,2364
"Compare_File_238",2,2487,1243.50,1243.50,282,2205
"Compare_File_146",2,2463,1231.50,1231.50,74,2389
"Compare_File_148",2,2403,1201.50,1201.50,30,2373
"Compare_File_248",2,2356,1178.00,1178.00,82,2274
"Compare_File_500",2,2340,1170.00,1170.00,52,2288
"Compare_File_2446",2,2325,1162.50,1162.50,128,2197
"Compare_File_2431",2,2299,1149.50,1149.50,179,2120
"Compare_File_216",2,2233,1116.50,1116.50,67,2166
"Compare_File_204",2,2206,1103.00,1103.00,109,2097
"Compare_File_2233",2,2193,1096.50,1096.50,10,2183
"Compare_File_3598",2,2158,1079.00,1079.00,17,2141
"Compare_File_231",2,2143,1071.50,1071.50,98,2045
"Compare_File_286",2,2137,1068.50,1068.50,222,1915
"Compare_File_3513",2,2096,1048.00,1048.00,102,1994
"Compare_File_1382",2,2041,1020.50,1020.50,27,2014
"Compare_File_251",2,2039,1019.50,1019.50,111,1928
"Compare_File_284",2,2027,1013.50,1013.50,117,1910
"Compare_File_794",2,2018,1009.00,1009.00,207,1811
"Compare_File_437",2,1985,992.50,992.50,48,1937
"Compare_File_3725",2,1962,981.00,981.00,716,1246
"Compare_File_261",2,1927,963.50,963.50,107,1820
"Compare_File_3599",2,1874,937.00,937.00,13,1861
"Compare_File_2531",2,1870,935.00,935.00,74,1796
"Compare_File_2745",2,1840,920.00,920.00,133,1707
"Compare_File_3654",2,1807,903.50,903.50,145,1662
"Compare_File_3620",2,1741,870.50,870.50,16,1725
"Compare_File_3668",2,1728,864.00,864.00,66,1662
"Compare_File_29",2,1713,856.50,856.50,107,1606
"Compare_File_239",2,1656,828.00,828.00,780,876
"Compare_File_3594",2,1619,809.50,809.50,77,1542
"Compare_File_645",2,1604,802.00,802.00,15,1589
"Compare_File_3588",2,1587,793.50,793.50,115,1472
"Compare_File_946",2,1572,786.00,786.00,65,1507
"Compare_File_2564",2,1555,777.50,777.50,11,1544
"Compare_File_2601",2,1493,746.50,746.50,155,1338
"Compare_File_3730",2,1474,737.00,737.00,239,1235
"Compare_File_155",2,1405,702.50,702.50,139,1266
"Compare_File_175",2,1396,698.00,698.00,86,1310
"Compare_File_3222",2,1391,695.50,695.50,41,1350
"Compare_File_691",2,1371,685.50,685.50,127,1244
"Compare_File_493",2,1366,683.00,683.00,38,1328
"Compare_File_2661",2,1318,659.00,659.00,38,1280
"Compare_File_3650",2,1293,646.50,646.50,101,1192
"Compare_File_241",2,1278,639.00,639.00,300,978
"Compare_File_1555",2,1275,637.50,637.50,149,1126
"Compare_File_694",2,1270,635.00,635.00,124,1146
"Compare_File_2834",2,1267,633.50,633.50,270,997
"Compare_File_3729",2,1266,633.00,633.00,15,1251
"Compare_File_3728",2,1254,627.00,627.00,20,1234
"Compare_File_3752",2,1191,595.50,595.50,438,753
"Compare_File_2781",2,1172,586.00,586.00,13,1159
"Compare_File_2178",2,1169,584.50,584.50,435,734
"Compare_File_1554",2,1164,582.00,582.00,28,1136
"Compare_File_532",2,1162,581.00,581.00,263,899
"Compare_File_2240",2,1142,571.00,571.00,17,1125
"Compare_File_1372",2,1140,570.00,570.00,25,1115
"Compare_File_433",2,1127,563.50,563.50,99,1028
"Compare_File_3265",2,1108,554.00,554.00,110,998
"Compare_File_1443",2,1062,531.00,531.00,217,845
"Compare_File_224",2,1053,526.50,526.50,199,854
"Compare_File_2846",2,1048,524.00,524.00,119,929
"Compare_File_2325",2,1040,520.00,520.00,309,731
"Compare_File_3266",2,1029,514.50,514.50,171,858
"Compare_File_2648",2,1023,511.50,511.50,29,994
"Compare_File_430",2,1020,510.00,510.00,132,888
"Compare_File_446",2,1010,505.00,505.00,141,869
"Compare_File_2830",2,1009,504.50,504.50,11,998
"Compare_File_3121",2,1007,503.50,503.50,467,540
"Compare_File_3631",2,1006,503.00,503.00,64,942
"Compare_File_2389",2,1001,500.50,500.50,181,820
"Compare_File_929",2,998,499.00,499.00,294,704
"Compare_File_2543",2,994,497.00,497.00,352,642
"Compare_File_3657",2,991,495.50,495.50,107,884
"Compare_File_636",2,991,495.50,495.50,55,936
"Compare_File_2476",2,985,492.50,492.50,15,970
"Compare_File_1563",2,980,490.00,490.00,15,965
"Compare_File_1561",2,979,489.50,489.50,11,968
"Compare_File_909",2,971,485.50,485.50,261,710
"Compare_File_2906",2,968,484.00,484.00,79,889
"Compare_File_1871",2,964,482.00,482.00,10,954
"Compare_File_639",2,960,480.00,480.00,59,901
"Compare_File_2205",2,947,473.50,473.50,15,932
"Compare_File_918",2,946,473.00,473.00,170,776
"Compare_File_2607",2,941,470.50,470.50,224,717
"Compare_File_3413",2,936,468.00,468.00,14,922
"Compare_File_951",2,933,466.50,466.50,104,829
"Compare_File_3125",2,931,465.50,465.50,402,529
"Compare_File_906",2,922,461.00,461.00,211,711
"Compare_File_646",2,921,460.50,460.50,25,896
"Compare_File_1883",2,919,459.50,459.50,47,872
"Compare_File_2860",2,918,459.00,459.00,138,780
"Compare_File_3063",2,914,457.00,457.00,65,849
"Compare_File_1562",2,913,456.50,456.50,11,902
"Compare_File_1050",2,909,454.50,454.50,233,676
"Compare_File_2708",2,907,453.50,453.50,47,860
"Compare_File_1062",2,900,450.00,450.00,224,676
"Compare_File_2426",2,895,447.50,447.50,64,831
"Compare_File_512",2,895,447.50,447.50,55,840
"Compare_File_3284",2,889,444.50,444.50,12,877
"Compare_File_1898",2,888,444.00,444.00,96,792
"Compare_File_3343",2,888,444.00,444.00,235,653
"Compare_File_1878",2,885,442.50,442.50,13,872
"Compare_File_1499",2,881,440.50,440.50,39,842
"Compare_File_3664",2,880,440.00,440.00,439,441
"Compare_File_3660",2,873,436.50,436.50,103,770
"Compare_File_1880",2,866,433.00,433.00,11,855
"Compare_File_2858",2,865,432.50,432.50,232,633
"Compare_File_242",2,864,432.00,432.00,236,628
"Compare_File_3540",2,863,431.50,431.50,116,747
"Compare_File_3372",2,861,430.50,430.50,339,522
"Compare_File_1895",2,855,427.50,427.50,48,807
"Compare_File_2017",2,855,427.50,427.50,281,574
"Compare_File_1560",2,854,427.00,427.00,10,844
"Compare_File_74",2,847,423.50,423.50,25,822
"Compare_File_2424",2,846,423.00,423.00,42,804
"Compare_File_2787",2,843,421.50,421.50,71,772
"Compare_File_3459",2,841,420.50,420.50,411,430
"Compare_File_3434",2,833,416.50,416.50,26,807
"Compare_File_2647",2,833,416.50,416.50,58,775
"Compare_File_2777",2,829,414.50,414.50,33,796
"Compare_File_2664",2,824,412.00,412.00,82,742
"Compare_File_2895",2,821,410.50,410.50,43,778
"Compare_File_1374",2,820,410.00,410.00,17,803
"Compare_File_2321",2,818,409.00,409.00,380,438
"Compare_File_233",2,817,408.50,408.50,55,762
"Compare_File_2856",2,817,408.50,408.50,161,656
"Compare_File_281",2,816,408.00,408.00,286,530
"Compare_File_2987",2,815,407.50,407.50,292,523
"Compare_File_970",2,815,407.50,407.50,163,652
"Compare_File_3385",2,810,405.00,405.00,11,799
"Compare_File_712",2,806,403.00,403.00,16,790
"Compare_File_3658",2,797,398.50,398.50,21,776
"Compare_File_458",2,791,395.50,395.50,127,664
"Compare_File_2398",2,788,394.00,394.00,24,764
"Compare_File_562",2,781,390.50,390.50,11,770
"Compare_File_1383",2,780,390.00,390.00,165,615
"Compare_File_165",2,780,390.00,390.00,15,765
"Compare_File_2162",2,780,390.00,390.00,366,414
"Compare_File_2518",2,776,388.00,388.00,259,517
"Compare_File_166",2,775,387.50,387.50,17,758
"Compare_File_232",2,775,387.50,387.50,49,726
"Compare_File_3345",2,774,387.00,387.00,147,627
"Compare_File_3473",2,774,387.00,387.00,38,736
"Compare_File_2985",2,773,386.50,386.50,250,523
"Compare_File_256",2,773,386.50,386.50,324,449
"Compare_File_3539",2,773,386.50,386.50,75,698
"Compare_File_708",2,772,386.00,386.00,145,627
"Compare_File_549",2,772,386.00,386.00,88,684
"Compare_File_1081",2,770,385.00,385.00,143,627
"Compare_File_3400",2,761,380.50,380.50,58,703
"Compare_File_2247",2,760,380.00,380.00,32,728
"Compare_File_576",2,760,380.00,380.00,226,534
"Compare_File_1859",2,760,380.00,380.00,64,696
"Compare_File_3348",2,759,379.50,379.50,277,482
"Compare_File_1271",2,755,377.50,377.50,86,669
"Compare_File_1868",2,750,375.00,375.00,212,538
"Compare_File_3684",2,747,373.50,373.50,48,699
"Compare_File_48",2,746,373.00,373.00,162,584
"Compare_File_3554",2,741,370.50,370.50,111,630
"Compare_File_2199",2,741,370.50,370.50,12,729
"Compare_File_2167",2,741,370.50,370.50,360,381
"Compare_File_3093",2,740,370.00,370.00,138,602
"Compare_File_3259",2,739,369.50,369.50,62,677
"Compare_File_1283",2,737,368.50,368.50,138,599
"Compare_File_912",2,736,368.00,368.00,41,695
"Compare_File_910",2,734,367.00,367.00,24,710
"Compare_File_3667",2,732,366.00,366.00,27,705
"Compare_File_1045",2,727,363.50,363.50,335,392
"Compare_File_1744",2,727,363.50,363.50,173,554
"Compare_File_2328",2,726,363.00,363.00,311,415
"Compare_File_3466",2,724,362.00,362.00,89,635
"Compare_File_3142",2,723,361.50,361.50,274,449
"Compare_File_41",2,721,360.50,360.50,359,362
"Compare_File_748",2,719,359.50,359.50,213,506
"Compare_File_687",2,719,359.50,359.50,207,512
"Compare_File_565",2,719,359.50,359.50,22,697
"Compare_File_3457",2,716,358.00,358.00,43,673
"Compare_File_1290",2,710,355.00,355.00,101,609
"Compare_File_1078",2,707,353.50,353.50,62,645
"Compare_File_911",2,704,352.00,352.00,11,693
"Compare_File_2700",2,703,351.50,351.50,65,638
"Compare_File_382",2,699,349.50,349.50,224,475
"Compare_File_640",2,699,349.50,349.50,228,471
"Compare_File_3263",2,699,349.50,349.50,53,646
"Compare_File_2666",2,697,348.50,348.50,104,593
"Compare_File_503",2,696,348.00,348.00,115,581
"Compare_File_1093",2,693,346.50,346.50,183,510
"Compare_File_933",2,692,346.00,346.00,176,516
"Compare_File_161",2,690,345.00,345.00,30,660
"Compare_File_184",2,687,343.50,343.50,204,483
"Compare_File_3113",2,687,343.50,343.50,71,616
"Compare_File_1285",2,686,343.00,343.00,159,527
"Compare_File_75",2,684,342.00,342.00,73,611
"Compare_File_2309",2,683,341.50,341.50,73,610
"Compare_File_3004",2,682,341.00,341.00,105,577
"Compare_File_573",2,681,340.50,340.50,63,618
"Compare_File_1760",2,676,338.00,338.00,36,640
"Compare_File_3286",2,675,337.50,337.50,10,665
"Compare_File_995",2,674,337.00,337.00,120,554
"Compare_File_2406",2,670,335.00,335.00,129,541
"Compare_File_1947",2,669,334.50,334.50,39,630
"Compare_File_3105",2,668,334.00,334.00,22,646
"Compare_File_1950",2,663,331.50,331.50,80,583
"Compare_File_3411",2,663,331.50,331.50,153,510
"Compare_File_1755",2,663,331.50,331.50,11,652
"Compare_File_3683",2,662,331.00,331.00,49,613
"Compare_File_3217",2,662,331.00,331.00,214,448
"Compare_File_3005",2,661,330.50,330.50,307,354
"Compare_File_3281",2,660,330.00,330.00,171,489
"Compare_File_1434",2,658,329.00,329.00,21,637
"Compare_File_1083",2,657,328.50,328.50,81,576
"Compare_File_1958",2,657,328.50,328.50,131,526
"Compare_File_743",2,657,328.50,328.50,85,572
"Compare_File_919",2,656,328.00,328.00,11,645
"Compare_File_984",2,655,327.50,327.50,78,577
"Compare_File_2988",2,654,327.00,327.00,89,565
"Compare_File_1762",2,651,325.50,325.50,14,637
"Compare_File_3120",2,650,325.00,325.00,317,333
"Compare_File_2600",2,649,324.50,324.50,231,418
"Compare_File_3018",2,649,324.50,324.50,11,638
"Compare_File_82",2,647,323.50,323.50,77,570
"Compare_File_744",2,647,323.50,323.50,79,568
"Compare_File_3219",2,647,323.50,323.50,213,434
"Compare_File_3808",2,644,322.00,322.00,204,440
"Compare_File_2236",2,642,321.00,321.00,15,627
"Compare_File_1767",2,640,320.00,320.00,6,634
"Compare_File_3583",2,639,319.50,319.50,119,520
"Compare_File_2308",2,638,319.00,319.00,69,569
"Compare_File_1289",2,638,319.00,319.00,72,566
"Compare_File_1386",2,634,317.00,317.00,29,605
"Compare_File_823",2,634,317.00,317.00,94,540
"Compare_File_65",2,634,317.00,317.00,73,561
"Compare_File_2889",2,633,316.50,316.50,12,621
"Compare_File_383",2,632,316.00,316.00,152,480
"Compare_File_2031",2,632,316.00,316.00,95,537
"Compare_File_3230",2,629,314.50,314.50,27,602
"Compare_File_674",2,629,314.50,314.50,13,616
"Compare_File_2170",2,625,312.50,312.50,278,347
"Compare_File_2235",2,625,312.50,312.50,38,587
"Compare_File_79",2,623,311.50,311.50,18,605
"Compare_File_1087",2,623,311.50,311.50,70,553
"Compare_File_2018",2,621,310.50,310.50,38,583
"Compare_File_566",2,621,310.50,310.50,48,573
"Compare_File_2323",2,620,310.00,310.00,310,310
"Compare_File_2535",2,619,309.50,309.50,203,416
"Compare_File_742",2,616,308.00,308.00,88,528
"Compare_File_2163",2,614,307.00,307.00,301,313
"Compare_File_3092",2,613,306.50,306.50,195,418
"Compare_File_339",2,610,305.00,305.00,206,404
"Compare_File_1075",2,609,304.50,304.50,95,514
"Compare_File_836",2,606,303.00,303.00,168,438
"Compare_File_1448",2,606,303.00,303.00,199,407
"Compare_File_2200",2,605,302.50,302.50,11,594
"Compare_File_374",2,604,302.00,302.00,24,580
"Compare_File_1278",2,604,302.00,302.00,94,510
"Compare_File_255",2,604,302.00,302.00,161,443
"Compare_File_385",2,603,301.50,301.50,163,440
"Compare_File_3726",2,601,300.50,300.50,117,484
"Compare_File_1091",2,601,300.50,300.50,69,532
"Compare_File_2448",2,599,299.50,299.50,260,339
"Compare_File_2965",2,598,299.00,299.00,64,534
"Compare_File_2986",2,596,298.00,298.00,23,573
"Compare_File_381",2,596,298.00,298.00,113,483
"Compare_File_3112",2,596,298.00,298.00,16,580
"Compare_File_3472",2,596,298.00,298.00,260,336
"Compare_File_2821",2,596,298.00,298.00,105,491
"Compare_File_3859",2,594,297.00,297.00,128,466
"Compare_File_1831",2,594,297.00,297.00,237,357
"Compare_File_3123",2,594,297.00,297.00,183,411
"Compare_File_991",2,593,296.50,296.50,38,555
"Compare_File_59",2,591,295.50,295.50,75,516
"Compare_File_3696",2,591,295.50,295.50,78,513
"Compare_File_3498",2,590,295.00,295.00,105,485
"Compare_File_3865",2,590,295.00,295.00,79,511
"Compare_File_126",2,589,294.50,294.50,97,492
"Compare_File_2022",2,586,293.00,293.00,34,552
"Compare_File_1863",2,586,293.00,293.00,10,576
"Compare_File_2399",2,580,290.00,290.00,11,569
"Compare_File_3586",2,579,289.50,289.50,74,505
"Compare_File_2335",2,579,289.50,289.50,16,563
"Compare_File_3347",2,577,288.50,288.50,56,521
"Compare_File_632",2,577,288.50,288.50,95,482
"Compare_File_2231",2,575,287.50,287.50,15,560
"Compare_File_1046",2,573,286.50,286.50,158,415
"Compare_File_2642",2,572,286.00,286.00,180,392
"Compare_File_71",2,572,286.00,286.00,14,558
"Compare_File_2990",2,570,285.00,285.00,192,378
"Compare_File_692",2,569,284.50,284.50,98,471
"Compare_File_3172",2,569,284.50,284.50,23,546
"Compare_File_1449",2,569,284.50,284.50,34,535
"Compare_File_2914",2,568,284.00,284.00,17,551
"Compare_File_1211",2,567,283.50,283.50,58,509
"Compare_File_1394",2,564,282.00,282.00,18,546
"Compare_File_56",2,562,281.00,281.00,66,496
"Compare_File_1675",2,561,280.50,280.50,31,530
"Compare_File_3580",2,561,280.50,280.50,116,445
"Compare_File_1286",2,561,280.50,280.50,165,396
"Compare_File_3197",2,557,278.50,278.50,249,308
"Compare_File_3300",2,555,277.50,277.50,126,429
"Compare_File_2566",2,555,277.50,277.50,12,543
"Compare_File_2440",2,555,277.50,277.50,211,344
"Compare_File_2232",2,554,277.00,277.00,12,542
"Compare_File_1678",2,553,276.50,276.50,19,534
"Compare_File_3889",2,553,276.50,276.50,53,500
"Compare_File_1946",2,552,276.00,276.00,135,417
"Compare_File_3270",2,551,275.50,275.50,161,390
"Compare_File_3297",2,550,275.00,275.00,30,520
"Compare_File_113",2,549,274.50,274.50,168,381
"Compare_File_1259",2,549,274.50,274.50,17,532
"Compare_File_1638",2,548,274.00,274.00,9,539
"Compare_File_1215",2,545,272.50,272.50,142,403
"Compare_File_447",2,545,272.50,272.50,197,348
"Compare_File_156",2,544,272.00,272.00,153,391
"Compare_File_3338",2,544,272.00,272.00,31,513
"Compare_File_2704",2,543,271.50,271.50,29,514
"Compare_File_67",2,543,271.50,271.50,81,462
"Compare_File_3799",2,543,271.50,271.50,33,510
"Compare_File_502",2,542,271.00,271.00,145,397
"Compare_File_3282",2,541,270.50,270.50,11,530
"Compare_File_832",2,541,270.50,270.50,114,427
"Compare_File_1751",2,539,269.50,269.50,29,510
"Compare_File_1392",2,538,269.00,269.00,14,524
"Compare_File_3098",2,536,268.00,268.00,50,486
"Compare_File_62",2,535,267.50,267.50,91,444
"Compare_File_1396",2,534,267.00,267.00,19,515
"Compare_File_1217",2,533,266.50,266.50,138,395
"Compare_File_1637",2,533,266.50,266.50,166,367
"Compare_File_246",2,532,266.00,266.00,80,452
"Compare_File_1310",2,531,265.50,265.50,36,495
"Compare_File_2445",2,530,265.00,265.00,138,392
"Compare_File_3159",2,530,265.00,265.00,157,373
"Compare_File_280",2,528,264.00,264.00,45,483
"Compare_File_3409",2,526,263.00,263.00,194,332
"Compare_File_58",2,525,262.50,262.50,101,424
"Compare_File_1953",2,524,262.00,262.00,141,383
"Compare_File_3126",2,521,260.50,260.50,114,407
"Compare_File_1837",2,521,260.50,260.50,218,303
"Compare_File_3214",2,521,260.50,260.50,181,340
"Compare_File_1209",2,521,260.50,260.50,157,364
"Compare_File_1287",2,520,260.00,260.00,77,443
"Compare_File_3555",2,520,260.00,260.00,14,506
"Compare_File_2175",2,519,259.50,259.50,248,271
"Compare_File_1367",2,518,259.00,259.00,48,470
"Compare_File_270",2,517,258.50,258.50,57,460
"Compare_File_3232",2,517,258.50,258.50,257,260
"Compare_File_234",2,517,258.50,258.50,74,443
"Compare_File_1275",2,517,258.50,258.50,226,291
"Compare_File_3444",2,516,258.00,258.00,11,505
"Compare_File_1447",2,516,258.00,258.00,73,443
"Compare_File_749",2,516,258.00,258.00,67,449
"Compare_File_1877",2,515,257.50,257.50,9,506
"Compare_File_340",2,512,256.00,256.00,201,311
"Compare_File_272",2,512,256.00,256.00,57,455
"Compare_File_2311",2,510,255.00,255.00,113,397
"Compare_File_3480",2,510,255.00,255.00,114,396
"Compare_File_3736",2,510,255.00,255.00,9,501
"Compare_File_698",2,509,254.50,254.50,42,467
"Compare_File_2677",2,509,254.50,254.50,36,473
"Compare_File_237",2,508,254.00,254.00,168,340
"Compare_File_2160",2,507,253.50,253.50,198,309
"Compare_File_3694",2,507,253.50,253.50,217,290
"Compare_File_891",2,506,253.00,253.00,119,387
"Compare_File_2164",2,504,252.00,252.00,72,432
"Compare_File_117",2,502,251.00,251.00,134,368
"Compare_File_1514",2,502,251.00,251.00,79,423
"Compare_File_2671",2,501,250.50,250.50,13,488
"Compare_File_1660",2,501,250.50,250.50,42,459
"Compare_File_441",2,500,250.00,250.00,65,435
"Compare_File_1292",2,500,250.00,250.00,42,458
"Compare_File_1395",2,500,250.00,250.00,16,484
"Compare_File_837",2,499,249.50,249.50,8,491
"Compare_File_3119",2,499,249.50,249.50,51,448
"Compare_File_648",2,499,249.50,249.50,186,313
"Compare_File_2150",2,498,249.00,249.00,12,486
"Compare_File_60",2,497,248.50,248.50,14,483
"Compare_File_1312",2,496,248.00,248.00,122,374
"Compare_File_1370",2,495,247.50,247.50,26,469
"Compare_File_380",2,495,247.50,247.50,222,273
"Compare_File_1326",2,495,247.50,247.50,19,476
"Compare_File_1368",2,494,247.00,247.00,16,478
"Compare_File_1010",2,493,246.50,246.50,11,482
"Compare_File_1140",2,492,246.00,246.00,222,270
"Compare_File_3798",2,491,245.50,245.50,222,269
"Compare_File_2290",2,491,245.50,245.50,66,425
"Compare_File_3369",2,491,245.50,245.50,75,416
"Compare_File_3116",2,491,245.50,245.50,56,435
"Compare_File_3521",2,489,244.50,244.50,84,405
"Compare_File_1214",2,487,243.50,243.50,147,340
"Compare_File_2586",2,487,243.50,243.50,42,445
"Compare_File_1222",2,485,242.50,242.50,13,472
"Compare_File_1051",2,484,242.00,242.00,199,285
"Compare_File_843",2,484,242.00,242.00,7,477
"Compare_File_2605",2,484,242.00,242.00,152,332
"Compare_File_1006",2,484,242.00,242.00,135,349
"Compare_File_3476",2,482,241.00,241.00,76,406
"Compare_File_1380",2,481,240.50,240.50,62,419
"Compare_File_2330",2,481,240.50,240.50,210,271
"Compare_File_1377",2,481,240.50,240.50,62,419
"Compare_File_1823",2,480,240.00,240.00,21,459
"Compare_File_997",2,479,239.50,239.50,24,455
"Compare_File_438",2,479,239.50,239.50,157,322
"Compare_File_81",2,479,239.50,239.50,13,466
"Compare_File_1747",2,478,239.00,239.00,13,465
"Compare_File_1397",2,477,238.50,238.50,28,449
"Compare_File_80",2,476,238.00,238.00,11,465
"Compare_File_2329",2,476,238.00,238.00,59,417
"Compare_File_2778",2,475,237.50,237.50,82,393
"Compare_File_1659",2,474,237.00,237.00,133,341
"Compare_File_2276",2,473,236.50,236.50,11,462
"Compare_File_3118",2,473,236.50,236.50,83,390
"Compare_File_111",2,473,236.50,236.50,121,352
"Compare_File_114",2,473,236.50,236.50,207,266
"Compare_File_3689",2,473,236.50,236.50,182,291
"Compare_File_2047",2,472,236.00,236.00,19,453
"Compare_File_3800",2,472,236.00,236.00,41,431
"Compare_File_3002",2,472,236.00,236.00,142,330
"Compare_File_2850",2,471,235.50,235.50,33,438
"Compare_File_1564",2,471,235.50,235.50,50,421
"Compare_File_1376",2,471,235.50,235.50,76,395
"Compare_File_240",2,471,235.50,235.50,84,387
"Compare_File_1867",2,470,235.00,235.00,214,256
"Compare_File_3285",2,468,234.00,234.00,11,457
"Compare_File_208",2,467,233.50,233.50,157,310
"Compare_File_1739",2,467,233.50,233.50,211,256
"Compare_File_84",2,466,233.00,233.00,18,448
"Compare_File_1962",2,466,233.00,233.00,231,235
"Compare_File_64",2,463,231.50,231.50,110,353
"Compare_File_2696",2,462,231.00,231.00,102,360
"Compare_File_63",2,462,231.00,231.00,104,358
"Compare_File_2228",2,462,231.00,231.00,40,422
"Compare_File_268",2,461,230.50,230.50,47,414
"Compare_File_908",2,460,230.00,230.00,216,244
"Compare_File_3340",2,460,230.00,230.00,202,258
"Compare_File_879",2,460,230.00,230.00,212,248
"Compare_File_1391",2,460,230.00,230.00,202,258
"Compare_File_904",2,458,229.00,229.00,224,234
"Compare_File_1216",2,458,229.00,229.00,91,367
"Compare_File_1269",2,457,228.50,228.50,165,292
"Compare_File_3591",2,456,228.00,228.00,78,378
"Compare_File_3085",2,456,228.00,228.00,20,436
"Compare_File_588",2,456,228.00,228.00,11,445
"Compare_File_448",2,455,227.50,227.50,73,382
"Compare_File_112",2,453,226.50,226.50,212,241
"Compare_File_3221",2,453,226.50,226.50,211,242
"Compare_File_996",2,452,226.00,226.00,177,275
"Compare_File_2679",2,451,225.50,225.50,48,403
"Compare_File_874",2,451,225.50,225.50,187,264
"Compare_File_97",2,451,225.50,225.50,125,326
"Compare_File_2391",2,450,225.00,225.00,137,313
"Compare_File_244",2,450,225.00,225.00,61,389
"Compare_File_3124",2,450,225.00,225.00,46,404
"Compare_File_556",2,448,224.00,224.00,68,380
"Compare_File_846",2,448,224.00,224.00,32,416
"Compare_File_720",2,447,223.50,223.50,56,391
"Compare_File_43",2,447,223.50,223.50,211,236
"Compare_File_853",2,446,223.00,223.00,77,369
"Compare_File_1759",2,446,223.00,223.00,62,384
"Compare_File_541",2,445,222.50,222.50,121,324
"Compare_File_1314",2,445,222.50,222.50,18,427
"Compare_File_2165",2,444,222.00,222.00,57,387
"Compare_File_1736",2,444,222.00,222.00,182,262
"Compare_File_2590",2,444,222.00,222.00,12,432
"Compare_File_3905",2,443,221.50,221.50,65,378
"Compare_File_2317",2,443,221.50,221.50,56,387
"Compare_File_1206",2,442,221.00,221.00,70,372
"Compare_File_2132",2,441,220.50,220.50,170,271
"Compare_File_2123",2,441,220.50,220.50,219,222
"Compare_File_878",2,441,220.50,220.50,184,257
"Compare_File_3695",2,441,220.50,220.50,8,433
"Compare_File_1080",2,440,220.00,220.00,110,330
"Compare_File_2171",2,439,219.50,219.50,160,279
"Compare_File_544",2,438,219.00,219.00,148,290
"Compare_File_384",2,436,218.00,218.00,53,383
"Compare_File_1639",2,436,218.00,218.00,8,428
"Compare_File_1128",2,436,218.00,218.00,135,301
"Compare_File_764",2,436,218.00,218.00,79,357
"Compare_File_2086",2,435,217.50,217.50,71,364
"Compare_File_287",2,435,217.50,217.50,172,263
"Compare_File_274",2,435,217.50,217.50,78,357
"Compare_File_1484",2,435,217.50,217.50,47,388
"Compare_File_1572",2,434,217.00,217.00,90,344
"Compare_File_1951",2,434,217.00,217.00,61,373
"Compare_File_594",2,433,216.50,216.50,28,405
"Compare_File_3130",2,430,215.00,215.00,30,400
"Compare_File_766",2,430,215.00,215.00,103,327
"Compare_File_2512",2,430,215.00,215.00,19,411
"Compare_File_3443",2,428,214.00,214.00,16,412
"Compare_File_2057",2,427,213.50,213.50,12,415
"Compare_File_2169",2,427,213.50,213.50,54,373
"Compare_File_649",2,426,213.00,213.00,10,416
"Compare_File_3593",2,425,212.50,212.50,74,351
"Compare_File_2644",2,425,212.50,212.50,10,415
"Compare_File_1138",2,425,212.50,212.50,180,245
"Compare_File_2602",2,425,212.50,212.50,194,231
"Compare_File_1479",2,424,212.00,212.00,14,410
"Compare_File_3117",2,424,212.00,212.00,53,371
"Compare_File_2709",2,424,212.00,212.00,113,311
"Compare_File_3939",2,424,212.00,212.00,178,246
"Compare_File_3052",2,424,212.00,212.00,43,381
"Compare_File_3929",2,423,211.50,211.50,77,346
"Compare_File_147",2,423,211.50,211.50,59,364
"Compare_File_3106",2,423,211.50,211.50,27,396
"Compare_File_96",2,423,211.50,211.50,43,380
"Compare_File_602",2,422,211.00,211.00,11,411
"Compare_File_3606",2,422,211.00,211.00,33,389
"Compare_File_1850",2,420,210.00,210.00,132,288
"Compare_File_87",2,420,210.00,210.00,12,408
"Compare_File_1758",2,420,210.00,210.00,15,405
"Compare_File_94",2,419,209.50,209.50,24,395
"Compare_File_841",2,418,209.00,209.00,10,408
"Compare_File_1893",2,418,209.00,209.00,54,364
"Compare_File_2924",2,417,208.50,208.50,183,234
"Compare_File_3570",2,417,208.50,208.50,27,390
"Compare_File_677",2,417,208.50,208.50,13,404
"Compare_File_123",2,417,208.50,208.50,107,310
"Compare_File_468",2,416,208.00,208.00,98,318
"Compare_File_863",2,416,208.00,208.00,86,330
"Compare_File_1844",2,414,207.00,207.00,173,241
"Compare_File_51",2,413,206.50,206.50,110,303
"Compare_File_993",2,413,206.50,206.50,39,374
"Compare_File_2514",2,413,206.50,206.50,21,392
"Compare_File_1743",2,412,206.00,206.00,170,242
"Compare_File_1385",2,410,205.00,205.00,60,350
"Compare_File_1723",2,410,205.00,205.00,169,241
"Compare_File_2519",2,409,204.50,204.50,27,382
"Compare_File_2873",2,409,204.50,204.50,132,277
"Compare_File_2479",2,408,204.00,204.00,22,386
"Compare_File_1011",2,405,202.50,202.50,130,275
"Compare_File_3536",2,405,202.50,202.50,121,284
"Compare_File_258",2,404,202.00,202.00,124,280
"Compare_File_1315",2,404,202.00,202.00,17,387
"Compare_File_2327",2,404,202.00,202.00,31,373
"Compare_File_2009",2,404,202.00,202.00,115,289
"Compare_File_1967",2,403,201.50,201.50,48,355
"Compare_File_559",2,403,201.50,201.50,97,306
"Compare_File_2008",2,403,201.50,201.50,99,304
"Compare_File_42",2,402,201.00,201.00,170,232
"Compare_File_755",2,402,201.00,201.00,134,268
"Compare_File_2498",2,402,201.00,201.00,21,381
"Compare_File_440",2,400,200.00,200.00,141,259
"Compare_File_3156",2,399,199.50,199.50,164,235
"Compare_File_106",2,399,199.50,199.50,156,243
"Compare_File_2374",2,399,199.50,199.50,93,306
"Compare_File_432",2,399,199.50,199.50,84,315
"Compare_File_2322",2,398,199.00,199.00,79,319
"Compare_File_3724",2,396,198.00,198.00,39,357
"Compare_File_1007",2,394,197.00,197.00,153,241
"Compare_File_3194",2,394,197.00,197.00,165,229
"Compare_File_830",2,392,196.00,196.00,129,263
"Compare_File_3218",2,392,196.00,196.00,178,214
"Compare_File_40",2,392,196.00,196.00,188,204
"Compare_File_2320",2,392,196.00,196.00,68,324
"Compare_File_335",2,391,195.50,195.50,65,326
"Compare_File_914",2,391,195.50,195.50,10,381
"Compare_File_316",2,391,195.50,195.50,142,249
"Compare_File_2692",2,391,195.50,195.50,24,367
"Compare_File_1375",2,389,194.50,194.50,17,372
"Compare_File_2694",2,389,194.50,194.50,25,364
"Compare_File_585",2,389,194.50,194.50,65,324
"Compare_File_3678",2,389,194.50,194.50,31,358
"Compare_File_236",2,388,194.00,194.00,112,276
"Compare_File_110",2,386,193.00,193.00,146,240
"Compare_File_2761",2,386,193.00,193.00,15,371
"Compare_File_2707",2,386,193.00,193.00,179,207
"Compare_File_264",2,386,193.00,193.00,191,195
"Compare_File_2560",2,386,193.00,193.00,14,372
"Compare_File_3727",2,386,193.00,193.00,18,368
"Compare_File_1309",2,386,193.00,193.00,78,308
"Compare_File_273",2,386,193.00,193.00,137,249
"Compare_File_813",2,385,192.50,192.50,170,215
"Compare_File_1992",2,385,192.50,192.50,30,355
"Compare_File_2245",2,382,191.00,191.00,52,330
"Compare_File_1124",2,382,191.00,191.00,10,372
"Compare_File_315",2,382,191.00,191.00,155,227
"Compare_File_101",2,382,191.00,191.00,97,285
"Compare_File_313",2,382,191.00,191.00,58,324
"Compare_File_915",2,381,190.50,190.50,11,370
"Compare_File_3477",2,381,190.50,190.50,34,347
"Compare_File_3481",2,381,190.50,190.50,24,357
"Compare_File_2125",2,380,190.00,190.00,106,274
"Compare_File_2036",2,380,190.00,190.00,10,370
"Compare_File_3935",2,380,190.00,190.00,164,216
"Compare_File_655",2,378,189.00,189.00,159,219
"Compare_File_3325",2,378,189.00,189.00,165,213
"Compare_File_1082",2,378,189.00,189.00,101,277
"Compare_File_2713",2,378,189.00,189.00,75,303
"Compare_File_3395",2,377,188.50,188.50,136,241
"Compare_File_3371",2,377,188.50,188.50,60,317
"Compare_File_2173",2,377,188.50,188.50,33,344
"Compare_File_1812",2,377,188.50,188.50,24,353
"Compare_File_103",2,377,188.50,188.50,134,243
"Compare_File_378",2,376,188.00,188.00,128,248
"Compare_File_3914",2,375,187.50,187.50,18,357
"Compare_File_2447",2,375,187.50,187.50,37,338
"Compare_File_3256",2,375,187.50,187.50,75,300
"Compare_File_2848",2,375,187.50,187.50,91,284
"Compare_File_1588",2,375,187.50,187.50,113,262
"Compare_File_336",2,373,186.50,186.50,112,261
"Compare_File_2065",2,372,186.00,186.00,14,358
"Compare_File_3475",2,372,186.00,186.00,21,351
"Compare_File_162",2,372,186.00,186.00,130,242
"Compare_File_108",2,371,185.50,185.50,133,238
"Compare_File_2685",2,371,185.50,185.50,30,341
"Compare_File_877",2,371,185.50,185.50,185,186
"Compare_File_2640",2,370,185.00,185.00,185,185
"Compare_File_2653",2,370,185.00,185.00,134,236
"Compare_File_873",2,369,184.50,184.50,104,265
"Compare_File_1933",2,369,184.50,184.50,119,250
"Compare_File_1498",2,369,184.50,184.50,48,321
"Compare_File_903",2,369,184.50,184.50,138,231
"Compare_File_3803",2,368,184.00,184.00,111,257
"Compare_File_263",2,367,183.50,183.50,144,223
"Compare_File_379",2,367,183.50,183.50,144,223
"Compare_File_889",2,366,183.00,183.00,173,193
"Compare_File_852",2,365,182.50,182.50,44,321
"Compare_File_254",2,365,182.50,182.50,63,302
"Compare_File_1911",2,365,182.50,182.50,93,272
"Compare_File_2021",2,365,182.50,182.50,115,250
"Compare_File_135",2,363,181.50,181.50,17,346
"Compare_File_3229",2,362,181.00,181.00,178,184
"Compare_File_326",2,362,181.00,181.00,23,339
"Compare_File_2395",2,362,181.00,181.00,70,292
"Compare_File_3614",2,361,180.50,180.50,43,318
"Compare_File_3128",2,361,180.50,180.50,32,329
"Compare_File_1991",2,361,180.50,180.50,143,218
"Compare_File_3251",2,360,180.00,180.00,27,333
"Compare_File_1301",2,360,180.00,180.00,13,347
"Compare_File_3080",2,360,180.00,180.00,163,197
"Compare_File_90",2,359,179.50,179.50,28,331
"Compare_File_2291",2,359,179.50,179.50,12,347
"Compare_File_333",2,359,179.50,179.50,129,230
"Compare_File_3403",2,359,179.50,179.50,162,197
"Compare_File_2639",2,358,179.00,179.00,171,187
"Compare_File_1022",2,357,178.50,178.50,38,319
"Compare_File_1316",2,357,178.50,178.50,42,315
"Compare_File_2710",2,357,178.50,178.50,46,311
"Compare_File_3383",2,357,178.50,178.50,28,329
"Compare_File_828",2,357,178.50,178.50,164,193
"Compare_File_2576",2,357,178.50,178.50,150,207
"Compare_File_1848",2,356,178.00,178.00,124,232
"Compare_File_1977",2,356,178.00,178.00,61,295
"Compare_File_2177",2,355,177.50,177.50,28,327
"Compare_File_3537",2,355,177.50,177.50,75,280
"Compare_File_528",2,354,177.00,177.00,39,315
"Compare_File_1205",2,354,177.00,177.00,115,239
"Compare_File_1013",2,354,177.00,177.00,33,321
"Compare_File_1384",2,354,177.00,177.00,56,298
"Compare_File_282",2,354,177.00,177.00,72,282
"Compare_File_235",2,354,177.00,177.00,54,300
"Compare_File_1674",2,353,176.50,176.50,112,241
"Compare_File_207",2,353,176.50,176.50,74,279
"Compare_File_3493",2,352,176.00,176.00,93,259
"Compare_File_962",2,351,175.50,175.50,78,273
"Compare_File_1280",2,351,175.50,175.50,148,203
"Compare_File_1875",2,351,175.50,175.50,12,339
"Compare_File_872",2,351,175.50,175.50,74,277
"Compare_File_811",2,350,175.00,175.00,170,180
"Compare_File_657",2,350,175.00,175.00,101,249
"Compare_File_2068",2,349,174.50,174.50,13,336
"Compare_File_1265",2,349,174.50,174.50,51,298
"Compare_File_57",2,347,173.50,173.50,38,309
"Compare_File_3769",2,347,173.50,173.50,163,184
"Compare_File_1226",2,346,173.00,173.00,140,206
"Compare_File_298",2,346,173.00,173.00,63,283
"Compare_File_3479",2,346,173.00,173.00,36,310
"Compare_File_3376",2,345,172.50,172.50,32,313
"Compare_File_334",2,345,172.50,172.50,50,295
"Compare_File_880",2,344,172.00,172.00,160,184
"Compare_File_2183",2,344,172.00,172.00,31,313
"Compare_File_827",2,344,172.00,172.00,143,201
"Compare_File_3601",2,344,172.00,172.00,80,264
"Compare_File_3595",2,343,171.50,171.50,77,266
"Compare_File_3860",2,342,171.00,171.00,38,304
"Compare_File_3610",2,341,170.50,170.50,81,260
"Compare_File_2459",2,341,170.50,170.50,11,330
"Compare_File_259",2,341,170.50,170.50,137,204
"Compare_File_850",2,340,170.00,170.00,52,288
"Compare_File_2128",2,340,170.00,170.00,158,182
"Compare_File_2541",2,340,170.00,170.00,29,311
"Compare_File_3404",2,340,170.00,170.00,138,202
"Compare_File_1593",2,340,170.00,170.00,90,250
"Compare_File_2011",2,339,169.50,169.50,90,249
"Compare_File_2372",2,339,169.50,169.50,166,173
"Compare_File_2695",2,339,169.50,169.50,101,238
"Compare_File_1596",2,338,169.00,169.00,96,242
"Compare_File_2324",2,338,169.00,169.00,32,306
"Compare_File_262",2,338,169.00,169.00,100,238
"Compare_File_1220",2,338,169.00,169.00,15,323
"Compare_File_1748",2,338,169.00,169.00,13,325
"Compare_File_454",2,338,169.00,169.00,90,248
"Compare_File_2603",2,338,169.00,169.00,17,321
"Compare_File_3611",2,337,168.50,168.50,18,319
"Compare_File_3541",2,337,168.50,168.50,65,272
"Compare_File_55",2,337,168.50,168.50,44,293
"Compare_File_1826",2,336,168.00,168.00,55,281
"Compare_File_581",2,336,168.00,168.00,119,217
"Compare_File_1534",2,335,167.50,167.50,45,290
"Compare_File_325",2,335,167.50,167.50,73,262
"Compare_File_2331",2,335,167.50,167.50,41,294
"Compare_File_1721",2,335,167.50,167.50,23,312
"Compare_File_870",2,334,167.00,167.00,94,240
"Compare_File_1308",2,334,167.00,167.00,28,306
"Compare_File_2804",2,334,167.00,167.00,35,299
"Compare_File_925",2,333,166.50,166.50,61,272
"Compare_File_3856",2,333,166.50,166.50,28,305
"Compare_File_3351",2,333,166.50,166.50,101,232
"Compare_File_2316",2,333,166.50,166.50,27,306
"Compare_File_963",2,332,166.00,166.00,71,261
"Compare_File_840",2,332,166.00,166.00,29,303
"Compare_File_2443",2,332,166.00,166.00,59,273
"Compare_File_540",2,332,166.00,166.00,78,254
"Compare_File_408",2,332,166.00,166.00,77,255
"Compare_File_1204",2,332,166.00,166.00,111,221
"Compare_File_387",2,332,166.00,166.00,114,218
"Compare_File_1806",2,331,165.50,165.50,58,273
"Compare_File_107",2,331,165.50,165.50,157,174
"Compare_File_118",2,331,165.50,165.50,103,228
"Compare_File_1047",2,331,165.50,165.50,105,226
"Compare_File_678",2,330,165.00,165.00,93,237
"Compare_File_1497",2,330,165.00,165.00,53,277
"Compare_File_990",2,329,164.50,164.50,40,289
"Compare_File_2281",2,329,164.50,164.50,10,319
"Compare_File_1734",2,329,164.50,164.50,22,307
"Compare_File_3919",2,329,164.50,164.50,11,318
"Compare_File_660",2,329,164.50,164.50,148,181
"Compare_File_452",2,328,164.00,164.00,69,259
"Compare_File_91",2,328,164.00,164.00,27,301
"Compare_File_85",2,328,164.00,164.00,29,299
"Compare_File_3926",2,328,164.00,164.00,50,278
"Compare_File_453",2,328,164.00,164.00,110,218
"Compare_File_3003",2,327,163.50,163.50,44,283
"Compare_File_250",2,327,163.50,163.50,74,253
"Compare_File_289",2,327,163.50,163.50,76,251
"Compare_File_2029",2,326,163.00,163.00,106,220
"Compare_File_105",2,326,163.00,163.00,157,169
"Compare_File_786",2,326,163.00,163.00,102,224
"Compare_File_941",2,325,162.50,162.50,75,250
"Compare_File_3234",2,325,162.50,162.50,115,210
"Compare_File_1133",2,324,162.00,162.00,16,308
"Compare_File_3031",2,324,162.00,162.00,11,313
"Compare_File_985",2,324,162.00,162.00,62,262
"Compare_File_1636",2,324,162.00,162.00,95,229
"Compare_File_115",2,324,162.00,162.00,150,174
"Compare_File_1727",2,323,161.50,161.50,33,290
"Compare_File_2703",2,323,161.50,161.50,76,247
"Compare_File_2049",2,323,161.50,161.50,17,306
"Compare_File_1268",2,322,161.00,161.00,96,226
"Compare_File_3346",2,322,161.00,161.00,76,246
"Compare_File_2939",2,321,160.50,160.50,56,265
"Compare_File_3227",2,321,160.50,160.50,11,310
"Compare_File_2133",2,320,160.00,160.00,149,171
"Compare_File_3686",2,320,160.00,160.00,10,310
"Compare_File_2582",2,319,159.50,159.50,21,298
"Compare_File_52",2,319,159.50,159.50,66,253
"Compare_File_2129",2,319,159.50,159.50,121,198
"Compare_File_2195",2,318,159.00,159.00,51,267
"Compare_File_1847",2,318,159.00,159.00,25,293
"Compare_File_1305",2,318,159.00,159.00,59,259
"Compare_File_2104",2,318,159.00,159.00,31,287
"Compare_File_862",2,318,159.00,159.00,43,275
"Compare_File_93",2,317,158.50,158.50,156,161
"Compare_File_2307",2,317,158.50,158.50,24,293
"Compare_File_1731",2,317,158.50,158.50,109,208
"Compare_File_2159",2,317,158.50,158.50,56,261
"Compare_File_1801",2,317,158.50,158.50,102,215
"Compare_File_2921",2,317,158.50,158.50,41,276
"Compare_File_3083",2,317,158.50,158.50,113,204
"Compare_File_3344",2,316,158.00,158.00,95,221
"Compare_File_3011",2,316,158.00,158.00,18,298
"Compare_File_3355",2,316,158.00,158.00,134,182
"Compare_File_2166",2,315,157.50,157.50,121,194
"Compare_File_2241",2,315,157.50,157.50,56,259
"Compare_File_465",2,315,157.50,157.50,77,238
"Compare_File_3088",2,314,157.00,157.00,89,225
"Compare_File_2157",2,314,157.00,157.00,33,281
"Compare_File_2690",2,314,157.00,157.00,23,291
"Compare_File_643",2,314,157.00,157.00,108,206
"Compare_File_2899",2,314,157.00,157.00,20,294
"Compare_File_1251",2,314,157.00,157.00,85,229
"Compare_File_854",2,314,157.00,157.00,46,268
"Compare_File_3581",2,313,156.50,156.50,120,193
"Compare_File_3056",2,313,156.50,156.50,134,179
"Compare_File_641",2,313,156.50,156.50,88,225
"Compare_File_2928",2,313,156.50,156.50,145,168
"Compare_File_3231",2,313,156.50,156.50,132,181
"Compare_File_276",2,313,156.50,156.50,104,209
"Compare_File_3271",2,312,156.00,156.00,151,161
"Compare_File_1250",2,312,156.00,156.00,98,214
"Compare_File_2034",2,312,156.00,156.00,38,274
"Compare_File_2540",2,312,156.00,156.00,35,277
"Compare_File_2450",2,311,155.50,155.50,87,224
"Compare_File_253",2,311,155.50,155.50,71,240
"Compare_File_1076",2,311,155.50,155.50,78,233
"Compare_File_881",2,311,155.50,155.50,129,182
"Compare_File_1776",2,309,154.50,154.50,138,171
"Compare_File_3509",2,308,154.00,154.00,120,188
"Compare_File_3972",2,308,154.00,154.00,153,155
"Compare_File_1064",2,308,154.00,154.00,134,174
"Compare_File_3170",2,308,154.00,154.00,11,297
"Compare_File_3547",2,308,154.00,154.00,23,285
"Compare_File_1200",2,308,154.00,154.00,102,206
"Compare_File_634",2,308,154.00,154.00,93,215
"Compare_File_1829",2,308,154.00,154.00,48,260
"Compare_File_884",2,308,154.00,154.00,128,180
"Compare_File_931",2,307,153.50,153.50,59,248
"Compare_File_555",2,306,153.00,153.00,79,227
"Compare_File_2131",2,306,153.00,153.00,146,160
"Compare_File_3258",2,306,153.00,153.00,27,279
"Compare_File_2126",2,306,153.00,153.00,130,176
"Compare_File_271",2,305,152.50,152.50,62,243
"Compare_File_3228",2,305,152.50,152.50,30,275
"Compare_File_1390",2,305,152.50,152.50,17,288
"Compare_File_1865",2,304,152.00,152.00,151,153
"Compare_File_3319",2,304,152.00,152.00,36,268
"Compare_File_923",2,304,152.00,152.00,42,262
"Compare_File_70",2,303,151.50,151.50,23,280
"Compare_File_415",2,303,151.50,151.50,92,211
"Compare_File_119",2,303,151.50,151.50,92,211
"Compare_File_1299",2,303,151.50,151.50,12,291
"Compare_File_545",2,302,151.00,151.00,106,196
"Compare_File_1622",2,302,151.00,151.00,80,222
"Compare_File_206",2,302,151.00,151.00,126,176
"Compare_File_2313",2,302,151.00,151.00,37,265
"Compare_File_2798",2,302,151.00,151.00,78,224
"Compare_File_3585",2,300,150.00,150.00,116,184
"Compare_File_1148",2,300,150.00,150.00,115,185
"Compare_File_152",2,300,150.00,150.00,66,234
"Compare_File_2698",2,300,150.00,150.00,14,286
"Compare_File_2074",2,299,149.50,149.50,14,285
"Compare_File_659",2,299,149.50,149.50,66,233
"Compare_File_1869",2,298,149.00,149.00,118,180
"Compare_File_2122",2,298,149.00,149.00,107,191
"Compare_File_2516",2,298,149.00,149.00,29,269
"Compare_File_1099",2,297,148.50,148.50,54,243
"Compare_File_2621",2,297,148.50,148.50,137,160
"Compare_File_3924",2,297,148.50,148.50,21,276
"Compare_File_3148",2,297,148.50,148.50,21,276
"Compare_File_3010",2,297,148.50,148.50,38,259
"Compare_File_449",2,296,148.00,148.00,55,241
"Compare_File_2697",2,295,147.50,147.50,90,205
"Compare_File_1066",2,295,147.50,147.50,91,204
"Compare_File_2515",2,295,147.50,147.50,24,271
"Compare_File_1458",2,295,147.50,147.50,26,269
"Compare_File_930",2,294,147.00,147.00,81,213
"Compare_File_702",2,293,146.50,146.50,25,268
"Compare_File_153",2,293,146.50,146.50,116,177
"Compare_File_816",2,293,146.50,146.50,134,159
"Compare_File_932",2,293,146.50,146.50,73,220
"Compare_File_2407",2,292,146.00,146.00,130,162
"Compare_File_1322",2,292,146.00,146.00,32,260
"Compare_File_2099",2,292,146.00,146.00,95,197
"Compare_File_2764",2,292,146.00,146.00,10,282
"Compare_File_3322",2,292,146.00,146.00,28,264
"Compare_File_2115",2,292,146.00,146.00,39,253
"Compare_File_2973",2,291,145.50,145.50,127,164
"Compare_File_1839",2,291,145.50,145.50,29,262
"Compare_File_344",2,291,145.50,145.50,10,281
"Compare_File_486",2,291,145.50,145.50,36,255
"Compare_File_623",2,290,145.00,145.00,132,158
"Compare_File_2782",2,290,145.00,145.00,16,274
"Compare_File_306",2,290,145.00,145.00,124,166
"Compare_File_2937",2,289,144.50,144.50,130,159
"Compare_File_3233",2,289,144.50,144.50,116,173
"Compare_File_431",2,289,144.50,144.50,110,179
"Compare_File_2572",2,289,144.50,144.50,115,174
"Compare_File_1897",2,289,144.50,144.50,135,154
"Compare_File_777",2,289,144.50,144.50,62,227
"Compare_File_2117",2,288,144.00,144.00,67,221
"Compare_File_2800",2,288,144.00,144.00,22,266
"Compare_File_1966",2,288,144.00,144.00,94,194
"Compare_File_121",2,288,144.00,144.00,47,241
"Compare_File_2470",2,287,143.50,143.50,24,263
"Compare_File_3490",2,287,143.50,143.50,20,267
"Compare_File_3937",2,287,143.50,143.50,33,254
"Compare_File_1019",2,287,143.50,143.50,60,227
"Compare_File_2916",2,286,143.00,143.00,81,205
"Compare_File_3328",2,286,143.00,143.00,44,242
"Compare_File_3967",2,286,143.00,143.00,117,169
"Compare_File_831",2,286,143.00,143.00,43,243
"Compare_File_386",2,286,143.00,143.00,107,179
"Compare_File_2028",2,286,143.00,143.00,38,248
"Compare_File_3223",2,285,142.50,142.50,78,207
"Compare_File_3471",2,285,142.50,142.50,86,199
"Compare_File_682",2,285,142.50,142.50,105,180
"Compare_File_3866",2,285,142.50,142.50,63,222
"Compare_File_994",2,284,142.00,142.00,127,157
"Compare_File_247",2,284,142.00,142.00,111,173
"Compare_File_3613",2,284,142.00,142.00,59,225
"Compare_File_488",2,284,142.00,142.00,119,165
"Compare_File_1328",2,284,142.00,142.00,22,262
"Compare_File_219",2,284,142.00,142.00,101,183
"Compare_File_727",2,283,141.50,141.50,136,147
"Compare_File_3974",2,283,141.50,141.50,137,146
"Compare_File_222",2,283,141.50,141.50,116,167
"Compare_File_2124",2,283,141.50,141.50,96,187
"Compare_File_644",2,283,141.50,141.50,77,206
"Compare_File_3086",2,283,141.50,141.50,110,173
"Compare_File_2243",2,283,141.50,141.50,110,173
"Compare_File_1680",2,283,141.50,141.50,23,260
"Compare_File_921",2,283,141.50,141.50,84,199
"Compare_File_771",2,283,141.50,141.50,136,147
"Compare_File_400",2,282,141.00,141.00,122,160
"Compare_File_795",2,282,141.00,141.00,69,213
"Compare_File_3881",2,282,141.00,141.00,76,206
"Compare_File_2025",2,282,141.00,141.00,43,239
"Compare_File_1538",2,282,141.00,141.00,97,185
"Compare_File_1442",2,282,141.00,141.00,59,223
"Compare_File_926",2,281,140.50,140.50,60,221
"Compare_File_120",2,281,140.50,140.50,133,148
"Compare_File_376",2,281,140.50,140.50,92,189
"Compare_File_54",2,281,140.50,140.50,68,213
"Compare_File_210",2,281,140.50,140.50,121,160
"Compare_File_638",2,281,140.50,140.50,55,226
"Compare_File_3335",2,281,140.50,140.50,99,182
"Compare_File_3379",2,281,140.50,140.50,21,260
"Compare_File_787",2,281,140.50,140.50,68,213
"Compare_File_2817",2,280,140.00,140.00,86,194
"Compare_File_32",2,280,140.00,140.00,105,175
"Compare_File_887",2,280,140.00,140.00,112,168
"Compare_File_1034",2,280,140.00,140.00,23,257
"Compare_File_901",2,280,140.00,140.00,95,185
"Compare_File_2683",2,280,140.00,140.00,33,247
"Compare_File_2425",2,280,140.00,140.00,48,232
"Compare_File_189",2,279,139.50,139.50,117,162
"Compare_File_95",2,279,139.50,139.50,37,242
"Compare_File_517",2,278,139.00,139.00,64,214
"Compare_File_66",2,278,139.00,139.00,45,233
"Compare_File_3948",2,278,139.00,139.00,15,263
"Compare_File_406",2,277,138.50,138.50,49,228
"Compare_File_1234",2,277,138.50,138.50,119,158
"Compare_File_3096",2,277,138.50,138.50,127,150
"Compare_File_3801",2,277,138.50,138.50,13,264
"Compare_File_2052",2,277,138.50,138.50,132,145
"Compare_File_3467",2,277,138.50,138.50,75,202
"Compare_File_1387",2,277,138.50,138.50,39,238
"Compare_File_2774",2,276,138.00,138.00,10,266
"Compare_File_1154",2,276,138.00,138.00,22,254
"Compare_File_1642",2,276,138.00,138.00,127,149
"Compare_File_2502",2,275,137.50,137.50,66,209
"Compare_File_3552",2,275,137.50,137.50,84,191
"Compare_File_842",2,275,137.50,137.50,8,267
"Compare_File_100",2,275,137.50,137.50,104,171
"Compare_File_2536",2,275,137.50,137.50,74,201
"Compare_File_1624",2,275,137.50,137.50,63,212
"Compare_File_1882",2,274,137.00,137.00,14,260
"Compare_File_143",2,274,137.00,137.00,26,248
"Compare_File_3745",2,274,137.00,137.00,14,260
"Compare_File_1817",2,274,137.00,137.00,65,209
"Compare_File_2130",2,274,137.00,137.00,130,144
"Compare_File_2706",2,273,136.50,136.50,47,226
"Compare_File_291",2,273,136.50,136.50,61,212
"Compare_File_1794",2,273,136.50,136.50,131,142
"Compare_File_2482",2,273,136.50,136.50,68,205
"Compare_File_77",2,273,136.50,136.50,15,258
"Compare_File_2198",2,272,136.00,136.00,38,234
"Compare_File_1970",2,272,136.00,136.00,129,143
"Compare_File_1197",2,272,136.00,136.00,119,153
"Compare_File_876",2,272,136.00,136.00,84,188
"Compare_File_2641",2,272,136.00,136.00,125,147
"Compare_File_2983",2,272,136.00,136.00,43,229
"Compare_File_228",2,271,135.50,135.50,90,181
"Compare_File_1116",2,271,135.50,135.50,21,250
"Compare_File_1843",2,271,135.50,135.50,28,243
"Compare_File_1924",2,271,135.50,135.50,125,146
"Compare_File_1433",2,270,135.00,135.00,11,259
"Compare_File_2726",2,269,134.50,134.50,12,257
"Compare_File_2051",2,269,134.50,134.50,66,203
"Compare_File_2119",2,269,134.50,134.50,64,205
"Compare_File_543",2,269,134.50,134.50,61,208
"Compare_File_3145",2,269,134.50,134.50,30,239
"Compare_File_819",2,268,134.00,134.00,64,204
"Compare_File_1039",2,268,134.00,134.00,21,247
"Compare_File_461",2,268,134.00,134.00,73,195
"Compare_File_1031",2,268,134.00,134.00,103,165
"Compare_File_2739",2,268,134.00,134.00,78,190
"Compare_File_2385",2,267,133.50,133.50,49,218
"Compare_File_3399",2,267,133.50,133.50,37,230
"Compare_File_1752",2,267,133.50,133.50,10,257
"Compare_File_3589",2,267,133.50,133.50,116,151
"Compare_File_3108",2,267,133.50,133.50,39,228
"Compare_File_1613",2,266,133.00,133.00,27,239
"Compare_File_288",2,266,133.00,133.00,112,154
"Compare_File_1756",2,266,133.00,133.00,11,255
"Compare_File_1838",2,266,133.00,133.00,22,244
"Compare_File_2429",2,266,133.00,133.00,87,179
"Compare_File_1272",2,265,132.50,132.50,63,202
"Compare_File_1745",2,265,132.50,132.50,13,252
"Compare_File_920",2,265,132.50,132.50,126,139
"Compare_File_1207",2,265,132.50,132.50,110,155
"Compare_File_825",2,265,132.50,132.50,74,191
"Compare_File_3733",2,264,132.00,132.00,87,177
"Compare_File_778",2,264,132.00,132.00,124,140
"Compare_File_647",2,264,132.00,132.00,79,185
"Compare_File_3298",2,264,132.00,132.00,129,135
"Compare_File_2030",2,264,132.00,132.00,44,220
"Compare_File_1115",2,264,132.00,132.00,21,243
"Compare_File_3534",2,264,132.00,132.00,116,148
"Compare_File_2120",2,263,131.50,131.50,91,172
"Compare_File_818",2,263,131.50,131.50,40,223
"Compare_File_934",2,263,131.50,131.50,122,141
"Compare_File_1329",2,263,131.50,131.50,16,247
"Compare_File_1324",2,263,131.50,131.50,42,221
"Compare_File_1054",2,263,131.50,131.50,64,199
"Compare_File_1842",2,262,131.00,131.00,19,243
"Compare_File_1899",2,262,131.00,131.00,130,132
"Compare_File_2806",2,262,131.00,131.00,21,241
"Compare_File_3354",2,262,131.00,131.00,32,230
"Compare_File_1232",2,262,131.00,131.00,30,232
"Compare_File_1117",2,262,131.00,131.00,91,171
"Compare_File_2530",2,261,130.50,130.50,122,139
"Compare_File_279",2,261,130.50,130.50,80,181
"Compare_File_2868",2,261,130.50,130.50,70,191
"Compare_File_1845",2,261,130.50,130.50,22,239
"Compare_File_3079",2,261,130.50,130.50,69,192
"Compare_File_2689",2,261,130.50,130.50,93,168
"Compare_File_375",2,261,130.50,130.50,64,197
"Compare_File_3927",2,261,130.50,130.50,112,149
"Compare_File_1210",2,260,130.00,130.00,104,156
"Compare_File_3084",2,260,130.00,130.00,23,237
"Compare_File_3796",2,260,130.00,130.00,33,227
"Compare_File_1469",2,260,130.00,130.00,76,184
"Compare_File_1270",2,259,129.50,129.50,93,166
"Compare_File_2261",2,259,129.50,129.50,124,135
"Compare_File_3916",2,259,129.50,129.50,9,250
"Compare_File_2415",2,259,129.50,129.50,111,148
"Compare_File_738",2,259,129.50,129.50,26,233
"Compare_File_1855",2,259,129.50,129.50,22,237
"Compare_File_2808",2,258,129.00,129.00,23,235
"Compare_File_293",2,258,129.00,129.00,59,199
"Compare_File_1060",2,258,129.00,129.00,110,148
"Compare_File_979",2,257,128.50,128.50,107,150
"Compare_File_1693",2,257,128.50,128.50,21,236
"Compare_File_834",2,257,128.50,128.50,112,145
"Compare_File_290",2,257,128.50,128.50,117,140
"Compare_File_104",2,257,128.50,128.50,107,150
"Compare_File_3146",2,257,128.50,128.50,27,230
"Compare_File_1603",2,257,128.50,128.50,42,215
"Compare_File_3397",2,257,128.50,128.50,18,239
"Compare_File_965",2,257,128.50,128.50,99,158
"Compare_File_822",2,256,128.00,128.00,101,155
"Compare_File_829",2,256,128.00,128.00,49,207
"Compare_File_1698",2,256,128.00,128.00,21,235
"Compare_File_2397",2,256,128.00,128.00,73,183
"Compare_File_394",2,256,128.00,128.00,77,179
"Compare_File_243",2,256,128.00,128.00,53,203
"Compare_File_2573",2,256,128.00,128.00,35,221
"Compare_File_1697",2,256,128.00,128.00,25,231
"Compare_File_886",2,255,127.50,127.50,72,183
"Compare_File_1061",2,255,127.50,127.50,124,131
"Compare_File_1879",2,255,127.50,127.50,16,239
"Compare_File_2818",2,255,127.50,127.50,17,238
"Compare_File_578",2,255,127.50,127.50,59,196
"Compare_File_1038",2,254,127.00,127.00,82,172
"Compare_File_718",2,253,126.50,126.50,112,141
"Compare_File_2562",2,253,126.50,126.50,17,236
"Compare_File_697",2,253,126.50,126.50,50,203
"Compare_File_2862",2,253,126.50,126.50,22,231
"Compare_File_2712",2,253,126.50,126.50,88,165
"Compare_File_196",2,253,126.50,126.50,125,128
"Compare_File_3082",2,252,126.00,126.00,105,147
"Compare_File_2783",2,252,126.00,126.00,101,151
"Compare_File_3862",2,252,126.00,126.00,64,188
"Compare_File_130",2,252,126.00,126.00,21,231
"Compare_File_927",2,252,126.00,126.00,70,182
"Compare_File_2026",2,252,126.00,126.00,99,153
"Compare_File_221",2,252,126.00,126.00,59,193
"Compare_File_1516",2,251,125.50,125.50,21,230
"Compare_File_808",2,251,125.50,125.50,123,128
"Compare_File_260",2,250,125.00,125.00,106,144
"Compare_File_1183",2,250,125.00,125.00,113,137
"Compare_File_3095",2,250,125.00,125.00,56,194
"Compare_File_3612",2,250,125.00,125.00,25,225
"Compare_File_3460",2,250,125.00,125.00,32,218
"Compare_File_3331",2,250,125.00,125.00,25,225
"Compare_File_1304",2,249,124.50,124.50,26,223
"Compare_File_1856",2,249,124.50,124.50,13,236
"Compare_File_2100",2,249,124.50,124.50,88,161
"Compare_File_159",2,249,124.50,124.50,92,157
"Compare_File_2016",2,249,124.50,124.50,57,192
"Compare_File_3485",2,249,124.50,124.50,21,228
"Compare_File_2835",2,249,124.50,124.50,83,166
"Compare_File_3407",2,248,124.00,124.00,35,213
"Compare_File_2609",2,248,124.00,124.00,26,222
"Compare_File_907",2,248,124.00,124.00,54,194
"Compare_File_3013",2,248,124.00,124.00,33,215
"Compare_File_654",2,247,123.50,123.50,35,212
"Compare_File_2728",2,247,123.50,123.50,18,229
"Compare_File_1145",2,247,123.50,123.50,29,218
"Compare_File_3006",2,247,123.50,123.50,119,128
"Compare_File_1246",2,247,123.50,123.50,79,168
"Compare_File_1325",2,247,123.50,123.50,22,225
"Compare_File_1219",2,247,123.50,123.50,75,172
"Compare_File_2847",2,247,123.50,123.50,22,225
"Compare_File_3672",2,247,123.50,123.50,65,182
"Compare_File_230",2,247,123.50,123.50,75,172
"Compare_File_1327",2,246,123.00,123.00,32,214
"Compare_File_954",2,246,123.00,123.00,102,144
"Compare_File_128",2,246,123.00,123.00,44,202
"Compare_File_435",2,246,123.00,123.00,73,173
"Compare_File_2481",2,246,123.00,123.00,16,230
"Compare_File_2849",2,246,123.00,123.00,38,208
"Compare_File_361",2,246,123.00,123.00,119,127
"Compare_File_1836",2,246,123.00,123.00,51,195
"Compare_File_890",2,246,123.00,123.00,119,127
"Compare_File_1340",2,245,122.50,122.50,27,218
"Compare_File_2134",2,245,122.50,122.50,74,171
"Compare_File_1489",2,245,122.50,122.50,37,208
"Compare_File_3072",2,245,122.50,122.50,74,171
"Compare_File_1000",2,245,122.50,122.50,69,176
"Compare_File_883",2,244,122.00,122.00,46,198
"Compare_File_1740",2,244,122.00,122.00,33,211
"Compare_File_971",2,244,122.00,122.00,66,178
"Compare_File_1872",2,244,122.00,122.00,111,133
"Compare_File_569",2,244,122.00,122.00,28,216
"Compare_File_125",2,243,121.50,121.50,69,174
"Compare_File_2636",2,243,121.50,121.50,110,133
"Compare_File_3870",2,243,121.50,121.50,11,232
"Compare_File_814",2,243,121.50,121.50,102,141
"Compare_File_547",2,243,121.50,121.50,96,147
"Compare_File_790",2,243,121.50,121.50,82,161
"Compare_File_2811",2,243,121.50,121.50,30,213
"Compare_File_451",2,243,121.50,121.50,80,163
"Compare_File_2984",2,243,121.50,121.50,38,205
"Compare_File_140",2,243,121.50,121.50,47,196
"Compare_File_150",2,242,121.00,121.00,68,174
"Compare_File_186",2,242,121.00,121.00,56,186
"Compare_File_292",2,242,121.00,121.00,67,175
"Compare_File_3324",2,242,121.00,121.00,94,148
"Compare_File_2533",2,242,121.00,121.00,31,211
"Compare_File_3272",2,242,121.00,121.00,42,200
"Compare_File_457",2,241,120.50,120.50,58,183
"Compare_File_102",2,241,120.50,120.50,107,134
"Compare_File_442",2,240,120.00,120.00,68,172
"Compare_File_1192",2,240,120.00,120.00,110,130
"Compare_File_686",2,240,120.00,120.00,73,167
"Compare_File_521",2,240,120.00,120.00,11,229
"Compare_File_1778",2,240,120.00,120.00,17,223
"Compare_File_188",2,240,120.00,120.00,19,221
"Compare_File_122",2,239,119.50,119.50,112,127
"Compare_File_1440",2,239,119.50,119.50,38,201
"Compare_File_1202",2,239,119.50,119.50,98,141
"Compare_File_214",2,239,119.50,119.50,88,151
"Compare_File_791",2,239,119.50,119.50,82,157
"Compare_File_391",2,239,119.50,119.50,59,180
"Compare_File_2746",2,239,119.50,119.50,18,221
"Compare_File_972",2,238,119.00,119.00,50,188
"Compare_File_2538",2,238,119.00,119.00,30,208
"Compare_File_3410",2,238,119.00,119.00,43,195
"Compare_File_1277",2,238,119.00,119.00,52,186
"Compare_File_3903",2,238,119.00,119.00,24,214
"Compare_File_2138",2,238,119.00,119.00,94,144
"Compare_File_2182",2,238,119.00,119.00,23,215
"Compare_File_2958",2,238,119.00,119.00,58,180
"Compare_File_491",2,238,119.00,119.00,64,174
"Compare_File_2264",2,237,118.50,118.50,68,169
"Compare_File_294",2,237,118.50,118.50,55,182
"Compare_File_229",2,237,118.50,118.50,87,150
"Compare_File_2033",2,237,118.50,118.50,21,216
"Compare_File_3090",2,237,118.50,118.50,105,132
"Compare_File_295",2,236,118.00,118.00,60,176
"Compare_File_1601",2,236,118.00,118.00,17,219
"Compare_File_30",2,236,118.00,118.00,93,143
"Compare_File_88",2,236,118.00,118.00,8,228
"Compare_File_1071",2,236,118.00,118.00,98,138
"Compare_File_3341",2,235,117.50,117.50,56,179
"Compare_File_3320",2,235,117.50,117.50,51,184
"Compare_File_226",2,235,117.50,117.50,95,140
"Compare_File_390",2,235,117.50,117.50,45,190
"Compare_File_1118",2,235,117.50,117.50,15,220
"Compare_File_2262",2,235,117.50,117.50,25,210
"Compare_File_700",2,235,117.50,117.50,53,182
"Compare_File_2792",2,235,117.50,117.50,50,185
"Compare_File_429",2,234,117.00,117.00,107,127
"Compare_File_278",2,234,117.00,117.00,50,184
"Compare_File_407",2,234,117.00,117.00,75,159
"Compare_File_2266",2,234,117.00,117.00,24,210
"Compare_File_815",2,234,117.00,117.00,75,159
"Compare_File_937",2,234,117.00,117.00,49,185
"Compare_File_35",2,233,116.50,116.50,86,147
"Compare_File_2915",2,233,116.50,116.50,24,209
"Compare_File_1279",2,233,116.50,116.50,48,185
"Compare_File_3794",2,233,116.50,116.50,29,204
"Compare_File_149",2,233,116.50,116.50,103,130
"Compare_File_2251",2,233,116.50,116.50,28,205
"Compare_File_2413",2,233,116.50,116.50,114,119
"Compare_File_2096",2,232,116.00,116.00,44,188
"Compare_File_3188",2,232,116.00,116.00,11,221
"Compare_File_3053",2,232,116.00,116.00,50,182
"Compare_File_2876",2,232,116.00,116.00,40,192
"Compare_File_2805",2,232,116.00,116.00,109,123
"Compare_File_546",2,232,116.00,116.00,52,180
"Compare_File_2748",2,232,116.00,116.00,45,187
"Compare_File_821",2,232,116.00,116.00,78,154
"Compare_File_3930",2,232,116.00,116.00,40,192
"Compare_File_2207",2,232,116.00,116.00,23,209
"Compare_File_1462",2,232,116.00,116.00,33,199
"Compare_File_1218",2,232,116.00,116.00,103,129
"Compare_File_713",2,231,115.50,115.50,105,126
"Compare_File_1152",2,230,115.00,115.00,24,206
"Compare_File_2015",2,230,115.00,115.00,41,189
"Compare_File_3563",2,230,115.00,115.00,29,201
"Compare_File_681",2,230,115.00,115.00,52,178
"Compare_File_782",2,230,115.00,115.00,92,138
"Compare_File_3921",2,229,114.50,114.50,14,215
"Compare_File_38",2,229,114.50,114.50,111,118
"Compare_File_530",2,229,114.50,114.50,67,162
"Compare_File_3378",2,229,114.50,114.50,95,134
"Compare_File_1195",2,228,114.00,114.00,86,142
"Compare_File_3461",2,228,114.00,114.00,78,150
"Compare_File_974",2,228,114.00,114.00,63,165
"Compare_File_888",2,228,114.00,114.00,55,173
"Compare_File_2409",2,228,114.00,114.00,45,183
"Compare_File_398",2,228,114.00,114.00,110,118
"Compare_File_2544",2,227,113.50,113.50,35,192
"Compare_File_459",2,227,113.50,113.50,60,167
"Compare_File_2253",2,227,113.50,113.50,31,196
"Compare_File_2127",2,227,113.50,113.50,81,146
"Compare_File_2053",2,227,113.50,113.50,97,130
"Compare_File_2161",2,226,113.00,113.00,88,138
"Compare_File_2765",2,226,113.00,113.00,21,205
"Compare_File_767",2,226,113.00,113.00,75,151
"Compare_File_1002",2,226,113.00,113.00,57,169
"Compare_File_173",2,226,113.00,113.00,55,171
"Compare_File_1089",2,226,113.00,113.00,27,199
"Compare_File_1068",2,226,113.00,113.00,22,204
"Compare_File_215",2,225,112.50,112.50,111,114
"Compare_File_2813",2,225,112.50,112.50,14,211
"Compare_File_92",2,225,112.50,112.50,33,192
"Compare_File_3274",2,225,112.50,112.50,28,197
"Compare_File_1177",2,224,112.00,112.00,105,119
"Compare_File_3276",2,224,112.00,112.00,31,193
"Compare_File_2970",2,224,112.00,112.00,89,135
"Compare_File_1067",2,224,112.00,112.00,32,192
"Compare_File_861",2,224,112.00,112.00,45,179
"Compare_File_810",2,224,112.00,112.00,93,131
"Compare_File_1196",2,224,112.00,112.00,69,155
"Compare_File_203",2,223,111.50,111.50,77,146
"Compare_File_592",2,223,111.50,111.50,69,154
"Compare_File_1109",2,223,111.50,111.50,18,205
"Compare_File_277",2,223,111.50,111.50,49,174
"Compare_File_497",2,223,111.50,111.50,75,148
"Compare_File_701",2,222,111.00,111.00,38,184
"Compare_File_679",2,222,111.00,111.00,55,167
"Compare_File_2136",2,222,111.00,111.00,45,177
"Compare_File_1556",2,222,111.00,111.00,57,165
"Compare_File_978",2,222,111.00,111.00,109,113
"Compare_File_3216",2,221,110.50,110.50,39,182
"Compare_File_882",2,221,110.50,110.50,98,123
"Compare_File_629",2,221,110.50,110.50,106,115
"Compare_File_885",2,220,110.00,110.00,52,168
"Compare_File_3616",2,220,110.00,110.00,11,209
"Compare_File_2493",2,220,110.00,110.00,26,194
"Compare_File_3364",2,220,110.00,110.00,14,206
"Compare_File_2280",2,220,110.00,110.00,14,206
"Compare_File_746",2,219,109.50,109.50,68,151
"Compare_File_1040",2,219,109.50,109.50,58,161
"Compare_File_3235",2,219,109.50,109.50,12,207
"Compare_File_3941",2,219,109.50,109.50,19,200
"Compare_File_809",2,219,109.50,109.50,94,125
"Compare_File_496",2,219,109.50,109.50,81,138
"Compare_File_1646",2,219,109.50,109.50,48,171
"Compare_File_1155",2,219,109.50,109.50,21,198
"Compare_File_2254",2,219,109.50,109.50,25,194
"Compare_File_1332",2,219,109.50,109.50,31,188
"Compare_File_151",2,219,109.50,109.50,30,189
"Compare_File_2747",2,219,109.50,109.50,32,187
"Compare_File_776",2,218,109.00,109.00,68,150
"Compare_File_2935",2,218,109.00,109.00,23,195
"Compare_File_427",2,218,109.00,109.00,107,111
"Compare_File_211",2,218,109.00,109.00,61,157
"Compare_File_1770",2,218,109.00,109.00,26,192
"Compare_File_833",2,218,109.00,109.00,84,134
"Compare_File_89",2,218,109.00,109.00,54,164
"Compare_File_2569",2,218,109.00,109.00,26,192
"Compare_File_812",2,218,109.00,109.00,55,163
"Compare_File_2019",2,217,108.50,108.50,32,185
"Compare_File_3396",2,217,108.50,108.50,33,184
"Compare_File_3081",2,217,108.50,108.50,67,150
"Compare_File_3538",2,217,108.50,108.50,76,141
"Compare_File_1961",2,217,108.50,108.50,22,195
"Compare_File_2101",2,217,108.50,108.50,53,164
"Compare_File_1857",2,216,108.00,108.00,16,200
"Compare_File_2196",2,216,108.00,108.00,70,146
"Compare_File_3809",2,216,108.00,108.00,13,203
"Compare_File_2432",2,216,108.00,108.00,48,168
"Compare_File_460",2,216,108.00,108.00,61,155
"Compare_File_574",2,216,108.00,108.00,72,144
"Compare_File_2246",2,216,108.00,108.00,32,184
"Compare_File_1571",2,216,108.00,108.00,87,129
"Compare_File_3321",2,215,107.50,107.50,32,183
"Compare_File_436",2,215,107.50,107.50,101,114
"Compare_File_535",2,215,107.50,107.50,69,146
"Compare_File_2260",2,215,107.50,107.50,25,190
"Compare_File_154",2,215,107.50,107.50,80,135
"Compare_File_1261",2,214,107.00,107.00,35,179
"Compare_File_690",2,214,107.00,107.00,77,137
"Compare_File_1419",2,214,107.00,107.00,30,184
"Compare_File_980",2,214,107.00,107.00,70,144
"Compare_File_3091",2,214,107.00,107.00,103,111
"Compare_File_3874",2,214,107.00,107.00,13,201
"Compare_File_1213",2,214,107.00,107.00,63,151
"Compare_File_1720",2,214,107.00,107.00,28,186
"Compare_File_1393",2,214,107.00,107.00,15,199
"Compare_File_2968",2,213,106.50,106.50,65,148
"Compare_File_2454",2,213,106.50,106.50,26,187
"Compare_File_1587",2,213,106.50,106.50,98,115
"Compare_File_2436",2,213,106.50,106.50,24,189
"Compare_File_1793",2,213,106.50,106.50,70,143
"Compare_File_2156",2,213,106.50,106.50,43,170
"Compare_File_609",2,213,106.50,106.50,95,118
"Compare_File_2962",2,213,106.50,106.50,9,204
"Compare_File_1578",2,212,106.00,106.00,33,179
"Compare_File_2532",2,212,106.00,106.00,68,144
"Compare_File_2756",2,212,106.00,106.00,43,169
"Compare_File_495",2,212,106.00,106.00,46,166
"Compare_File_1523",2,212,106.00,106.00,26,186
"Compare_File_689",2,212,106.00,106.00,79,133
"Compare_File_455",2,212,106.00,106.00,70,142
"Compare_File_1465",2,212,106.00,106.00,26,186
"Compare_File_2753",2,211,105.50,105.50,21,190
"Compare_File_3323",2,211,105.50,105.50,25,186
"Compare_File_1179",2,211,105.50,105.50,104,107
"Compare_File_1388",2,211,105.50,105.50,23,188
"Compare_File_3224",2,210,105.00,105.00,14,196
"Compare_File_805",2,210,105.00,105.00,90,120
"Compare_File_3201",2,210,105.00,105.00,38,172
"Compare_File_848",2,210,105.00,105.00,79,131
"Compare_File_1870",2,210,105.00,105.00,9,201
"Compare_File_860",2,210,105.00,105.00,20,190
"Compare_File_3597",2,210,105.00,105.00,67,143
"Compare_File_3205",2,210,105.00,105.00,27,183
"Compare_File_2875",2,209,104.50,104.50,26,183
"Compare_File_1072",2,209,104.50,104.50,25,184
"Compare_File_3303",2,209,104.50,104.50,18,191
"Compare_File_2521",2,209,104.50,104.50,14,195
"Compare_File_2208",2,209,104.50,104.50,12,197
"Compare_File_1502",2,209,104.50,104.50,28,181
"Compare_File_2836",2,209,104.50,104.50,40,169
"Compare_File_2802",2,208,104.00,104.00,71,137
"Compare_File_217",2,208,104.00,104.00,55,153
"Compare_File_2938",2,208,104.00,104.00,23,185
"Compare_File_1971",2,208,104.00,104.00,18,190
"Compare_File_1710",2,208,104.00,104.00,32,176
"Compare_File_3421",2,208,104.00,104.00,12,196
"Compare_File_3337",2,207,103.50,103.50,31,176
"Compare_File_857",2,207,103.50,103.50,26,181
"Compare_File_443",2,207,103.50,103.50,65,142
"Compare_File_760",2,207,103.50,103.50,67,140
"Compare_File_1866",2,207,103.50,103.50,50,157
"Compare_File_2194",2,207,103.50,103.50,29,178
"Compare_File_3634",2,207,103.50,103.50,81,126
"Compare_File_3129",2,207,103.50,103.50,35,172
"Compare_File_1146",2,206,103.00,103.00,23,183
"Compare_File_875",2,206,103.00,103.00,101,105
"Compare_File_1834",2,206,103.00,103.00,56,150
"Compare_File_1446",2,206,103.00,103.00,20,186
"Compare_File_3075",2,206,103.00,103.00,38,168
"Compare_File_3377",2,206,103.00,103.00,90,116
"Compare_File_1263",2,206,103.00,103.00,45,161
"Compare_File_3226",2,206,103.00,103.00,87,119
"Compare_File_403",2,206,103.00,103.00,79,127
"Compare_File_3931",2,206,103.00,103.00,47,159
"Compare_File_2255",2,206,103.00,103.00,24,182
"Compare_File_1468",2,206,103.00,103.00,33,173
"Compare_File_3257",2,206,103.00,103.00,19,187
"Compare_File_2259",2,206,103.00,103.00,100,106
"Compare_File_3655",2,205,102.50,102.50,45,160
"Compare_File_401",2,205,102.50,102.50,85,120
"Compare_File_2579",2,205,102.50,102.50,57,148
"Compare_File_3904",2,205,102.50,102.50,18,187
"Compare_File_1905",2,205,102.50,102.50,61,144
"Compare_File_792",2,205,102.50,102.50,65,140
"Compare_File_1233",2,205,102.50,102.50,18,187
"Compare_File_658",2,205,102.50,102.50,58,147
"Compare_File_2376",2,204,102.00,102.00,12,192
"Compare_File_72",2,204,102.00,102.00,26,178
"Compare_File_480",2,204,102.00,102.00,54,150
"Compare_File_3087",2,204,102.00,102.00,97,107
"Compare_File_3945",2,204,102.00,102.00,23,181
"Compare_File_1691",2,204,102.00,102.00,29,175
"Compare_File_2366",2,204,102.00,102.00,15,189
"Compare_File_1527",2,204,102.00,102.00,12,192
"Compare_File_392",2,204,102.00,102.00,39,165
"Compare_File_3579",2,204,102.00,102.00,83,121
"Compare_File_3533",2,204,102.00,102.00,58,146
"Compare_File_2062",2,204,102.00,102.00,11,193
"Compare_File_1616",2,204,102.00,102.00,30,174
"Compare_File_533",2,204,102.00,102.00,60,144
"Compare_File_1112",2,203,101.50,101.50,18,185
"Compare_File_964",2,203,101.50,101.50,85,118
"Compare_File_1657",2,203,101.50,101.50,69,134
"Compare_File_3199",2,203,101.50,101.50,54,149
"Compare_File_3768",2,203,101.50,101.50,35,168
"Compare_File_266",2,203,101.50,101.50,84,119
"Compare_File_817",2,203,101.50,101.50,39,164
"Compare_File_434",2,202,101.00,101.00,100,102
"Compare_File_3643",2,202,101.00,101.00,30,172
"Compare_File_975",2,202,101.00,101.00,48,154
"Compare_File_2599",2,202,101.00,101.00,38,164
"Compare_File_343",2,202,101.00,101.00,13,189
"Compare_File_1873",2,201,100.50,100.50,12,189
"Compare_File_3178",2,201,100.50,100.50,30,171
"Compare_File_1577",2,201,100.50,100.50,23,178
"Compare_File_3074",2,201,100.50,100.50,20,181
"Compare_File_739",2,201,100.50,100.50,16,185
"Compare_File_426",2,201,100.50,100.50,71,130
"Compare_File_3887",2,201,100.50,100.50,25,176
"Compare_File_3301",2,201,100.50,100.50,100,101
"Compare_File_299",2,201,100.50,100.50,56,145
"Compare_File_1584",2,200,100.00,100.00,52,148
"Compare_File_983",2,200,100.00,100.00,62,138
"Compare_File_185",2,200,100.00,100.00,96,104
"Compare_File_353",2,200,100.00,100.00,61,139
"Compare_File_824",2,200,100.00,100.00,70,130
"Compare_File_1974",2,200,100.00,100.00,25,175
"Compare_File_630",2,200,100.00,100.00,73,127
"Compare_File_3350",2,199,99.50,99.50,52,147
"Compare_File_2816",2,199,99.50,99.50,15,184
"Compare_File_709",2,199,99.50,99.50,45,154
"Compare_File_2930",2,199,99.50,99.50,52,147
"Compare_File_370",2,199,99.50,99.50,86,113
"Compare_File_2370",2,199,99.50,99.50,21,178
"Compare_File_1551",2,199,99.50,99.50,84,115
"Compare_File_2638",2,199,99.50,99.50,94,105
"Compare_File_2936",2,198,99.00,99.00,21,177
"Compare_File_1159",2,198,99.00,99.00,41,157
"Compare_File_1984",2,198,99.00,99.00,23,175
"Compare_File_3787",2,198,99.00,99.00,19,179
"Compare_File_2437",2,198,99.00,99.00,27,171
"Compare_File_3944",2,198,99.00,99.00,43,155
"Compare_File_1742",2,198,99.00,99.00,74,124
"Compare_File_3971",2,198,99.00,99.00,15,183
"Compare_File_3495",2,197,98.50,98.50,24,173
"Compare_File_604",2,197,98.50,98.50,82,115
"Compare_File_2637",2,197,98.50,98.50,96,101
"Compare_File_1008",2,197,98.50,98.50,45,152
"Compare_File_1311",2,197,98.50,98.50,16,181
"Compare_File_1439",2,196,98.00,98.00,80,116
"Compare_File_466",2,196,98.00,98.00,63,133
"Compare_File_772",2,196,98.00,98.00,52,144
"Compare_File_1341",2,196,98.00,98.00,49,147
"Compare_File_462",2,196,98.00,98.00,64,132
"Compare_File_2995",2,196,98.00,98.00,20,176
"Compare_File_456",2,196,98.00,98.00,58,138
"Compare_File_2571",2,196,98.00,98.00,60,136
"Compare_File_1467",2,195,97.50,97.50,23,172
"Compare_File_988",2,195,97.50,97.50,95,100
"Compare_File_868",2,195,97.50,97.50,75,120
"Compare_File_2855",2,195,97.50,97.50,42,153
"Compare_File_922",2,195,97.50,97.50,38,157
"Compare_File_1699",2,195,97.50,97.50,27,168
"Compare_File_1830",2,195,97.50,97.50,62,133
"Compare_File_3949",2,195,97.50,97.50,29,166
"Compare_File_2608",2,195,97.50,97.50,62,133
"Compare_File_936",2,195,97.50,97.50,90,105
"Compare_File_1804",2,195,97.50,97.50,47,148
"Compare_File_3532",2,195,97.50,97.50,47,148
"Compare_File_296",2,194,97.00,97.00,78,116
"Compare_File_396",2,194,97.00,97.00,34,160
"Compare_File_141",2,194,97.00,97.00,25,169
"Compare_File_710",2,194,97.00,97.00,56,138
"Compare_File_2963",2,194,97.00,97.00,68,126
"Compare_File_2691",2,194,97.00,97.00,87,107
"Compare_File_1097",2,194,97.00,97.00,32,162
"Compare_File_2433",2,194,97.00,97.00,22,172
"Compare_File_2358",2,194,97.00,97.00,15,179
"Compare_File_3943",2,194,97.00,97.00,30,164
"Compare_File_699",2,194,97.00,97.00,69,125
"Compare_File_3313",2,194,97.00,97.00,20,174
"Compare_File_1085",2,193,96.50,96.50,81,112
"Compare_File_1198",2,193,96.50,96.50,43,150
"Compare_File_1505",2,193,96.50,96.50,26,167
"Compare_File_938",2,193,96.50,96.50,91,102
"Compare_File_542",2,193,96.50,96.50,40,153
"Compare_File_3149",2,193,96.50,96.50,13,180
"Compare_File_3968",2,193,96.50,96.50,76,117
"Compare_File_913",2,193,96.50,96.50,10,183
"Compare_File_3910",2,193,96.50,96.50,14,179
"Compare_File_3436",2,193,96.50,96.50,67,126
"Compare_File_3486",2,193,96.50,96.50,79,114
"Compare_File_3766",2,192,96.00,96.00,16,176
"Compare_File_3863",2,192,96.00,96.00,16,176
"Compare_File_498",2,192,96.00,96.00,59,133
"Compare_File_1955",2,192,96.00,96.00,60,132
"Compare_File_989",2,192,96.00,96.00,52,140
"Compare_File_2972",2,192,96.00,96.00,27,165
"Compare_File_511",2,191,95.50,95.50,68,123
"Compare_File_2964",2,191,95.50,95.50,20,171
"Compare_File_935",2,191,95.50,95.50,77,114
"Compare_File_428",2,191,95.50,95.50,84,107
"Compare_File_2992",2,191,95.50,95.50,82,109
"Compare_File_1105",2,191,95.50,95.50,84,107
"Compare_File_3582",2,190,95.00,95.00,58,132
"Compare_File_1978",2,190,95.00,95.00,24,166
"Compare_File_608",2,189,94.50,94.50,42,147
"Compare_File_947",2,189,94.50,94.50,30,159
"Compare_File_181",2,189,94.50,94.50,37,152
"Compare_File_2751",2,189,94.50,94.50,18,171
"Compare_File_2508",2,189,94.50,94.50,45,144
"Compare_File_223",2,188,94.00,94.00,43,145
"Compare_File_2539",2,188,94.00,94.00,27,161
"Compare_File_684",2,188,94.00,94.00,53,135
"Compare_File_3406",2,188,94.00,94.00,37,151
"Compare_File_1641",2,188,94.00,94.00,9,179
"Compare_File_1176",2,188,94.00,94.00,28,160
"Compare_File_424",2,188,94.00,94.00,70,118
"Compare_File_2971",2,188,94.00,94.00,22,166
"Compare_File_3698",2,188,94.00,94.00,42,146
"Compare_File_389",2,187,93.50,93.50,60,127
"Compare_File_2940",2,187,93.50,93.50,30,157
"Compare_File_1284",2,187,93.50,93.50,53,134
"Compare_File_3273",2,187,93.50,93.50,58,129
"Compare_File_369",2,187,93.50,93.50,21,166
"Compare_File_756",2,187,93.50,93.50,56,131
"Compare_File_1711",2,187,93.50,93.50,78,109
"Compare_File_137",2,187,93.50,93.50,18,169
"Compare_File_2770",2,187,93.50,93.50,19,168
"Compare_File_3329",2,186,93.00,93.00,18,168
"Compare_File_2174",2,186,93.00,93.00,83,103
"Compare_File_388",2,186,93.00,93.00,52,134
"Compare_File_158",2,186,93.00,93.00,92,94
"Compare_File_1441",2,186,93.00,93.00,61,125
"Compare_File_3246",2,186,93.00,93.00,28,158
"Compare_File_3464",2,186,93.00,93.00,25,161
"Compare_File_302",2,185,92.50,92.50,84,101
"Compare_File_2976",2,185,92.50,92.50,54,131
"Compare_File_2430",2,185,92.50,92.50,87,98
"Compare_File_1318",2,185,92.50,92.50,21,164
"Compare_File_3518",2,185,92.50,92.50,37,148
"Compare_File_2625",2,185,92.50,92.50,46,139
"Compare_File_3873",2,185,92.50,92.50,30,155
"Compare_File_2263",2,185,92.50,92.50,22,163
"Compare_File_3250",2,185,92.50,92.50,72,113
"Compare_File_463",2,185,92.50,92.50,76,109
"Compare_File_2859",2,185,92.50,92.50,33,152
"Compare_File_3504",2,184,92.00,92.00,33,151
"Compare_File_3576",2,184,92.00,92.00,40,144
"Compare_File_3697",2,184,92.00,92.00,37,147
"Compare_File_499",2,184,92.00,92.00,58,126
"Compare_File_1274",2,184,92.00,92.00,69,115
"Compare_File_900",2,184,92.00,92.00,30,154
"Compare_File_3438",2,184,92.00,92.00,68,116
"Compare_File_1180",2,184,92.00,92.00,65,119
"Compare_File_2392",2,184,92.00,92.00,32,152
"Compare_File_531",2,184,92.00,92.00,74,110
"Compare_File_2109",2,184,92.00,92.00,24,160
"Compare_File_3500",2,184,92.00,92.00,26,158
"Compare_File_1101",2,183,91.50,91.50,30,153
"Compare_File_2819",2,183,91.50,91.50,16,167
"Compare_File_1042",2,183,91.50,91.50,32,151
"Compare_File_3600",2,183,91.50,91.50,59,124
"Compare_File_3565",2,183,91.50,91.50,43,140
"Compare_File_3942",2,183,91.50,91.50,24,159
"Compare_File_202",2,183,91.50,91.50,69,114
"Compare_File_631",2,182,91.00,91.00,76,106
"Compare_File_1518",2,182,91.00,91.00,64,118
"Compare_File_969",2,182,91.00,91.00,72,110
"Compare_File_1632",2,182,91.00,91.00,50,132
"Compare_File_538",2,182,91.00,91.00,51,131
"Compare_File_3553",2,182,91.00,91.00,80,102
"Compare_File_2994",2,182,91.00,91.00,14,168
"Compare_File_3019",2,182,91.00,91.00,33,149
"Compare_File_1016",2,182,91.00,91.00,29,153
"Compare_File_1092",2,182,91.00,91.00,57,125
"Compare_File_1147",2,182,91.00,91.00,23,159
"Compare_File_3489",2,182,91.00,91.00,21,161
"Compare_File_3094",2,182,91.00,91.00,79,103
"Compare_File_722",2,182,91.00,91.00,65,117
"Compare_File_976",2,182,91.00,91.00,67,115
"Compare_File_2390",2,181,90.50,90.50,32,149
"Compare_File_2833",2,181,90.50,90.50,27,154
"Compare_File_2861",2,181,90.50,90.50,23,158
"Compare_File_758",2,181,90.50,90.50,79,102
"Compare_File_800",2,181,90.50,90.50,49,132
"Compare_File_1925",2,181,90.50,90.50,76,105
"Compare_File_3453",2,181,90.50,90.50,28,153
"Compare_File_866",2,181,90.50,90.50,50,131
"Compare_File_3012",2,181,90.50,90.50,64,117
"Compare_File_2295",2,181,90.50,90.50,34,147
"Compare_File_3278",2,181,90.50,90.50,32,149
"Compare_File_509",2,181,90.50,90.50,61,120
"Compare_File_1126",2,181,90.50,90.50,12,169
"Compare_File_793",2,181,90.50,90.50,56,125
"Compare_File_820",2,181,90.50,90.50,67,114
"Compare_File_1787",2,180,90.00,90.00,21,159
"Compare_File_1862",2,180,90.00,90.00,66,114
"Compare_File_3564",2,180,90.00,90.00,59,121
"Compare_File_3332",2,180,90.00,90.00,22,158
"Compare_File_2072",2,180,90.00,90.00,13,167
"Compare_File_1057",2,180,90.00,90.00,31,149
"Compare_File_3525",2,180,90.00,90.00,23,157
"Compare_File_2310",2,180,90.00,90.00,70,110
"Compare_File_1175",2,180,90.00,90.00,60,120
"Compare_File_2604",2,179,89.50,89.50,29,150
"Compare_File_1188",2,179,89.50,89.50,63,116
"Compare_File_425",2,179,89.50,89.50,43,136
"Compare_File_635",2,179,89.50,89.50,55,124
"Compare_File_1852",2,179,89.50,89.50,13,166
"Compare_File_3451",2,179,89.50,89.50,23,156
"Compare_File_3950",2,179,89.50,89.50,15,164
"Compare_File_1923",2,178,89.00,89.00,31,147
"Compare_File_774",2,178,89.00,89.00,84,94
"Compare_File_3568",2,178,89.00,89.00,27,151
"Compare_File_3692",2,178,89.00,89.00,9,169
"Compare_File_1939",2,178,89.00,89.00,74,104
"Compare_File_3855",2,178,89.00,89.00,22,156
"Compare_File_1997",2,178,89.00,89.00,36,142
"Compare_File_2107",2,178,89.00,89.00,53,125
"Compare_File_213",2,178,89.00,89.00,85,93
"Compare_File_2919",2,178,89.00,89.00,21,157
"Compare_File_2135",2,178,89.00,89.00,75,103
"Compare_File_768",2,178,89.00,89.00,75,103
"Compare_File_3388",2,178,89.00,89.00,11,167
"Compare_File_3339",2,178,89.00,89.00,61,117
"Compare_File_3262",2,178,89.00,89.00,61,117
"Compare_File_591",2,177,88.50,88.50,70,107
"Compare_File_1724",2,177,88.50,88.50,45,132
"Compare_File_552",2,177,88.50,88.50,55,122
"Compare_File_467",2,177,88.50,88.50,29,148
"Compare_File_1103",2,177,88.50,88.50,22,155
"Compare_File_1023",2,177,88.50,88.50,12,165
"Compare_File_705",2,177,88.50,88.50,45,132
"Compare_File_1833",2,177,88.50,88.50,25,152
"Compare_File_1510",2,177,88.50,88.50,19,158
"Compare_File_2137",2,176,88.00,88.00,27,149
"Compare_File_1942",2,176,88.00,88.00,48,128
"Compare_File_3882",2,176,88.00,88.00,26,150
"Compare_File_3065",2,176,88.00,88.00,24,152
"Compare_File_3296",2,176,88.00,88.00,39,137
"Compare_File_1181",2,176,88.00,88.00,57,119
"Compare_File_3179",2,176,88.00,88.00,12,164
"Compare_File_1820",2,176,88.00,88.00,75,101
"Compare_File_539",2,176,88.00,88.00,48,128
"Compare_File_3970",2,176,88.00,88.00,15,161
"Compare_File_2897",2,175,87.50,87.50,28,147
"Compare_File_1729",2,175,87.50,87.50,57,118
"Compare_File_2000",2,175,87.50,87.50,19,156
"Compare_File_191",2,175,87.50,87.50,60,115
"Compare_File_1190",2,175,87.50,87.50,75,100
"Compare_File_1199",2,175,87.50,87.50,69,106
"Compare_File_3492",2,175,87.50,87.50,18,157
"Compare_File_501",2,175,87.50,87.50,52,123
"Compare_File_896",2,175,87.50,87.50,29,146
"Compare_File_3127",2,175,87.50,87.50,15,160
"Compare_File_2490",2,175,87.50,87.50,25,150
"Compare_File_1700",2,174,87.00,87.00,41,133
"Compare_File_2495",2,174,87.00,87.00,29,145
"Compare_File_1186",2,174,87.00,87.00,34,140
"Compare_File_656",2,174,87.00,87.00,28,146
"Compare_File_2517",2,174,87.00,87.00,27,147
"Compare_File_3618",2,174,87.00,87.00,67,107
"Compare_File_3269",2,174,87.00,87.00,42,132
"Compare_File_2853",2,174,87.00,87.00,59,115
"Compare_File_3511",2,174,87.00,87.00,82,92
"Compare_File_717",2,174,87.00,87.00,68,106
"Compare_File_2839",2,174,87.00,87.00,20,154
"Compare_File_560",2,174,87.00,87.00,9,165
"Compare_File_3528",2,174,87.00,87.00,59,115
"Compare_File_3690",2,174,87.00,87.00,17,157
"Compare_File_1048",2,173,86.50,86.50,19,154
"Compare_File_1813",2,173,86.50,86.50,25,148
"Compare_File_2643",2,173,86.50,86.50,12,161
"Compare_File_1043",2,173,86.50,86.50,50,123
"Compare_File_129",2,173,86.50,86.50,29,144
"Compare_File_770",2,173,86.50,86.50,80,93
"Compare_File_871",2,173,86.50,86.50,72,101
"Compare_File_2629",2,173,86.50,86.50,59,114
"Compare_File_2768",2,173,86.50,86.50,81,92
"Compare_File_3327",2,173,86.50,86.50,44,129
"Compare_File_3287",2,173,86.50,86.50,10,163
"Compare_File_548",2,173,86.50,86.50,38,135
"Compare_File_596",2,173,86.50,86.50,78,95
"Compare_File_1161",2,173,86.50,86.50,19,154
"Compare_File_627",2,173,86.50,86.50,86,87
"Compare_File_37",2,173,86.50,86.50,82,91
"Compare_File_414",2,173,86.50,86.50,22,151
"Compare_File_485",2,172,86.00,86.00,12,160
"Compare_File_789",2,172,86.00,86.00,83,89
"Compare_File_3089",2,172,86.00,86.00,9,163
"Compare_File_2012",2,172,86.00,86.00,62,110
"Compare_File_2542",2,172,86.00,86.00,27,145
"Compare_File_3986",2,172,86.00,86.00,53,119
"Compare_File_1444",2,172,86.00,86.00,61,111
"Compare_File_1821",2,172,86.00,86.00,70,102
"Compare_File_2812",2,172,86.00,86.00,25,147
"Compare_File_2902",2,172,86.00,86.00,39,133
"Compare_File_1158",2,172,86.00,86.00,40,132
"Compare_File_1306",2,171,85.50,85.50,30,141
"Compare_File_2201",2,171,85.50,85.50,10,161
"Compare_File_721",2,171,85.50,85.50,53,118
"Compare_File_69",2,171,85.50,85.50,42,129
"Compare_File_3215",2,171,85.50,85.50,65,106
"Compare_File_2511",2,171,85.50,85.50,75,96
"Compare_File_3852",2,171,85.50,85.50,20,151
"Compare_File_2790",2,171,85.50,85.50,35,136
"Compare_File_747",2,171,85.50,85.50,83,88
"Compare_File_2491",2,171,85.50,85.50,23,148
"Compare_File_3334",2,171,85.50,85.50,53,118
"Compare_File_2089",2,171,85.50,85.50,73,98
"Compare_File_688",2,170,85.00,85.00,73,97
"Compare_File_1938",2,170,85.00,85.00,72,98
"Compare_File_719",2,170,85.00,85.00,51,119
"Compare_File_194",2,170,85.00,85.00,83,87
"Compare_File_3659",2,170,85.00,85.00,85,85
"Compare_File_2116",2,170,85.00,85.00,41,129
"Compare_File_1073",2,170,85.00,85.00,20,150
"Compare_File_3693",2,170,85.00,85.00,10,160
"Compare_File_1900",2,170,85.00,85.00,28,142
"Compare_File_2300",2,170,85.00,85.00,31,139
"Compare_File_2294",2,169,84.50,84.50,26,143
"Compare_File_3062",2,169,84.50,84.50,71,98
"Compare_File_1139",2,169,84.50,84.50,30,139
"Compare_File_1709",2,169,84.50,84.50,23,146
"Compare_File_2780",2,169,84.50,84.50,45,124
"Compare_File_2788",2,169,84.50,84.50,33,136
"Compare_File_580",2,169,84.50,84.50,52,117
"Compare_File_788",2,169,84.50,84.50,50,119
"Compare_File_977",2,169,84.50,84.50,54,115
"Compare_File_3632",2,169,84.50,84.50,64,105
"Compare_File_3703",2,169,84.50,84.50,67,102
"Compare_File_314",2,169,84.50,84.50,78,91
"Compare_File_2665",2,169,84.50,84.50,32,137
"Compare_File_1293",2,169,84.50,84.50,25,144
"Compare_File_3104",2,169,84.50,84.50,26,143
"Compare_File_1166",2,169,84.50,84.50,23,146
"Compare_File_3499",2,168,84.00,84.00,11,157
"Compare_File_2467",2,168,84.00,84.00,26,142
"Compare_File_1018",2,168,84.00,84.00,47,121
"Compare_File_2776",2,168,84.00,84.00,8,160
"Compare_File_473",2,168,84.00,84.00,60,108
"Compare_File_1494",2,168,84.00,84.00,57,111
"Compare_File_2148",2,168,84.00,84.00,14,154
"Compare_File_2388",2,168,84.00,84.00,46,122
"Compare_File_2333",2,168,84.00,84.00,27,141
"Compare_File_1156",2,168,84.00,84.00,26,142
"Compare_File_1692",2,168,84.00,84.00,51,117
"Compare_File_1074",2,168,84.00,84.00,21,147
"Compare_File_1264",2,168,84.00,84.00,63,105
"Compare_File_2901",2,168,84.00,84.00,65,103
"Compare_File_3070",2,168,84.00,84.00,29,139
"Compare_File_3524",2,168,84.00,84.00,29,139
"Compare_File_1915",2,167,83.50,83.50,69,98
"Compare_File_321",2,167,83.50,83.50,11,156
"Compare_File_3484",2,167,83.50,83.50,24,143
"Compare_File_3759",2,167,83.50,83.50,9,158
"Compare_File_2757",2,167,83.50,83.50,74,93
"Compare_File_171",2,167,83.50,83.50,67,100
"Compare_File_1702",2,167,83.50,83.50,30,137
"Compare_File_783",2,167,83.50,83.50,76,91
"Compare_File_2027",2,167,83.50,83.50,64,103
"Compare_File_1426",2,167,83.50,83.50,51,116
"Compare_File_2711",2,167,83.50,83.50,31,136
"Compare_File_510",2,167,83.50,83.50,80,87
"Compare_File_905",2,166,83.00,83.00,25,141
"Compare_File_1058",2,166,83.00,83.00,49,117
"Compare_File_605",2,166,83.00,83.00,46,120
"Compare_File_1658",2,166,83.00,83.00,35,131
"Compare_File_1725",2,166,83.00,83.00,53,113
"Compare_File_1143",2,166,83.00,83.00,17,149
"Compare_File_3751",2,166,83.00,83.00,9,157
"Compare_File_1165",2,165,82.50,82.50,21,144
"Compare_File_2999",2,165,82.50,82.50,39,126
"Compare_File_2414",2,165,82.50,82.50,73,92
"Compare_File_399",2,165,82.50,82.50,46,119
"Compare_File_1069",2,165,82.50,82.50,21,144
"Compare_File_3685",2,165,82.50,82.50,13,152
"Compare_File_3326",2,165,82.50,82.50,39,126
"Compare_File_312",2,165,82.50,82.50,31,134
"Compare_File_902",2,165,82.50,82.50,17,148
"Compare_File_973",2,165,82.50,82.50,48,117
"Compare_File_132",2,165,82.50,82.50,55,110
"Compare_File_1999",2,165,82.50,82.50,27,138
"Compare_File_572",2,165,82.50,82.50,81,84
"Compare_File_961",2,164,82.00,82.00,71,93
"Compare_File_1944",2,164,82.00,82.00,46,118
"Compare_File_269",2,164,82.00,82.00,63,101
"Compare_File_193",2,164,82.00,82.00,69,95
"Compare_File_1077",2,164,82.00,82.00,67,97
"Compare_File_516",2,164,82.00,82.00,16,148
"Compare_File_3969",2,164,82.00,82.00,65,99
"Compare_File_3071",2,164,82.00,82.00,26,138
"Compare_File_3458",2,164,82.00,82.00,36,128
"Compare_File_1509",2,164,82.00,82.00,34,130
"Compare_File_2699",2,164,82.00,82.00,26,138
"Compare_File_745",2,164,82.00,82.00,77,87
"Compare_File_1959",2,164,82.00,82.00,40,124
"Compare_File_1163",2,164,82.00,82.00,69,95
"Compare_File_2121",2,164,82.00,82.00,40,124
"Compare_File_1822",2,164,82.00,82.00,63,101
"Compare_File_2039",2,164,82.00,82.00,10,154
"Compare_File_554",2,164,82.00,82.00,54,110
"Compare_File_1430",2,163,81.50,81.50,23,140
"Compare_File_1364",2,163,81.50,81.50,12,151
"Compare_File_163",2,163,81.50,81.50,78,85
"Compare_File_3851",2,163,81.50,81.50,10,153
"Compare_File_1017",2,163,81.50,81.50,43,120
"Compare_File_2340",2,163,81.50,81.50,17,146
"Compare_File_303",2,163,81.50,81.50,80,83
"Compare_File_2659",2,163,81.50,81.50,55,108
"Compare_File_1943",2,163,81.50,81.50,35,128
"Compare_File_3758",2,163,81.50,81.50,11,152
"Compare_File_683",2,163,81.50,81.50,55,108
"Compare_File_1695",2,163,81.50,81.50,21,142
"Compare_File_1182",2,163,81.50,81.50,19,144
"Compare_File_3136",2,163,81.50,81.50,17,146
"Compare_File_1515",2,163,81.50,81.50,24,139
"Compare_File_300",2,163,81.50,81.50,58,105
"Compare_File_3648",2,162,81.00,81.00,59,103
"Compare_File_617",2,162,81.00,81.00,51,111
"Compare_File_1713",2,162,81.00,81.00,57,105
"Compare_File_1149",2,162,81.00,81.00,70,92
"Compare_File_1212",2,162,81.00,81.00,73,89
"Compare_File_3666",2,162,81.00,81.00,71,91
"Compare_File_2143",2,161,80.50,80.50,11,150
"Compare_File_1037",2,161,80.50,80.50,21,140
"Compare_File_3387",2,161,80.50,80.50,15,146
"Compare_File_2969",2,161,80.50,80.50,26,135
"Compare_File_715",2,161,80.50,80.50,50,111
"Compare_File_685",2,161,80.50,80.50,57,104
"Compare_File_3826",2,161,80.50,80.50,51,110
"Compare_File_2469",2,161,80.50,80.50,21,140
"Compare_File_2215",2,161,80.50,80.50,16,145
"Compare_File_3965",2,160,80.00,80.00,78,82
"Compare_File_1052",2,160,80.00,80.00,24,136
"Compare_File_2525",2,160,80.00,80.00,15,145
"Compare_File_2094",2,160,80.00,80.00,52,108
"Compare_File_1208",2,160,80.00,80.00,64,96
"Compare_File_982",2,160,80.00,80.00,57,103
"Compare_File_1789",2,160,80.00,80.00,18,142
"Compare_File_981",2,160,80.00,80.00,71,89
"Compare_File_3375",2,160,80.00,80.00,12,148
"Compare_File_139",2,160,80.00,80.00,58,102
"Compare_File_450",2,160,80.00,80.00,75,85
"Compare_File_3342",2,159,79.50,79.50,63,96
"Compare_File_3039",2,159,79.50,79.50,23,136
"Compare_File_2593",2,159,79.50,79.50,35,124
"Compare_File_1191",2,159,79.50,79.50,46,113
"Compare_File_3762",2,159,79.50,79.50,10,149
"Compare_File_31",2,159,79.50,79.50,75,84
"Compare_File_3198",2,159,79.50,79.50,26,133
"Compare_File_3482",2,159,79.50,79.50,21,138
"Compare_File_849",2,159,79.50,79.50,55,104
"Compare_File_3831",2,159,79.50,79.50,32,127
"Compare_File_1954",2,159,79.50,79.50,79,80
"Compare_File_492",2,159,79.50,79.50,40,119
"Compare_File_1828",2,159,79.50,79.50,41,118
"Compare_File_1986",2,159,79.50,79.50,40,119
"Compare_File_3448",2,159,79.50,79.50,22,137
"Compare_File_265",2,159,79.50,79.50,63,96
"Compare_File_1941",2,158,79.00,79.00,58,100
"Compare_File_1056",2,158,79.00,79.00,36,122
"Compare_File_2473",2,158,79.00,79.00,27,131
"Compare_File_1228",2,158,79.00,79.00,28,130
"Compare_File_198",2,158,79.00,79.00,71,87
"Compare_File_3505",2,158,79.00,79.00,34,124
"Compare_File_1106",2,158,79.00,79.00,17,141
"Compare_File_1726",2,158,79.00,79.00,50,108
"Compare_File_551",2,158,79.00,79.00,54,104
"Compare_File_195",2,158,79.00,79.00,59,99
"Compare_File_133",2,158,79.00,79.00,33,125
"Compare_File_2155",2,158,79.00,79.00,14,144
"Compare_File_197",2,157,78.50,78.50,50,107
"Compare_File_3058",2,157,78.50,78.50,39,118
"Compare_File_1113",2,157,78.50,78.50,20,137
"Compare_File_1931",2,157,78.50,78.50,31,126
"Compare_File_3304",2,157,78.50,78.50,25,132
"Compare_File_310",2,157,78.50,78.50,64,93
"Compare_File_1378",2,157,78.50,78.50,36,121
"Compare_File_3700",2,157,78.50,78.50,26,131
"Compare_File_2153",2,157,78.50,78.50,10,147
"Compare_File_73",2,157,78.50,78.50,12,145
"Compare_File_2715",2,157,78.50,78.50,11,146
"Compare_File_1630",2,157,78.50,78.50,32,125
"Compare_File_826",2,157,78.50,78.50,65,92
"Compare_File_785",2,157,78.50,78.50,47,110
"Compare_File_2216",2,157,78.50,78.50,11,146
"Compare_File_917",2,156,78.00,78.00,15,141
"Compare_File_1918",2,156,78.00,78.00,31,125
"Compare_File_363",2,156,78.00,78.00,17,139
"Compare_File_1178",2,156,78.00,78.00,73,83
"Compare_File_1973",2,156,78.00,78.00,32,124
"Compare_File_3255",2,156,78.00,78.00,15,141
"Compare_File_1455",2,155,77.50,77.50,25,130
"Compare_File_1517",2,155,77.50,77.50,45,110
"Compare_File_2458",2,155,77.50,77.50,53,102
"Compare_File_3097",2,155,77.50,77.50,57,98
"Compare_File_1625",2,155,77.50,77.50,19,136
"Compare_File_1661",2,155,77.50,77.50,24,131
"Compare_File_2001",2,155,77.50,77.50,35,120
"Compare_File_3584",2,155,77.50,77.50,40,115
"Compare_File_2803",2,155,77.50,77.50,27,128
"Compare_File_607",2,155,77.50,77.50,41,114
"Compare_File_1363",2,154,77.00,77.00,10,144
"Compare_File_192",2,154,77.00,77.00,62,92
"Compare_File_2114",2,154,77.00,77.00,42,112
"Compare_File_1853",2,154,77.00,77.00,12,142
"Compare_File_942",2,154,77.00,77.00,57,97
"Compare_File_1573",2,154,77.00,77.00,29,125
"Compare_File_205",2,154,77.00,77.00,73,81
"Compare_File_3488",2,154,77.00,77.00,17,137
"Compare_File_1662",2,154,77.00,77.00,27,127
"Compare_File_1581",2,154,77.00,77.00,20,134
"Compare_File_624",2,153,76.50,76.50,13,140
"Compare_File_1589",2,153,76.50,76.50,16,137
"Compare_File_2779",2,153,76.50,76.50,55,98
"Compare_File_2475",2,153,76.50,76.50,50,103
"Compare_File_3008",2,153,76.50,76.50,22,131
"Compare_File_1854",2,153,76.50,76.50,20,133
"Compare_File_987",2,153,76.50,76.50,74,79
"Compare_File_2197",2,153,76.50,76.50,58,95
"Compare_File_839",2,153,76.50,76.50,10,143
"Compare_File_2444",2,153,76.50,76.50,28,125
"Compare_File_2020",2,153,76.50,76.50,43,110
"Compare_File_1694",2,152,76.00,76.00,19,133
"Compare_File_1519",2,152,76.00,76.00,21,131
"Compare_File_405",2,152,76.00,76.00,61,91
"Compare_File_99",2,152,76.00,76.00,27,125
"Compare_File_1754",2,152,76.00,76.00,12,140
"Compare_File_373",2,152,76.00,76.00,74,78
"Compare_File_3973",2,152,76.00,76.00,13,139
"Compare_File_807",2,152,76.00,76.00,57,95
"Compare_File_3435",2,152,76.00,76.00,63,89
"Compare_File_413",2,151,75.50,75.50,50,101
"Compare_File_145",2,151,75.50,75.50,52,99
"Compare_File_1566",2,151,75.50,75.50,31,120
"Compare_File_2537",2,151,75.50,75.50,30,121
"Compare_File_731",2,151,75.50,75.50,32,119
"Compare_File_1520",2,151,75.50,75.50,23,128
"Compare_File_3737",2,151,75.50,75.50,23,128
"Compare_File_3898",2,151,75.50,75.50,15,136
"Compare_File_1336",2,151,75.50,75.50,66,85
"Compare_File_3040",2,151,75.50,75.50,46,105
"Compare_File_2289",2,151,75.50,75.50,32,119
"Compare_File_3517",2,151,75.50,75.50,72,79
"Compare_File_1189",2,151,75.50,75.50,48,103
"Compare_File_338",2,151,75.50,75.50,58,93
"Compare_File_1053",2,151,75.50,75.50,26,125
"Compare_File_1792",2,151,75.50,75.50,28,123
"Compare_File_2118",2,151,75.50,75.50,71,80
"Compare_File_924",2,151,75.50,75.50,40,111
"Compare_File_1132",2,151,75.50,75.50,44,107
"Compare_File_1539",2,151,75.50,75.50,26,125
"Compare_File_2945",2,151,75.50,75.50,16,135
"Compare_File_1621",2,150,75.00,75.00,24,126
"Compare_File_893",2,150,75.00,75.00,36,114
"Compare_File_1266",2,150,75.00,75.00,61,89
"Compare_File_3771",2,150,75.00,75.00,17,133
"Compare_File_950",2,150,75.00,75.00,45,105
"Compare_File_1998",2,150,75.00,75.00,71,79
"Compare_File_3213",2,150,75.00,75.00,71,79
"Compare_File_1583",2,150,75.00,75.00,21,129
"Compare_File_613",2,150,75.00,75.00,64,86
"Compare_File_865",2,150,75.00,75.00,39,111
"Compare_File_763",2,150,75.00,75.00,44,106
"Compare_File_1968",2,150,75.00,75.00,26,124
"Compare_File_838",2,150,75.00,75.00,8,142
"Compare_File_949",2,150,75.00,75.00,43,107
"Compare_File_2106",2,149,74.50,74.50,67,82
"Compare_File_956",2,149,74.50,74.50,42,107
"Compare_File_2357",2,149,74.50,74.50,20,129
"Compare_File_3353",2,149,74.50,74.50,15,134
"Compare_File_2633",2,149,74.50,74.50,36,113
"Compare_File_3510",2,149,74.50,74.50,36,113
"Compare_File_3753",2,149,74.50,74.50,11,138
"Compare_File_939",2,149,74.50,74.50,64,85
"Compare_File_553",2,148,74.00,74.00,30,118
"Compare_File_992",2,148,74.00,74.00,16,132
"Compare_File_2265",2,148,74.00,74.00,23,125
"Compare_File_707",2,148,74.00,74.00,49,99
"Compare_File_1542",2,147,73.50,73.50,24,123
"Compare_File_1860",2,147,73.50,73.50,12,135
"Compare_File_1185",2,147,73.50,73.50,13,134
"Compare_File_3051",2,147,73.50,73.50,49,98
"Compare_File_784",2,147,73.50,73.50,65,82
"Compare_File_2486",2,147,73.50,73.50,54,93
"Compare_File_851",2,147,73.50,73.50,45,102
"Compare_File_3966",2,147,73.50,73.50,64,83
"Compare_File_3268",2,146,73.00,73.00,47,99
"Compare_File_2503",2,146,73.00,73.00,43,103
"Compare_File_3433",2,146,73.00,73.00,16,130
"Compare_File_1463",2,146,73.00,73.00,18,128
"Compare_File_3312",2,146,73.00,73.00,52,94
"Compare_File_372",2,146,73.00,73.00,16,130
"Compare_File_3474",2,146,73.00,73.00,58,88
"Compare_File_1920",2,146,73.00,73.00,22,124
"Compare_File_2845",2,146,73.00,73.00,64,82
"Compare_File_775",2,146,73.00,73.00,64,82
"Compare_File_393",2,146,73.00,73.00,54,92
"Compare_File_1221",2,146,73.00,73.00,62,84
"Compare_File_960",2,146,73.00,73.00,71,75
"Compare_File_2815",2,146,73.00,73.00,25,121
"Compare_File_2457",2,146,73.00,73.00,18,128
"Compare_File_2154",2,146,73.00,73.00,18,128
"Compare_File_2807",2,146,73.00,73.00,22,124
"Compare_File_740",2,145,72.50,72.50,57,88
"Compare_File_2363",2,145,72.50,72.50,25,120
"Compare_File_2144",2,145,72.50,72.50,13,132
"Compare_File_1557",2,145,72.50,72.50,40,105
"Compare_File_587",2,145,72.50,72.50,71,74
"Compare_File_1445",2,145,72.50,72.50,42,103
"Compare_File_3717",2,145,72.50,72.50,11,134
"Compare_File_3446",2,145,72.50,72.50,38,107
"Compare_File_311",2,145,72.50,72.50,45,100
"Compare_File_3814",2,145,72.50,72.50,10,135
"Compare_File_3380",2,145,72.50,72.50,18,127
"Compare_File_2658",2,145,72.50,72.50,27,118
"Compare_File_1201",2,145,72.50,72.50,57,88
"Compare_File_3336",2,144,72.00,72.00,24,120
"Compare_File_1511",2,144,72.00,72.00,17,127
"Compare_File_3428",2,144,72.00,72.00,55,89
"Compare_File_3483",2,144,72.00,72.00,22,122
"Compare_File_3901",2,144,72.00,72.00,17,127
"Compare_File_955",2,144,72.00,72.00,44,100
"Compare_File_1203",2,144,72.00,72.00,71,73
"Compare_File_1704",2,144,72.00,72.00,55,89
"Compare_File_2145",2,144,72.00,72.00,33,111
"Compare_File_1049",2,144,72.00,72.00,39,105
"Compare_File_3099",2,144,72.00,72.00,56,88
"Compare_File_3305",2,143,71.50,71.50,12,131
"Compare_File_3587",2,143,71.50,71.50,38,105
"Compare_File_3767",2,143,71.50,71.50,23,120
"Compare_File_3734",2,143,71.50,71.50,14,129
"Compare_File_628",2,143,71.50,71.50,24,119
"Compare_File_1545",2,143,71.50,71.50,22,121
"Compare_File_1452",2,143,71.50,71.50,13,130
"Compare_File_2943",2,143,71.50,71.50,25,118
"Compare_File_1840",2,143,71.50,71.50,25,118
"Compare_File_1345",2,143,71.50,71.50,20,123
"Compare_File_167",2,143,71.50,71.50,66,77
"Compare_File_25",2,142,71.00,71.00,53,89
"Compare_File_301",2,142,71.00,71.00,59,83
"Compare_File_482",2,142,71.00,71.00,47,95
"Compare_File_3886",2,142,71.00,71.00,14,128
"Compare_File_1574",2,142,71.00,71.00,64,78
"Compare_File_3264",2,142,71.00,71.00,32,110
"Compare_File_968",2,142,71.00,71.00,49,93
"Compare_File_1810",2,142,71.00,71.00,22,120
"Compare_File_2301",2,142,71.00,71.00,22,120
"Compare_File_3022",2,142,71.00,71.00,11,131
"Compare_File_2657",2,142,71.00,71.00,27,115
"Compare_File_759",2,142,71.00,71.00,53,89
"Compare_File_1150",2,142,71.00,71.00,24,118
"Compare_File_1696",2,142,71.00,71.00,26,116
"Compare_File_1990",2,141,70.50,70.50,26,115
"Compare_File_3991",2,141,70.50,70.50,50,91
"Compare_File_220",2,141,70.50,70.50,69,72
"Compare_File_1107",2,141,70.50,70.50,19,122
"Compare_File_3526",2,141,70.50,70.50,19,122
"Compare_File_2884",2,141,70.50,70.50,44,97
"Compare_File_754",2,141,70.50,70.50,38,103
"Compare_File_2814",2,141,70.50,70.50,11,130
"Compare_File_966",2,141,70.50,70.50,47,94
"Compare_File_3990",2,141,70.50,70.50,61,80
"Compare_File_1945",2,141,70.50,70.50,69,72
"Compare_File_1230",2,141,70.50,70.50,20,121
"Compare_File_1706",2,141,70.50,70.50,30,111
"Compare_File_1537",2,140,70.00,70.00,37,103
"Compare_File_2549",2,140,70.00,70.00,21,119
"Compare_File_3846",2,140,70.00,70.00,17,123
"Compare_File_781",2,140,70.00,70.00,63,77
"Compare_File_1225",2,140,70.00,70.00,17,123
"Compare_File_1664",2,140,70.00,70.00,23,117
"Compare_File_953",2,140,70.00,70.00,70,70
"Compare_File_283",2,140,70.00,70.00,58,82
"Compare_File_693",2,140,70.00,70.00,41,99
"Compare_File_1373",2,140,70.00,70.00,19,121
"Compare_File_1928",2,140,70.00,70.00,51,89
"Compare_File_2384",2,140,70.00,70.00,54,86
"Compare_File_3665",2,139,69.50,69.50,52,87
"Compare_File_1157",2,139,69.50,69.50,20,119
"Compare_File_1791",2,139,69.50,69.50,40,99
"Compare_File_3548",2,139,69.50,69.50,22,117
"Compare_File_464",2,139,69.50,69.50,60,79
"Compare_File_2949",2,139,69.50,69.50,11,128
"Compare_File_3891",2,139,69.50,69.50,23,116
"Compare_File_1548",2,139,69.50,69.50,57,82
"Compare_File_1187",2,139,69.50,69.50,36,103
"Compare_File_1948",2,139,69.50,69.50,36,103
"Compare_File_1910",2,138,69.00,69.00,21,117
"Compare_File_1521",2,138,69.00,69.00,20,118
"Compare_File_802",2,138,69.00,69.00,56,82
"Compare_File_3633",2,138,69.00,69.00,31,107
"Compare_File_652",2,138,69.00,69.00,31,107
"Compare_File_2257",2,138,69.00,69.00,28,110
"Compare_File_1276",2,138,69.00,69.00,62,76
"Compare_File_1907",2,138,69.00,69.00,41,97
"Compare_File_845",2,138,69.00,69.00,12,126
"Compare_File_1506",2,137,68.50,68.50,20,117
"Compare_File_1849",2,137,68.50,68.50,19,118
"Compare_File_3913",2,137,68.50,68.50,13,124
"Compare_File_3134",2,137,68.50,68.50,31,106
"Compare_File_3158",2,137,68.50,68.50,29,108
"Compare_File_2283",2,137,68.50,68.50,43,94
"Compare_File_1014",2,137,68.50,68.50,48,89
"Compare_File_469",2,137,68.50,68.50,57,80
"Compare_File_2568",2,137,68.50,68.50,33,104
"Compare_File_3333",2,137,68.50,68.50,15,122
"Compare_File_2097",2,137,68.50,68.50,35,102
"Compare_File_3491",2,136,68.00,68.00,28,108
"Compare_File_1065",2,136,68.00,68.00,25,111
"Compare_File_3988",2,136,68.00,68.00,51,85
"Compare_File_2837",2,136,68.00,68.00,23,113
"Compare_File_571",2,136,68.00,68.00,65,71
"Compare_File_1851",2,136,68.00,68.00,12,124
"Compare_File_1169",2,136,68.00,68.00,21,115
"Compare_File_3989",2,136,68.00,68.00,46,90
"Compare_File_2422",2,136,68.00,68.00,67,69
"Compare_File_2087",2,136,68.00,68.00,22,114
"Compare_File_3508",2,136,68.00,68.00,29,107
"Compare_File_2142",2,136,68.00,68.00,10,126
"Compare_File_1371",2,136,68.00,68.00,31,105
"Compare_File_2449",2,135,67.50,67.50,53,82
"Compare_File_3992",2,135,67.50,67.50,49,86
"Compare_File_138",2,135,67.50,67.50,50,85
"Compare_File_3531",2,135,67.50,67.50,26,109
"Compare_File_3046",2,135,67.50,67.50,22,113
"Compare_File_1194",2,135,67.50,67.50,62,73
"Compare_File_1666",2,135,67.50,67.50,65,70
"Compare_File_3100",2,135,67.50,67.50,56,79
"Compare_File_3628",2,135,67.50,67.50,61,74
"Compare_File_1635",2,135,67.50,67.50,36,99
"Compare_File_190",2,135,67.50,67.50,62,73
"Compare_File_1904",2,135,67.50,67.50,23,112
"Compare_File_2088",2,134,67.00,67.00,41,93
"Compare_File_1612",2,134,67.00,67.00,34,100
"Compare_File_1533",2,134,67.00,67.00,14,120
"Compare_File_3449",2,134,67.00,67.00,63,71
"Compare_File_134",2,134,67.00,67.00,16,118
"Compare_File_1919",2,134,67.00,67.00,46,88
"Compare_File_957",2,134,67.00,67.00,41,93
"Compare_File_1361",2,134,67.00,67.00,38,96
"Compare_File_3291",2,134,67.00,67.00,13,121
"Compare_File_136",2,134,67.00,67.00,28,106
"Compare_File_2367",2,134,67.00,67.00,15,119
"Compare_File_3976",2,134,67.00,67.00,15,119
"Compare_File_1507",2,134,67.00,67.00,22,112
"Compare_File_2896",2,134,67.00,67.00,24,110
"Compare_File_2416",2,134,67.00,67.00,23,111
"Compare_File_940",2,134,67.00,67.00,61,73
"Compare_File_752",2,134,67.00,67.00,40,94
"Compare_File_1059",2,133,66.50,66.50,29,104
"Compare_File_3110",2,133,66.50,66.50,14,119
"Compare_File_2442",2,133,66.50,66.50,40,93
"Compare_File_2035",2,133,66.50,66.50,10,123
"Compare_File_3502",2,133,66.50,66.50,17,116
"Compare_File_358",2,133,66.50,66.50,9,124
"Compare_File_3642",2,133,66.50,66.50,59,74
"Compare_File_675",2,133,66.50,66.50,15,118
"Compare_File_1235",2,133,66.50,66.50,23,110
"Compare_File_3848",2,133,66.50,66.50,10,123
"Compare_File_410",2,133,66.50,66.50,64,69
"Compare_File_1960",2,133,66.50,66.50,22,111
"Compare_File_3494",2,133,66.50,66.50,25,108
"Compare_File_209",2,133,66.50,66.50,57,76
"Compare_File_1184",2,133,66.50,66.50,11,122
"Compare_File_267",2,132,66.00,66.00,48,84
"Compare_File_2881",2,132,66.00,66.00,29,103
"Compare_File_2822",2,132,66.00,66.00,31,101
"Compare_File_796",2,132,66.00,66.00,60,72
"Compare_File_663",2,132,66.00,66.00,9,123
"Compare_File_1687",2,132,66.00,66.00,15,117
"Compare_File_986",2,132,66.00,66.00,62,70
"Compare_File_2234",2,132,66.00,66.00,12,120
"Compare_File_3849",2,132,66.00,66.00,65,67
"Compare_File_2507",2,132,66.00,66.00,22,110
"Compare_File_1282",2,132,66.00,66.00,39,93
"Compare_File_1629",2,131,65.50,65.50,41,90
"Compare_File_2795",2,131,65.50,65.50,30,101
"Compare_File_672",2,131,65.50,65.50,62,69
"Compare_File_2534",2,131,65.50,65.50,35,96
"Compare_File_835",2,131,65.50,65.50,14,117
"Compare_File_409",2,131,65.50,65.50,54,77
"Compare_File_3782",2,131,65.50,65.50,13,118
"Compare_File_3938",2,131,65.50,65.50,31,100
"Compare_File_3853",2,131,65.50,65.50,10,121
"Compare_File_2662",2,130,65.00,65.00,32,98
"Compare_File_1369",2,130,65.00,65.00,13,117
"Compare_File_626",2,130,65.00,65.00,33,97
"Compare_File_444",2,130,65.00,65.00,57,73
"Compare_File_1814",2,130,65.00,65.00,33,97
"Compare_File_3688",2,130,65.00,65.00,16,114
"Compare_File_1785",2,130,65.00,65.00,16,114
"Compare_File_2577",2,130,65.00,65.00,24,106
"Compare_File_1501",2,130,65.00,65.00,34,96
"Compare_File_944",2,130,65.00,65.00,64,66
"Compare_File_1349",2,130,65.00,65.00,16,114
"Compare_File_1267",2,130,65.00,65.00,32,98
"Compare_File_948",2,130,65.00,65.00,47,83
"Compare_File_1088",2,130,65.00,65.00,25,105
"Compare_File_3529",2,130,65.00,65.00,29,101
"Compare_File_2396",2,130,65.00,65.00,51,79
"Compare_File_3452",2,129,64.50,64.50,14,115
"Compare_File_327",2,129,64.50,64.50,26,103
"Compare_File_2455",2,129,64.50,64.50,30,99
"Compare_File_142",2,129,64.50,64.50,17,112
"Compare_File_3530",2,129,64.50,64.50,36,93
"Compare_File_642",2,129,64.50,64.50,57,72
"Compare_File_2911",2,129,64.50,64.50,22,107
"Compare_File_3447",2,129,64.50,64.50,25,104
"Compare_File_2477",2,129,64.50,64.50,27,102
"Compare_File_1055",2,129,64.50,64.50,34,95
"Compare_File_3925",2,129,64.50,64.50,44,85
"Compare_File_2980",2,129,64.50,64.50,56,73
"Compare_File_2559",2,128,64.00,64.00,11,117
"Compare_File_3569",2,128,64.00,64.00,28,100
"Compare_File_3007",2,128,64.00,64.00,37,91
"Compare_File_1595",2,128,64.00,64.00,29,99
"Compare_File_724",2,128,64.00,64.00,22,106
"Compare_File_769",2,128,64.00,64.00,50,78
"Compare_File_3543",2,128,64.00,64.00,18,110
"Compare_File_3061",2,128,64.00,64.00,21,107
"Compare_File_804",2,127,63.50,63.50,60,67
"Compare_File_1994",2,127,63.50,63.50,36,91
"Compare_File_249",2,127,63.50,63.50,54,73
"Compare_File_3154",2,127,63.50,63.50,15,112
"Compare_File_586",2,127,63.50,63.50,30,97
"Compare_File_1001",2,127,63.50,63.50,43,84
"Compare_File_245",2,127,63.50,63.50,55,72
"Compare_File_2826",2,127,63.50,63.50,11,116
"Compare_File_1707",2,127,63.50,63.50,23,104
"Compare_File_3048",2,127,63.50,63.50,12,115
"Compare_File_1477",2,127,63.50,63.50,10,117
"Compare_File_3241",2,127,63.50,63.50,21,106
"Compare_File_1540",2,127,63.50,63.50,16,111
"Compare_File_3038",2,127,63.50,63.50,17,110
"Compare_File_2810",2,127,63.50,63.50,27,100
"Compare_File_1353",2,127,63.50,63.50,10,117
"Compare_File_2350",2,127,63.50,63.50,12,115
"Compare_File_3381",2,127,63.50,63.50,59,68
"Compare_File_3440",2,127,63.50,63.50,8,119
"Compare_File_637",2,127,63.50,63.50,60,67
"Compare_File_2110",2,127,63.50,63.50,33,94
"Compare_File_3832",2,127,63.50,63.50,38,89
"Compare_File_1949",2,126,63.00,63.00,40,86
"Compare_File_1620",2,126,63.00,63.00,21,105
"Compare_File_583",2,126,63.00,63.00,36,90
"Compare_File_481",2,126,63.00,63.00,48,78
"Compare_File_2438",2,126,63.00,63.00,16,110
"Compare_File_577",2,126,63.00,63.00,47,79
"Compare_File_762",2,126,63.00,63.00,50,76
"Compare_File_598",2,126,63.00,63.00,55,71
"Compare_File_797",2,126,63.00,63.00,58,68
"Compare_File_1005",2,126,63.00,63.00,63,63
"Compare_File_1733",2,126,63.00,63.00,29,97
"Compare_File_3574",2,126,63.00,63.00,25,101
"Compare_File_665",2,126,63.00,63.00,14,112
"Compare_File_483",2,126,63.00,63.00,52,74
"Compare_File_3527",2,126,63.00,63.00,18,108
"Compare_File_169",2,125,62.50,62.50,57,68
"Compare_File_1796",2,125,62.50,62.50,59,66
"Compare_File_98",2,125,62.50,62.50,24,101
"Compare_File_2032",2,125,62.50,62.50,25,100
"Compare_File_3885",2,125,62.50,62.50,11,114
"Compare_File_1366",2,125,62.50,62.50,54,71
"Compare_File_3456",2,125,62.50,62.50,36,89
"Compare_File_614",2,125,62.50,62.50,52,73
"Compare_File_3393",2,125,62.50,62.50,33,92
"Compare_File_3721",2,125,62.50,62.50,21,104
"Compare_File_3813",2,125,62.50,62.50,11,114
"Compare_File_1070",2,125,62.50,62.50,21,104
"Compare_File_2069",2,125,62.50,62.50,10,115
"Compare_File_3253",2,125,62.50,62.50,62,63
"Compare_File_252",2,125,62.50,62.50,37,88
"Compare_File_3740",2,125,62.50,62.50,25,100
"Compare_File_1600",2,124,62.00,62.00,19,105
"Compare_File_2306",2,124,62.00,62.00,38,86
"Compare_File_1906",2,124,62.00,62.00,30,94
"Compare_File_395",2,124,62.00,62.00,49,75
"Compare_File_2799",2,124,62.00,62.00,25,99
"Compare_File_3857",2,124,62.00,62.00,29,95
"Compare_File_2095",2,124,62.00,62.00,43,81
"Compare_File_494",2,124,62.00,62.00,48,76
"Compare_File_1969",2,124,62.00,62.00,25,99
"Compare_File_364",2,123,61.50,61.50,21,102
"Compare_File_2303",2,123,61.50,61.50,52,71
"Compare_File_1777",2,123,61.50,61.50,31,92
"Compare_File_1493",2,123,61.50,61.50,49,74
"Compare_File_3662",2,123,61.50,61.50,30,93
"Compare_File_1874",2,123,61.50,61.50,21,102
"Compare_File_3414",2,123,61.50,61.50,12,111
"Compare_File_1819",2,123,61.50,61.50,45,78
"Compare_File_3024",2,123,61.50,61.50,14,109
"Compare_File_606",2,123,61.50,61.50,28,95
"Compare_File_1797",2,123,61.50,61.50,18,105
"Compare_File_2077",2,123,61.50,61.50,48,75
"Compare_File_2500",2,123,61.50,61.50,43,80
"Compare_File_3454",2,123,61.50,61.50,27,96
"Compare_File_3912",2,123,61.50,61.50,12,111
"Compare_File_3157",2,123,61.50,61.50,29,94
"Compare_File_3330",2,123,61.50,61.50,18,105
"Compare_File_1988",2,123,61.50,61.50,22,101
"Compare_File_1582",2,123,61.50,61.50,20,103
"Compare_File_1800",2,123,61.50,61.50,20,103
"Compare_File_1543",2,122,61.00,61.00,23,99
"Compare_File_1094",2,122,61.00,61.00,52,70
"Compare_File_575",2,122,61.00,61.00,56,66
"Compare_File_1783",2,122,61.00,61.00,29,93
"Compare_File_2496",2,122,61.00,61.00,41,81
"Compare_File_3487",2,122,61.00,61.00,18,104
"Compare_File_2488",2,122,61.00,61.00,19,103
"Compare_File_1552",2,122,61.00,61.00,36,86
"Compare_File_3772",2,122,61.00,61.00,29,93
"Compare_File_3370",2,122,61.00,61.00,27,95
"Compare_File_3501",2,122,61.00,61.00,21,101
"Compare_File_1597",2,121,60.50,60.50,42,79
"Compare_File_1782",2,121,60.50,60.50,27,94
"Compare_File_2667",2,121,60.50,60.50,39,82
"Compare_File_3861",2,121,60.50,60.50,27,94
"Compare_File_1524",2,121,60.50,60.50,33,88
"Compare_File_3915",2,121,60.50,60.50,12,109
"Compare_File_423",2,121,60.50,60.50,37,84
"Compare_File_2686",2,121,60.50,60.50,23,98
"Compare_File_1365",2,121,60.50,60.50,13,108
"Compare_File_1567",2,121,60.50,60.50,17,104
"Compare_File_2147",2,121,60.50,60.50,14,107
"Compare_File_3057",2,121,60.50,60.50,33,88
"Compare_File_2801",2,120,60.00,60.00,25,95
"Compare_File_3189",2,120,60.00,60.00,53,67
"Compare_File_3248",2,120,60.00,60.00,58,62
"Compare_File_2651",2,120,60.00,60.00,22,98
"Compare_File_514",2,120,60.00,60.00,14,106
"Compare_File_3784",2,120,60.00,60.00,17,103
"Compare_File_753",2,120,60.00,60.00,38,82
"Compare_File_3596",2,120,60.00,60.00,43,77
"Compare_File_3975",2,120,60.00,60.00,16,104
"Compare_File_3044",2,120,60.00,60.00,57,63
"Compare_File_2663",2,120,60.00,60.00,32,88
"Compare_File_1737",2,120,60.00,60.00,42,78
"Compare_File_3677",2,120,60.00,60.00,22,98
"Compare_File_2098",2,119,59.50,59.50,26,93
"Compare_File_1466",2,119,59.50,59.50,19,100
"Compare_File_3646",2,119,59.50,59.50,13,106
"Compare_File_2618",2,119,59.50,59.50,27,92
"Compare_File_3702",2,119,59.50,59.50,46,73
"Compare_File_765",2,119,59.50,59.50,46,73
"Compare_File_2676",2,119,59.50,59.50,43,76
"Compare_File_3462",2,119,59.50,59.50,23,96
"Compare_File_3503",2,119,59.50,59.50,43,76
"Compare_File_3465",2,119,59.50,59.50,51,68
"Compare_File_1486",2,119,59.50,59.50,59,60
"Compare_File_2874",2,119,59.50,59.50,25,94
"Compare_File_1602",2,119,59.50,59.50,18,101
"Compare_File_2744",2,119,59.50,59.50,26,93
"Compare_File_3512",2,119,59.50,59.50,29,90
"Compare_File_1643",2,119,59.50,59.50,24,95
"Compare_File_570",2,119,59.50,59.50,40,79
"Compare_File_897",2,119,59.50,59.50,15,104
"Compare_File_3934",2,119,59.50,59.50,35,84
"Compare_File_1753",2,118,59.00,59.00,10,108
"Compare_File_3109",2,118,59.00,59.00,43,75
"Compare_File_806",2,118,59.00,59.00,57,61
"Compare_File_1030",2,118,59.00,59.00,14,104
"Compare_File_3308",2,118,59.00,59.00,46,72
"Compare_File_867",2,118,59.00,59.00,56,62
"Compare_File_2893",2,118,59.00,59.00,34,84
"Compare_File_329",2,118,59.00,59.00,20,98
"Compare_File_1809",2,118,59.00,59.00,50,68
"Compare_File_2149",2,117,58.50,58.50,9,108
"Compare_File_1454",2,117,58.50,58.50,20,97
"Compare_File_2581",2,117,58.50,58.50,26,91
"Compare_File_183",2,117,58.50,58.50,25,92
"Compare_File_1485",2,117,58.50,58.50,30,87
"Compare_File_3833",2,117,58.50,58.50,27,90
"Compare_File_1167",2,117,58.50,58.50,34,83
"Compare_File_2179",2,117,58.50,58.50,33,84
"Compare_File_2617",2,117,58.50,58.50,22,95
"Compare_File_750",2,117,58.50,58.50,48,69
"Compare_File_3283",2,117,58.50,58.50,32,85
"Compare_File_1705",2,117,58.50,58.50,30,87
"Compare_File_579",2,116,58.00,58.00,50,66
"Compare_File_1348",2,116,58.00,58.00,11,105
"Compare_File_332",2,116,58.00,58.00,17,99
"Compare_File_751",2,116,58.00,58.00,48,68
"Compare_File_212",2,116,58.00,58.00,57,59
"Compare_File_3060",2,116,58.00,58.00,27,89
"Compare_File_2284",2,116,58.00,58.00,28,88
"Compare_File_1429",2,116,58.00,58.00,56,60
"Compare_File_2083",2,116,58.00,58.00,51,65
"Compare_File_3656",2,116,58.00,58.00,36,80
"Compare_File_2288",2,116,58.00,58.00,29,87
"Compare_File_2102",2,116,58.00,58.00,49,67
"Compare_File_3577",2,116,58.00,58.00,28,88
"Compare_File_1909",2,116,58.00,58.00,21,95
"Compare_File_3302",2,116,58.00,58.00,10,106
"Compare_File_798",2,116,58.00,58.00,58,58
"Compare_File_2635",2,115,57.50,57.50,29,86
"Compare_File_859",2,115,57.50,57.50,46,69
"Compare_File_536",2,115,57.50,57.50,51,64
"Compare_File_3802",2,115,57.50,57.50,14,101
"Compare_File_616",2,115,57.50,57.50,55,60
"Compare_File_1585",2,115,57.50,57.50,23,92
"Compare_File_3280",2,115,57.50,57.50,52,63
"Compare_File_894",2,114,57.00,57.00,11,103
"Compare_File_2079",2,114,57.00,57.00,18,96
"Compare_File_799",2,114,57.00,57.00,55,59
"Compare_File_1956",2,114,57.00,57.00,34,80
"Compare_File_1926",2,114,57.00,57.00,25,89
"Compare_File_1512",2,114,57.00,57.00,30,84
"Compare_File_2550",2,114,57.00,57.00,10,104
"Compare_File_397",2,114,57.00,57.00,50,64
"Compare_File_1586",2,114,57.00,57.00,26,88
"Compare_File_356",2,114,57.00,57.00,29,85
"Compare_File_3043",2,114,57.00,57.00,24,90
"Compare_File_1476",2,114,57.00,57.00,13,101
"Compare_File_1972",2,114,57.00,57.00,27,87
"Compare_File_1142",2,114,57.00,57.00,25,89
"Compare_File_3295",2,114,57.00,57.00,44,70
"Compare_File_3998",2,114,57.00,57.00,54,60
"Compare_File_567",2,114,57.00,57.00,7,107
"Compare_File_3220",2,114,57.00,57.00,38,76
"Compare_File_3200",2,114,57.00,57.00,51,63
"Compare_File_2055",2,113,56.50,56.50,46,67
"Compare_File_2080",2,113,56.50,56.50,23,90
"Compare_File_633",2,113,56.50,56.50,31,82
"Compare_File_1522",2,113,56.50,56.50,20,93
"Compare_File_1173",2,113,56.50,56.50,32,81
"Compare_File_2439",2,113,56.50,56.50,26,87
"Compare_File_1592",2,113,56.50,56.50,31,82
"Compare_File_349",2,113,56.50,56.50,41,72
"Compare_File_3035",2,113,56.50,56.50,21,92
"Compare_File_1914",2,113,56.50,56.50,38,75
"Compare_File_1164",2,113,56.50,56.50,21,92
"Compare_File_527",2,113,56.50,56.50,33,80
"Compare_File_2527",2,113,56.50,56.50,11,102
"Compare_File_2013",2,113,56.50,56.50,44,69
"Compare_File_2684",2,113,56.50,56.50,35,78
"Compare_File_1492",2,113,56.50,56.50,47,66
"Compare_File_2913",2,113,56.50,56.50,20,93
"Compare_File_2427",2,113,56.50,56.50,27,86
"Compare_File_2332",2,112,56.00,56.00,50,62
"Compare_File_695",2,112,56.00,56.00,42,70
"Compare_File_584",2,112,56.00,56.00,38,74
"Compare_File_3829",2,112,56.00,56.00,13,99
"Compare_File_1896",2,112,56.00,56.00,47,65
"Compare_File_2584",2,112,56.00,56.00,15,97
"Compare_File_182",2,112,56.00,56.00,35,77
"Compare_File_1084",2,112,56.00,56.00,31,81
"Compare_File_131",2,112,56.00,56.00,15,97
"Compare_File_2242",2,112,56.00,56.00,16,96
"Compare_File_958",2,112,56.00,56.00,55,57
"Compare_File_2523",2,112,56.00,56.00,22,90
"Compare_File_597",2,112,56.00,56.00,42,70
"Compare_File_696",2,111,55.50,55.50,54,57
"Compare_File_3254",2,111,55.50,55.50,11,100
"Compare_File_651",2,111,55.50,55.50,15,96
"Compare_File_773",2,111,55.50,55.50,47,64
"Compare_File_2877",2,111,55.50,55.50,29,82
"Compare_File_1912",2,111,55.50,55.50,39,72
"Compare_File_487",2,111,55.50,55.50,32,79
"Compare_File_1258",2,111,55.50,55.50,36,75
"Compare_File_2278",2,111,55.50,55.50,16,95
"Compare_File_2411",2,111,55.50,55.50,27,84
"Compare_File_3940",2,111,55.50,55.50,16,95
"Compare_File_801",2,111,55.50,55.50,51,60
"Compare_File_779",2,111,55.50,55.50,50,61
"Compare_File_1041",2,111,55.50,55.50,49,62
"Compare_File_959",2,111,55.50,55.50,53,58
"Compare_File_589",2,111,55.50,55.50,44,67
"Compare_File_3249",2,111,55.50,55.50,27,84
"Compare_File_1827",2,111,55.50,55.50,54,57
"Compare_File_3307",2,111,55.50,55.50,38,73
"Compare_File_3735",2,111,55.50,55.50,6,105
"Compare_File_3763",2,111,55.50,55.50,12,99
"Compare_File_1495",2,111,55.50,55.50,21,90
"Compare_File_2007",2,111,55.50,55.50,23,88
"Compare_File_475",2,111,55.50,55.50,35,76
"Compare_File_2619",2,110,55.00,55.00,39,71
"Compare_File_537",2,110,55.00,55.00,50,60
"Compare_File_3318",2,110,55.00,55.00,39,71
"Compare_File_892",2,110,55.00,55.00,11,99
"Compare_File_1141",2,110,55.00,55.00,29,81
"Compare_File_307",2,109,54.50,54.50,22,87
"Compare_File_1976",2,109,54.50,54.50,22,87
"Compare_File_662",2,109,54.50,54.50,30,79
"Compare_File_366",2,109,54.50,54.50,10,99
"Compare_File_2312",2,109,54.50,54.50,21,88
"Compare_File_1656",2,109,54.50,54.50,38,71
"Compare_File_550",2,109,54.50,54.50,52,57
"Compare_File_2570",2,109,54.50,54.50,34,75
"Compare_File_3987",2,109,54.50,54.50,46,63
"Compare_File_3150",2,109,54.50,54.50,36,73
"Compare_File_1605",2,109,54.50,54.50,11,98
"Compare_File_419",2,109,54.50,54.50,17,92
"Compare_File_3985",2,109,54.50,54.50,18,91
"Compare_File_2152",2,109,54.50,54.50,13,96
"Compare_File_2668",2,109,54.50,54.50,25,84
"Compare_File_1798",2,109,54.50,54.50,26,83
"Compare_File_2979",2,109,54.50,54.50,49,60
"Compare_File_558",2,109,54.50,54.50,17,92
"Compare_File_1170",2,109,54.50,54.50,21,88
"Compare_File_716",2,109,54.50,54.50,25,84
"Compare_File_2681",2,109,54.50,54.50,18,91
"Compare_File_3392",2,109,54.50,54.50,8,101
"Compare_File_1940",2,109,54.50,54.50,33,76
"Compare_File_1935",2,109,54.50,54.50,28,81
"Compare_File_3738",2,108,54.00,54.00,17,91
"Compare_File_3983",2,108,54.00,54.00,26,82
"Compare_File_1805",2,108,54.00,54.00,23,85
"Compare_File_898",2,108,54.00,54.00,16,92
"Compare_File_3496",2,108,54.00,54.00,32,76
"Compare_File_3455",2,108,54.00,54.00,32,76
"Compare_File_1921",2,108,54.00,54.00,22,86
"Compare_File_2934",2,108,54.00,54.00,32,76
"Compare_File_3352",2,108,54.00,54.00,49,59
"Compare_File_3637",2,108,54.00,54.00,45,63
"Compare_File_404",2,108,54.00,54.00,25,83
"Compare_File_967",2,108,54.00,54.00,47,61
"Compare_File_1400",2,107,53.50,53.50,10,97
"Compare_File_1790",2,107,53.50,53.50,21,86
"Compare_File_1004",2,107,53.50,53.50,37,70
"Compare_File_3789",2,107,53.50,53.50,23,84
"Compare_File_2796",2,107,53.50,53.50,23,84
"Compare_File_2369",2,107,53.50,53.50,50,57
"Compare_File_1239",2,107,53.50,53.50,20,87
"Compare_File_2249",2,107,53.50,53.50,35,72
"Compare_File_3544",2,107,53.50,53.50,20,87
"Compare_File_1803",2,107,53.50,53.50,27,80
"Compare_File_3723",2,107,53.50,53.50,36,71
"Compare_File_328",2,107,53.50,53.50,32,75
"Compare_File_478",2,107,53.50,53.50,53,54
"Compare_File_2010",2,107,53.50,53.50,45,62
"Compare_File_3190",2,107,53.50,53.50,23,84
"Compare_File_2892",2,107,53.50,53.50,13,94
"Compare_File_1816",2,107,53.50,53.50,30,77
"Compare_File_3208",2,107,53.50,53.50,34,73
"Compare_File_667",2,106,53.00,53.00,25,81
"Compare_File_3535",2,106,53.00,53.00,37,69
"Compare_File_2368",2,106,53.00,53.00,31,75
"Compare_File_625",2,106,53.00,53.00,13,93
"Compare_File_2304",2,106,53.00,53.00,35,71
"Compare_File_2791",2,106,53.00,53.00,30,76
"Compare_File_2111",2,106,53.00,53.00,28,78
"Compare_File_354",2,106,53.00,53.00,33,73
"Compare_File_2418",2,106,53.00,53.00,19,87
"Compare_File_943",2,106,53.00,53.00,48,58
"Compare_File_1929",2,106,53.00,53.00,23,83
"Compare_File_2966",2,106,53.00,53.00,29,77
"Compare_File_714",2,106,53.00,53.00,52,54
"Compare_File_2622",2,106,53.00,53.00,26,80
"Compare_File_3661",2,106,53.00,53.00,32,74
"Compare_File_619",2,106,53.00,53.00,52,54
"Compare_File_2991",2,105,52.50,52.50,34,71
"Compare_File_309",2,105,52.50,52.50,39,66
"Compare_File_1963",2,105,52.50,52.50,50,55
"Compare_File_2505",2,105,52.50,52.50,46,59
"Compare_File_1090",2,105,52.50,52.50,36,69
"Compare_File_899",2,105,52.50,52.50,12,93
"Compare_File_2417",2,105,52.50,52.50,22,83
"Compare_File_895",2,105,52.50,52.50,20,85
"Compare_File_1317",2,105,52.50,52.50,37,68
"Compare_File_1864",2,105,52.50,52.50,51,54
"Compare_File_1784",2,105,52.50,52.50,24,81
"Compare_File_341",2,105,52.50,52.50,15,90
"Compare_File_3516",2,104,52.00,52.00,34,70
"Compare_File_1708",2,104,52.00,52.00,30,74
"Compare_File_2580",2,104,52.00,52.00,41,63
"Compare_File_1488",2,104,52.00,52.00,19,85
"Compare_File_3267",2,104,52.00,52.00,50,54
"Compare_File_557",2,104,52.00,52.00,13,91
"Compare_File_3635",2,104,52.00,52.00,50,54
"Compare_File_2452",2,104,52.00,52.00,52,52
"Compare_File_524",2,104,52.00,52.00,9,95
"Compare_File_3653",2,104,52.00,52.00,51,53
"Compare_File_1544",2,104,52.00,52.00,39,65
"Compare_File_172",2,103,51.50,51.50,43,60
"Compare_File_3103",2,103,51.50,51.50,16,87
"Compare_File_2054",2,103,51.50,51.50,22,81
"Compare_File_2060",2,103,51.50,51.50,11,92
"Compare_File_3747",2,103,51.50,51.50,38,65
"Compare_File_2423",2,103,51.50,51.50,43,60
"Compare_File_1044",2,103,51.50,51.50,23,80
"Compare_File_3068",2,103,51.50,51.50,22,81
"Compare_File_733",2,103,51.50,51.50,46,57
"Compare_File_2168",2,103,51.50,51.50,31,72
"Compare_File_1996",2,103,51.50,51.50,25,78
"Compare_File_2064",2,103,51.50,51.50,41,62
"Compare_File_2451",2,103,51.50,51.50,47,56
"Compare_File_2140",2,103,51.50,51.50,13,90
"Compare_File_3605",2,103,51.50,51.50,46,57
"Compare_File_3836",2,102,51.00,51.00,41,61
"Compare_File_529",2,102,51.00,51.00,51,51
"Compare_File_144",2,102,51.00,51.00,9,93
"Compare_File_1102",2,102,51.00,51.00,21,81
"Compare_File_704",2,102,51.00,51.00,33,69
"Compare_File_1858",2,102,51.00,51.00,8,94
"Compare_File_1247",2,102,51.00,51.00,41,61
"Compare_File_1303",2,102,51.00,51.00,9,93
"Compare_File_508",2,102,51.00,51.00,33,69
"Compare_File_1985",2,101,50.50,50.50,42,59
"Compare_File_1930",2,101,50.50,50.50,22,79
"Compare_File_2742",2,101,50.50,50.50,39,62
"Compare_File_3900",2,101,50.50,50.50,8,93
"Compare_File_3317",2,101,50.50,50.50,35,66
"Compare_File_3549",2,101,50.50,50.50,22,79
"Compare_File_2379",2,101,50.50,50.50,26,75
"Compare_File_3055",2,101,50.50,50.50,28,73
"Compare_File_3209",2,101,50.50,50.50,17,84
"Compare_File_180",2,101,50.50,50.50,41,60
"Compare_File_3245",2,101,50.50,50.50,47,54
"Compare_File_2296",2,101,50.50,50.50,25,76
"Compare_File_421",2,101,50.50,50.50,45,56
"Compare_File_2186",2,101,50.50,50.50,25,76
"Compare_File_3701",2,101,50.50,50.50,35,66
"Compare_File_2529",2,101,50.50,50.50,16,85
"Compare_File_757",2,101,50.50,50.50,50,51
"Compare_File_1470",2,101,50.50,50.50,27,74
"Compare_File_3906",2,101,50.50,50.50,13,88
"Compare_File_412",2,101,50.50,50.50,29,72
"Compare_File_2189",2,101,50.50,50.50,22,79
"Compare_File_1881",2,101,50.50,50.50,18,83
"Compare_File_2900",2,101,50.50,50.50,21,80
"Compare_File_2755",2,101,50.50,50.50,10,91
"Compare_File_621",2,101,50.50,50.50,9,92
"Compare_File_2688",2,100,50.00,50.00,27,73
"Compare_File_319",2,100,50.00,50.00,14,86
"Compare_File_489",2,100,50.00,50.00,47,53
"Compare_File_3309",2,100,50.00,50.00,30,70
"Compare_File_1529",2,100,50.00,50.00,17,83
"Compare_File_1137",2,100,50.00,50.00,20,80
"Compare_File_3107",2,100,50.00,50.00,37,63
"Compare_File_1795",2,100,50.00,50.00,27,73
"Compare_File_3041",2,99,49.50,49.50,26,73
"Compare_File_3722",2,99,49.50,49.50,45,54
"Compare_File_847",2,99,49.50,49.50,38,61
"Compare_File_416",2,99,49.50,49.50,33,66
"Compare_File_2299",2,99,49.50,49.50,27,72
"Compare_File_2623",2,99,49.50,49.50,24,75
"Compare_File_653",2,99,49.50,49.50,12,87
"Compare_File_1645",2,99,49.50,49.50,16,83
"Compare_File_1576",2,99,49.50,49.50,18,81
"Compare_File_1300",2,99,49.50,49.50,12,87
"Compare_File_2314",2,99,49.50,49.50,42,57
"Compare_File_1741",2,99,49.50,49.50,18,81
"Compare_File_780",2,99,49.50,49.50,49,50
"Compare_File_2014",2,99,49.50,49.50,43,56
"Compare_File_2285",2,99,49.50,49.50,24,75
"Compare_File_3497",2,99,49.50,49.50,23,76
"Compare_File_3362",2,99,49.50,49.50,31,68
"Compare_File_2575",2,98,49.00,49.00,47,51
"Compare_File_330",2,98,49.00,49.00,43,55
"Compare_File_1550",2,98,49.00,49.00,21,77
"Compare_File_331",2,98,49.00,49.00,47,51
"Compare_File_761",2,98,49.00,49.00,48,50
"Compare_File_3883",2,98,49.00,49.00,17,81
"Compare_File_3442",2,98,49.00,49.00,16,82
"Compare_File_1922",2,98,49.00,49.00,31,67
"Compare_File_3519",2,98,49.00,49.00,35,63
"Compare_File_3359",2,98,49.00,49.00,30,68
"Compare_File_3981",2,98,49.00,49.00,14,84
"Compare_File_1714",2,98,49.00,49.00,22,76
"Compare_File_179",2,97,48.50,48.50,15,82
"Compare_File_3928",2,97,48.50,48.50,34,63
"Compare_File_3101",2,97,48.50,48.50,10,87
"Compare_File_568",2,97,48.50,48.50,14,83
"Compare_File_1437",2,97,48.50,48.50,32,65
"Compare_File_1749",2,97,48.50,48.50,14,83
"Compare_File_1786",2,97,48.50,48.50,20,77
"Compare_File_3195",2,97,48.50,48.50,26,71
"Compare_File_1591",2,97,48.50,48.50,26,71
"Compare_File_1665",2,97,48.50,48.50,23,74
"Compare_File_3790",2,97,48.50,48.50,11,86
"Compare_File_1553",2,97,48.50,48.50,27,70
"Compare_File_3514",2,97,48.50,48.50,30,67
"Compare_File_1937",2,97,48.50,48.50,33,64
"Compare_File_2789",2,97,48.50,48.50,41,56
"Compare_File_411",2,97,48.50,48.50,26,71
"Compare_File_526",2,97,48.50,48.50,38,59
"Compare_File_1273",2,97,48.50,48.50,39,58
"Compare_File_2081",2,96,48.00,48.00,19,77
"Compare_File_3243",2,96,48.00,48.00,37,59
"Compare_File_1108",2,96,48.00,48.00,20,76
"Compare_File_3050",2,96,48.00,48.00,45,51
"Compare_File_337",2,96,48.00,48.00,36,60
"Compare_File_1673",2,96,48.00,48.00,21,75
"Compare_File_3405",2,96,48.00,48.00,35,61
"Compare_File_3559",2,96,48.00,48.00,35,61
"Compare_File_3143",2,96,48.00,48.00,21,75
"Compare_File_723",2,96,48.00,48.00,15,81
"Compare_File_2223",2,96,48.00,48.00,16,80
"Compare_File_3704",2,96,48.00,48.00,47,49
"Compare_File_1294",2,96,48.00,48.00,17,79
"Compare_File_2297",2,96,48.00,48.00,20,76
"Compare_File_1079",2,96,48.00,48.00,39,57
"Compare_File_2551",2,96,48.00,48.00,10,86
"Compare_File_1615",2,96,48.00,48.00,33,63
"Compare_File_3365",2,95,47.50,47.50,17,78
"Compare_File_3000",2,95,47.50,47.50,20,75
"Compare_File_402",2,95,47.50,47.50,45,50
"Compare_File_2004",2,95,47.50,47.50,34,61
"Compare_File_3450",2,95,47.50,47.50,13,82
"Compare_File_362",2,95,47.50,47.50,14,81
"Compare_File_1917",2,95,47.50,47.50,32,63
"Compare_File_3144",2,95,47.50,47.50,18,77
"Compare_File_2545",2,95,47.50,47.50,27,68
"Compare_File_3252",2,95,47.50,47.50,44,51
"Compare_File_484",2,95,47.50,47.50,7,88
"Compare_File_1750",2,95,47.50,47.50,12,83
"Compare_File_305",2,95,47.50,47.50,40,55
"Compare_File_603",2,95,47.50,47.50,40,55
"Compare_File_855",2,95,47.50,47.50,38,57
"Compare_File_2909",2,94,47.00,47.00,21,73
"Compare_File_1379",2,94,47.00,47.00,19,75
"Compare_File_1144",2,94,47.00,47.00,24,70
"Compare_File_2510",2,94,47.00,47.00,23,71
"Compare_File_2982",2,94,47.00,47.00,45,49
"Compare_File_3177",2,94,47.00,47.00,14,80
"Compare_File_803",2,94,47.00,47.00,38,56
"Compare_File_1162",2,94,47.00,47.00,18,76
"Compare_File_3550",2,94,47.00,47.00,18,76
"Compare_File_1936",2,94,47.00,47.00,27,67
"Compare_File_1916",2,94,47.00,47.00,25,69
"Compare_File_2655",2,94,47.00,47.00,26,68
"Compare_File_3049",2,94,47.00,47.00,35,59
"Compare_File_3649",2,94,47.00,47.00,25,69
"Compare_File_1716",2,94,47.00,47.00,23,71
"Compare_File_3871",2,93,46.50,46.50,10,83
"Compare_File_610",2,93,46.50,46.50,38,55
"Compare_File_3515",2,93,46.50,46.50,38,55
"Compare_File_1669",2,93,46.50,46.50,19,74
"Compare_File_2520",2,93,46.50,46.50,13,80
"Compare_File_2214",2,93,46.50,46.50,15,78
"Compare_File_3647",2,93,46.50,46.50,21,72
"Compare_File_2211",2,93,46.50,46.50,26,67
"Compare_File_3017",2,93,46.50,46.50,19,74
"Compare_File_1344",2,93,46.50,46.50,11,82
"Compare_File_2305",2,93,46.50,46.50,28,65
"Compare_File_2103",2,93,46.50,46.50,25,68
"Compare_File_2050",2,93,46.50,46.50,14,79
"Compare_File_3785",2,93,46.50,46.50,14,79
"Compare_File_3641",2,93,46.50,46.50,28,65
"Compare_File_1861",2,93,46.50,46.50,14,79
"Compare_File_3899",2,93,46.50,46.50,17,76
"Compare_File_3279",2,92,46.00,46.00,22,70
"Compare_File_2556",2,92,46.00,46.00,26,66
"Compare_File_669",2,92,46.00,46.00,28,64
"Compare_File_2967",2,92,46.00,46.00,20,72
"Compare_File_3468",2,92,46.00,46.00,41,51
"Compare_File_3196",2,92,46.00,46.00,26,66
"Compare_File_3141",2,92,46.00,46.00,20,72
"Compare_File_1934",2,92,46.00,46.00,25,67
"Compare_File_2942",2,92,46.00,46.00,19,73
"Compare_File_1491",2,92,46.00,46.00,34,58
"Compare_File_2854",2,92,46.00,46.00,33,59
"Compare_File_2279",2,92,46.00,46.00,45,47
"Compare_File_3153",2,92,46.00,46.00,42,50
"Compare_File_2387",2,92,46.00,46.00,44,48
"Compare_File_3670",2,92,46.00,46.00,39,53
"Compare_File_1685",2,92,46.00,46.00,24,68
"Compare_File_1802",2,91,45.50,45.50,21,70
"Compare_File_2886",2,91,45.50,45.50,19,72
"Compare_File_3204",2,91,45.50,45.50,18,73
"Compare_File_2146",2,91,45.50,45.50,14,77
"Compare_File_187",2,91,45.50,45.50,16,75
"Compare_File_2981",2,91,45.50,45.50,35,56
"Compare_File_1835",2,91,45.50,45.50,26,65
"Compare_File_2634",2,91,45.50,45.50,41,50
"Compare_File_1413",2,91,45.50,45.50,23,68
"Compare_File_666",2,91,45.50,45.50,12,79
"Compare_File_590",2,91,45.50,45.50,44,47
"Compare_File_1256",2,91,45.50,45.50,24,67
"Compare_File_1244",2,90,45.00,45.00,25,65
"Compare_File_2809",2,90,45.00,45.00,37,53
"Compare_File_504",2,90,45.00,45.00,12,78
"Compare_File_3567",2,90,45.00,45.00,25,65
"Compare_File_945",2,90,45.00,45.00,28,62
"Compare_File_2112",2,90,45.00,45.00,29,61
"Compare_File_2222",2,90,45.00,45.00,10,80
"Compare_File_1957",2,90,45.00,45.00,25,65
"Compare_File_3173",2,90,45.00,45.00,16,74
"Compare_File_3412",2,90,45.00,45.00,16,74
"Compare_File_2960",2,89,44.50,44.50,14,75
"Compare_File_3977",2,89,44.50,44.50,12,77
"Compare_File_1927",2,89,44.50,44.50,33,56
"Compare_File_1381",2,89,44.50,44.50,43,46
"Compare_File_2903",2,89,44.50,44.50,34,55
"Compare_File_2172",2,89,44.50,44.50,36,53
"Compare_File_2975",2,89,44.50,44.50,42,47
"Compare_File_3994",2,89,44.50,44.50,37,52
"Compare_File_3315",2,89,44.50,44.50,24,65
"Compare_File_1599",2,89,44.50,44.50,21,68
"Compare_File_2076",2,89,44.50,44.50,16,73
"Compare_File_1913",2,89,44.50,44.50,30,59
"Compare_File_2920",2,89,44.50,44.50,23,66
"Compare_File_3389",2,89,44.50,44.50,38,51
"Compare_File_1245",2,89,44.50,44.50,25,64
"Compare_File_3997",2,89,44.50,44.50,41,48
"Compare_File_2741",2,88,44.00,44.00,29,59
"Compare_File_2187",2,88,44.00,44.00,19,69
"Compare_File_3872",2,88,44.00,44.00,15,73
"Compare_File_3755",2,88,44.00,44.00,16,72
"Compare_File_2093",2,88,44.00,44.00,28,60
"Compare_File_2400",2,88,44.00,44.00,14,74
"Compare_File_2250",2,88,44.00,44.00,26,62
"Compare_File_1243",2,88,44.00,44.00,20,68
"Compare_File_2091",2,88,44.00,44.00,20,68
"Compare_File_3708",2,88,44.00,44.00,10,78
"Compare_File_1892",2,88,44.00,44.00,31,57
"Compare_File_2318",2,88,44.00,44.00,26,62
"Compare_File_3791",2,88,44.00,44.00,9,79
"Compare_File_3993",2,88,44.00,44.00,30,58
"Compare_File_1229",2,88,44.00,44.00,31,57
"Compare_File_595",2,88,44.00,44.00,42,46
"Compare_File_2908",2,88,44.00,44.00,41,47
"Compare_File_737",2,87,43.50,43.50,15,72
"Compare_File_3980",2,87,43.50,43.50,13,74
"Compare_File_2453",2,87,43.50,43.50,29,58
"Compare_File_2024",2,87,43.50,43.50,37,50
"Compare_File_1799",2,87,43.50,43.50,22,65
"Compare_File_3478",2,87,43.50,43.50,23,64
"Compare_File_168",2,87,43.50,43.50,12,75
"Compare_File_1634",2,87,43.50,43.50,33,54
"Compare_File_2673",2,87,43.50,43.50,24,63
"Compare_File_2421",2,87,43.50,43.50,43,44
"Compare_File_2977",2,87,43.50,43.50,38,49
"Compare_File_3839",2,87,43.50,43.50,12,75
"Compare_File_178",2,87,43.50,43.50,21,66
"Compare_File_3978",2,87,43.50,43.50,12,75
"Compare_File_2680",2,87,43.50,43.50,22,65
"Compare_File_371",2,86,43.00,43.00,12,74
"Compare_File_2105",2,86,43.00,43.00,21,65
"Compare_File_365",2,86,43.00,43.00,11,75
"Compare_File_3792",2,86,43.00,43.00,25,61
"Compare_File_3469",2,86,43.00,43.00,40,46
"Compare_File_2298",2,86,43.00,43.00,23,63
"Compare_File_2056",2,86,43.00,43.00,39,47
"Compare_File_703",2,86,43.00,43.00,21,65
"Compare_File_2139",2,86,43.00,43.00,12,74
"Compare_File_506",2,86,43.00,43.00,34,52
"Compare_File_3244",2,86,43.00,43.00,32,54
"Compare_File_668",2,86,43.00,43.00,11,75
"Compare_File_2203",2,86,43.00,43.00,10,76
"Compare_File_680",2,86,43.00,43.00,34,52
"Compare_File_199",2,86,43.00,43.00,30,56
"Compare_File_1323",2,86,43.00,43.00,22,64
"Compare_File_1773",2,86,43.00,43.00,18,68
"Compare_File_856",2,86,43.00,43.00,30,56
"Compare_File_359",2,86,43.00,43.00,24,62
"Compare_File_3979",2,86,43.00,43.00,17,69
"Compare_File_1876",2,86,43.00,43.00,12,74
"Compare_File_3358",2,85,42.50,42.50,23,62
"Compare_File_3630",2,85,42.50,42.50,18,67
"Compare_File_2561",2,85,42.50,42.50,17,68
"Compare_File_513",2,85,42.50,42.50,34,51
"Compare_File_2315",2,85,42.50,42.50,27,58
"Compare_File_3311",2,85,42.50,42.50,33,52
"Compare_File_2480",2,85,42.50,42.50,26,59
"Compare_File_1500",2,85,42.50,42.50,24,61
"Compare_File_564",2,85,42.50,42.50,14,71
"Compare_File_582",2,85,42.50,42.50,37,48
"Compare_File_2740",2,85,42.50,42.50,20,65
"Compare_File_3394",2,85,42.50,42.50,26,59
"Compare_File_2002",2,85,42.50,42.50,36,49
"Compare_File_2319",2,85,42.50,42.50,26,59
"Compare_File_3756",2,85,42.50,42.50,32,53
"Compare_File_3520",2,85,42.50,42.50,39,46
"Compare_File_2552",2,85,42.50,42.50,23,62
"Compare_File_3592",2,85,42.50,42.50,29,56
"Compare_File_1952",2,85,42.50,42.50,26,59
"Compare_File_2402",2,85,42.50,42.50,18,67
"Compare_File_1825",2,84,42.00,42.00,29,55
"Compare_File_1717",2,84,42.00,42.00,23,61
"Compare_File_563",2,84,42.00,42.00,13,71
"Compare_File_2230",2,84,42.00,42.00,40,44
"Compare_File_2141",2,84,42.00,42.00,11,73
"Compare_File_522",2,84,42.00,42.00,13,71
"Compare_File_2393",2,84,42.00,42.00,39,45
"Compare_File_3719",2,84,42.00,42.00,25,59
"Compare_File_1626",2,84,42.00,42.00,20,64
"Compare_File_3054",2,84,42.00,42.00,38,46
"Compare_File_3506",2,84,42.00,42.00,19,65
"Compare_File_164",2,84,42.00,42.00,18,66
"Compare_File_1824",2,84,42.00,42.00,30,54
"Compare_File_3982",2,84,42.00,42.00,22,62
"Compare_File_2090",2,84,42.00,42.00,31,53
"Compare_File_600",2,84,42.00,42.00,13,71
"Compare_File_3712",2,84,42.00,42.00,12,72
"Compare_File_2509",2,84,42.00,42.00,29,55
"Compare_File_515",2,84,42.00,42.00,12,72
"Compare_File_3933",2,83,41.50,41.50,38,45
"Compare_File_1174",2,83,41.50,41.50,22,61
"Compare_File_2360",2,83,41.50,41.50,15,68
"Compare_File_661",2,83,41.50,41.50,15,68
"Compare_File_593",2,83,41.50,41.50,41,42
"Compare_File_3624",2,83,41.50,41.50,12,71
"Compare_File_2404",2,83,41.50,41.50,32,51
"Compare_File_3754",2,83,41.50,41.50,14,69
"Compare_File_1297",2,83,41.50,41.50,36,47
"Compare_File_3009",2,83,41.50,41.50,31,52
"Compare_File_347",2,83,41.50,41.50,9,74
"Compare_File_1098",2,83,41.50,41.50,35,48
"Compare_File_2042",2,83,41.50,41.50,12,71
"Compare_File_1579",2,82,41.00,41.00,22,60
"Compare_File_1981",2,82,41.00,41.00,32,50
"Compare_File_2085",2,82,41.00,41.00,24,58
"Compare_File_1565",2,82,41.00,41.00,20,62
"Compare_File_2682",2,82,41.00,41.00,36,46
"Compare_File_1302",2,82,41.00,41.00,39,43
"Compare_File_2375",2,82,41.00,41.00,11,71
"Compare_File_3561",2,82,41.00,41.00,40,42
"Compare_File_2978",2,82,41.00,41.00,38,44
"Compare_File_1655",2,82,41.00,41.00,36,46
"Compare_File_3806",2,82,41.00,41.00,31,51
"Compare_File_417",2,82,41.00,41.00,15,67
"Compare_File_2933",2,82,41.00,41.00,40,42
"Compare_File_734",2,82,41.00,41.00,18,64
"Compare_File_422",2,82,41.00,41.00,39,43
"Compare_File_2492",2,81,40.50,40.50,28,53
"Compare_File_1982",2,81,40.50,40.50,36,45
"Compare_File_615",2,81,40.50,40.50,25,56
"Compare_File_3602",2,81,40.50,40.50,12,69
"Compare_File_1307",2,81,40.50,40.50,20,61
"Compare_File_3663",2,81,40.50,40.50,28,53
"Compare_File_2371",2,81,40.50,40.50,22,59
"Compare_File_1532",2,81,40.50,40.50,28,53
"Compare_File_2701",2,81,40.50,40.50,26,55
"Compare_File_3212",2,81,40.50,40.50,38,43
"Compare_File_2910",2,81,40.50,40.50,26,55
"Compare_File_3716",2,81,40.50,40.50,10,71
"Compare_File_916",2,81,40.50,40.50,13,68
"Compare_File_3363",2,81,40.50,40.50,24,57
"Compare_File_2574",2,81,40.50,40.50,33,48
"Compare_File_3776",2,81,40.50,40.50,30,51
"Compare_File_2794",2,81,40.50,40.50,40,41
"Compare_File_3956",2,81,40.50,40.50,15,66
"Compare_File_2176",2,81,40.50,40.50,24,57
"Compare_File_3673",2,81,40.50,40.50,28,53
"Compare_File_3996",2,81,40.50,40.50,32,49
"Compare_File_676",2,81,40.50,40.50,17,64
"Compare_File_3211",2,81,40.50,40.50,12,69
"Compare_File_1496",2,80,40.00,40.00,22,58
"Compare_File_2256",2,80,40.00,40.00,37,43
"Compare_File_2563",2,80,40.00,40.00,37,43
"Compare_File_471",2,80,40.00,40.00,12,68
"Compare_File_3470",2,80,40.00,40.00,37,43
"Compare_File_1617",2,80,40.00,40.00,32,48
"Compare_File_2381",2,80,40.00,40.00,12,68
"Compare_File_1224",2,80,40.00,40.00,40,40
"Compare_File_2501",2,80,40.00,40.00,35,45
"Compare_File_2588",2,80,40.00,40.00,22,58
"Compare_File_1807",2,80,40.00,40.00,34,46
"Compare_File_3310",2,80,40.00,40.00,28,52
"Compare_File_3896",2,80,40.00,40.00,35,45
"Compare_File_601",2,80,40.00,40.00,12,68
"Compare_File_3545",2,80,40.00,40.00,38,42
"Compare_File_2894",2,80,40.00,40.00,35,45
"Compare_File_1890",2,80,40.00,40.00,17,63
"Compare_File_3718",2,79,39.50,39.50,10,69
"Compare_File_1359",2,79,39.50,39.50,31,48
"Compare_File_1168",2,79,39.50,39.50,37,42
"Compare_File_1558",2,79,39.50,39.50,13,66
"Compare_File_2394",2,79,39.50,39.50,21,58
"Compare_File_2217",2,79,39.50,39.50,15,64
"Compare_File_2252",2,79,39.50,39.50,20,59
"Compare_File_1255",2,79,39.50,39.50,21,58
"Compare_File_1262",2,79,39.50,39.50,35,44
"Compare_File_3566",2,79,39.50,39.50,24,55
"Compare_File_519",2,79,39.50,39.50,11,68
"Compare_File_3558",2,79,39.50,39.50,24,55
"Compare_File_706",2,79,39.50,39.50,23,56
"Compare_File_869",2,79,39.50,39.50,11,68
"Compare_File_1580",2,79,39.50,39.50,22,57
"Compare_File_3314",2,78,39.00,39.00,24,54
"Compare_File_1249",2,78,39.00,39.00,25,53
"Compare_File_1100",2,78,39.00,39.00,23,55
"Compare_File_3042",2,78,39.00,39.00,29,49
"Compare_File_367",2,78,39.00,39.00,14,64
"Compare_File_3999",2,78,39.00,39.00,8,70
"Compare_File_2956",2,78,39.00,39.00,17,61
"Compare_File_725",2,78,39.00,39.00,27,51
"Compare_File_3439",2,78,39.00,39.00,11,67
"Compare_File_2925",2,78,39.00,39.00,20,58
"Compare_File_1248",2,78,39.00,39.00,27,51
"Compare_File_176",2,78,39.00,39.00,23,55
"Compare_File_1096",2,78,39.00,39.00,32,46
"Compare_File_1771",2,78,39.00,39.00,37,41
"Compare_File_673",2,78,39.00,39.00,11,67
"Compare_File_2040",2,77,38.50,38.50,32,45
"Compare_File_612",2,77,38.50,38.50,22,55
"Compare_File_1153",2,77,38.50,38.50,22,55
"Compare_File_1513",2,77,38.50,38.50,26,51
"Compare_File_2471",2,77,38.50,38.50,24,53
"Compare_File_2558",2,77,38.50,38.50,13,64
"Compare_File_3210",2,77,38.50,38.50,14,63
"Compare_File_2998",2,77,38.50,38.50,31,46
"Compare_File_1718",2,77,38.50,38.50,26,51
"Compare_File_2092",2,77,38.50,38.50,30,47
"Compare_File_2058",2,77,38.50,38.50,9,68
"Compare_File_2286",2,77,38.50,38.50,24,53
"Compare_File_1032",2,77,38.50,38.50,18,59
"Compare_File_2843",2,77,38.50,38.50,23,54
"Compare_File_1431",2,77,38.50,38.50,36,41
"Compare_File_3163",2,76,38.00,38.00,21,55
"Compare_File_732",2,76,38.00,38.00,18,58
"Compare_File_1689",2,76,38.00,38.00,24,52
"Compare_File_864",2,76,38.00,38.00,18,58
"Compare_File_1281",2,76,38.00,38.00,21,55
"Compare_File_650",2,76,38.00,38.00,11,65
"Compare_File_2926",2,76,38.00,38.00,25,51
"Compare_File_1722",2,76,38.00,38.00,36,40
"Compare_File_1614",2,76,38.00,38.00,38,38
"Compare_File_858",2,76,38.00,38.00,15,61
"Compare_File_1028",2,76,38.00,38.00,11,65
"Compare_File_1663",2,76,38.00,38.00,21,55
"Compare_File_2650",2,76,38.00,38.00,30,46
"Compare_File_3625",2,76,38.00,38.00,13,63
"Compare_File_741",2,76,38.00,38.00,20,56
"Compare_File_3122",2,76,38.00,38.00,29,47
"Compare_File_3078",2,76,38.00,38.00,20,56
"Compare_File_318",2,75,37.50,37.50,15,60
"Compare_File_3260",2,75,37.50,37.50,26,49
"Compare_File_3193",2,75,37.50,37.50,28,47
"Compare_File_3316",2,75,37.50,37.50,32,43
"Compare_File_2904",2,75,37.50,37.50,30,45
"Compare_File_2466",2,75,37.50,37.50,21,54
"Compare_File_3247",2,75,37.50,37.50,32,43
"Compare_File_1033",2,75,37.50,37.50,29,46
"Compare_File_2386",2,75,37.50,37.50,36,39
"Compare_File_3705",2,75,37.50,37.50,14,61
"Compare_File_1288",2,75,37.50,37.50,23,52
"Compare_File_1151",2,75,37.50,37.50,17,58
"Compare_File_1684",2,75,37.50,37.50,37,38
"Compare_File_2786",2,75,37.50,37.50,25,50
"Compare_File_1627",2,75,37.50,37.50,22,53
"Compare_File_2151",2,75,37.50,37.50,13,62
"Compare_File_1125",2,75,37.50,37.50,23,52
"Compare_File_2248",2,75,37.50,37.50,29,46
"Compare_File_3749",2,75,37.50,37.50,24,51
"Compare_File_2499",2,75,37.50,37.50,30,45
"Compare_File_2567",2,75,37.50,37.50,10,65
"Compare_File_1298",2,74,37.00,37.00,12,62
"Compare_File_670",2,74,37.00,37.00,15,59
"Compare_File_2066",2,74,37.00,37.00,15,59
"Compare_File_3639",2,74,37.00,37.00,30,44
"Compare_File_3155",2,74,37.00,37.00,11,63
"Compare_File_3294",2,74,37.00,37.00,35,39
"Compare_File_3750",2,74,37.00,37.00,14,60
"Compare_File_3398",2,74,37.00,37.00,18,56
"Compare_File_3640",2,74,37.00,37.00,34,40
"Compare_File_2339",2,74,37.00,37.00,37,37
"Compare_File_3225",2,74,37.00,37.00,13,61
"Compare_File_1260",2,74,37.00,37.00,25,49
"Compare_File_1965",2,74,37.00,37.00,30,44
"Compare_File_599",2,74,37.00,37.00,11,63
"Compare_File_1594",2,74,37.00,37.00,30,44
"Compare_File_3783",2,74,37.00,37.00,11,63
"Compare_File_342",2,74,37.00,37.00,17,57
"Compare_File_2594",2,74,37.00,37.00,12,62
"Compare_File_1525",2,73,36.50,36.50,24,49
"Compare_File_2961",2,73,36.50,36.50,20,53
"Compare_File_477",2,73,36.50,36.50,14,59
"Compare_File_3638",2,73,36.50,36.50,33,40
"Compare_File_418",2,73,36.50,36.50,26,47
"Compare_File_2348",2,73,36.50,36.50,16,57
"Compare_File_1989",2,73,36.50,36.50,12,61
"Compare_File_2912",2,73,36.50,36.50,26,47
"Compare_File_507",2,73,36.50,36.50,33,40
"Compare_File_320",2,73,36.50,36.50,34,39
"Compare_File_470",2,73,36.50,36.50,13,60
"Compare_File_3037",2,73,36.50,36.50,23,50
"Compare_File_1995",2,73,36.50,36.50,30,43
"Compare_File_1568",2,73,36.50,36.50,20,53
"Compare_File_3837",2,73,36.50,36.50,15,58
"Compare_File_2185",2,73,36.50,36.50,23,50
"Compare_File_200",2,73,36.50,36.50,29,44
"Compare_File_671",2,73,36.50,36.50,12,61
"Compare_File_3609",2,73,36.50,36.50,28,45
"Compare_File_618",2,73,36.50,36.50,18,55
"Compare_File_2797",2,73,36.50,36.50,23,50
"Compare_File_1575",2,73,36.50,36.50,20,53
"Compare_File_3838",2,73,36.50,36.50,16,57
"Compare_File_3590",2,73,36.50,36.50,32,41
"Compare_File_2441",2,72,36.00,36.00,23,49
"Compare_File_2784",2,72,36.00,36.00,14,58
"Compare_File_2462",2,72,36.00,36.00,36,36
"Compare_File_3681",2,72,36.00,36.00,19,53
"Compare_File_3908",2,72,36.00,36.00,18,54
"Compare_File_2615",2,72,36.00,36.00,26,46
"Compare_File_2108",2,72,36.00,36.00,25,47
"Compare_File_2613",2,72,36.00,36.00,10,62
"Compare_File_323",2,72,36.00,36.00,17,55
"Compare_File_1811",2,72,36.00,36.00,30,42
"Compare_File_3706",2,72,36.00,36.00,20,52
"Compare_File_728",2,72,36.00,36.00,11,61
"Compare_File_345",2,72,36.00,36.00,10,62
"Compare_File_2922",2,72,36.00,36.00,19,53
"Compare_File_1894",2,72,36.00,36.00,30,42
"Compare_File_3239",2,72,36.00,36.00,25,47
"Compare_File_352",2,72,36.00,36.00,9,63
"Compare_File_520",2,71,35.50,35.50,10,61
"Compare_File_3242",2,71,35.50,35.50,24,47
"Compare_File_2616",2,71,35.50,35.50,18,53
"Compare_File_3240",2,71,35.50,35.50,21,50
"Compare_File_2869",2,71,35.50,35.50,32,39
"Compare_File_3067",2,71,35.50,35.50,34,37
"Compare_File_360",2,71,35.50,35.50,12,59
"Compare_File_324",2,71,35.50,35.50,15,56
"Compare_File_3907",2,71,35.50,35.50,18,53
"Compare_File_1832",2,71,35.50,35.50,25,46
"Compare_File_2583",2,71,35.50,35.50,28,43
"Compare_File_1902",2,71,35.50,35.50,25,46
"Compare_File_2652",2,71,35.50,35.50,33,38
"Compare_File_2929",2,71,35.50,35.50,27,44
"Compare_File_3984",2,71,35.50,35.50,21,50
"Compare_File_1432",2,70,35.00,35.00,10,60
"Compare_File_348",2,70,35.00,35.00,17,53
"Compare_File_3960",2,70,35.00,35.00,30,40
"Compare_File_2043",2,70,35.00,35.00,19,51
"Compare_File_2760",2,70,35.00,35.00,32,38
"Compare_File_611",2,70,35.00,35.00,19,51
"Compare_File_1738",2,70,35.00,35.00,20,50
"Compare_File_317",2,70,35.00,35.00,11,59
"Compare_File_3111",2,70,35.00,35.00,10,60
"Compare_File_3761",2,70,35.00,35.00,14,56
"Compare_File_523",2,70,35.00,35.00,13,57
"Compare_File_3076",2,70,35.00,35.00,25,45
"Compare_File_2829",2,70,35.00,35.00,12,58
"Compare_File_2907",2,69,34.50,34.50,22,47
"Compare_File_1036",2,69,34.50,34.50,29,40
"Compare_File_2326",2,69,34.50,34.50,29,40
"Compare_File_2825",2,69,34.50,34.50,12,57
"Compare_File_1772",2,69,34.50,34.50,21,48
"Compare_File_3562",2,69,34.50,34.50,29,40
"Compare_File_726",2,69,34.50,34.50,23,46
"Compare_File_3720",2,69,34.50,34.50,13,56
"Compare_File_518",2,69,34.50,34.50,12,57
"Compare_File_3192",2,69,34.50,34.50,34,35
"Compare_File_1569",2,69,34.50,34.50,22,47
"Compare_File_1425",2,69,34.50,34.50,23,46
"Compare_File_2227",2,69,34.50,34.50,23,46
"Compare_File_1611",2,69,34.50,34.50,29,40
"Compare_File_2483",2,69,34.50,34.50,34,35
"Compare_File_3812",2,68,34.00,34.00,12,56
"Compare_File_2844",2,68,34.00,34.00,32,36
"Compare_File_2244",2,68,34.00,34.00,30,38
"Compare_File_1887",2,68,34.00,34.00,21,47
"Compare_File_2857",2,68,34.00,34.00,23,45
"Compare_File_2898",2,68,34.00,34.00,23,45
"Compare_File_2578",2,68,34.00,34.00,24,44
"Compare_File_3542",2,68,34.00,34.00,18,50
"Compare_File_3059",2,68,34.00,34.00,31,37
"Compare_File_3131",2,68,34.00,34.00,10,58
"Compare_File_174",2,68,34.00,34.00,25,43
"Compare_File_2472",2,68,34.00,34.00,23,45
"Compare_File_3432",2,68,34.00,34.00,11,57
"Compare_File_1719",2,68,34.00,34.00,23,45
"Compare_File_3608",2,68,34.00,34.00,23,45
"Compare_File_1607",2,68,34.00,34.00,27,41
"Compare_File_368",2,68,34.00,34.00,12,56
"Compare_File_1503",2,68,34.00,34.00,18,50
"Compare_File_3102",2,68,34.00,34.00,13,55
"Compare_File_2023",2,68,34.00,34.00,34,34
"Compare_File_3879",2,67,33.50,33.50,19,48
"Compare_File_3995",2,67,33.50,33.50,33,34
"Compare_File_1252",2,67,33.50,33.50,19,48
"Compare_File_620",2,67,33.50,33.50,11,56
"Compare_File_1331",2,67,33.50,33.50,27,40
"Compare_File_2037",2,67,33.50,33.50,17,50
"Compare_File_3621",2,67,33.50,33.50,9,58
"Compare_File_1398",2,67,33.50,33.50,27,40
"Compare_File_3880",2,67,33.50,33.50,9,58
"Compare_File_2872",2,67,33.50,33.50,25,42
"Compare_File_3715",2,67,33.50,33.50,15,52
"Compare_File_3151",2,67,33.50,33.50,14,53
"Compare_File_2229",2,67,33.50,33.50,18,49
"Compare_File_3560",2,66,33.00,33.00,20,46
"Compare_File_1841",2,66,33.00,33.00,26,40
"Compare_File_3571",2,66,33.00,33.00,23,43
"Compare_File_2953",2,66,33.00,33.00,15,51
"Compare_File_1330",2,66,33.00,33.00,26,40
"Compare_File_3858",2,66,33.00,33.00,17,49
"Compare_File_2225",2,66,33.00,33.00,15,51
"Compare_File_2287",2,66,33.00,33.00,31,35
"Compare_File_534",2,66,33.00,33.00,22,44
"Compare_File_3932",2,66,33.00,33.00,27,39
"Compare_File_2927",2,66,33.00,33.00,23,43
"Compare_File_1422",2,66,33.00,33.00,15,51
"Compare_File_1095",2,66,33.00,33.00,16,50
"Compare_File_1405",2,66,33.00,33.00,10,56
"Compare_File_170",2,66,33.00,33.00,10,56
"Compare_File_2365",2,66,33.00,33.00,31,35
"Compare_File_2548",2,66,33.00,33.00,31,35
"Compare_File_1633",2,65,32.50,32.50,30,35
"Compare_File_2238",2,65,32.50,32.50,29,36
"Compare_File_1319",2,65,32.50,32.50,9,56
"Compare_File_3114",2,65,32.50,32.50,11,54
"Compare_File_2528",2,65,32.50,32.50,30,35
"Compare_File_3964",2,65,32.50,32.50,13,52
"Compare_File_1549",2,65,32.50,32.50,15,50
"Compare_File_2193",2,65,32.50,32.50,22,43
"Compare_File_1487",2,65,32.50,32.50,27,38
"Compare_File_1474",2,64,32.00,32.00,16,48
"Compare_File_1932",2,64,32.00,32.00,21,43
"Compare_File_1788",2,64,32.00,32.00,30,34
"Compare_File_2737",2,64,32.00,32.00,14,50
"Compare_File_3713",2,64,32.00,32.00,11,53
"Compare_File_3909",2,64,32.00,32.00,11,53
"Compare_File_1415",2,64,32.00,32.00,30,34
"Compare_File_177",2,64,32.00,32.00,11,53
"Compare_File_2823",2,64,32.00,32.00,19,45
"Compare_File_2772",2,64,32.00,32.00,24,40
"Compare_File_3675",2,64,32.00,32.00,16,48
"Compare_File_490",2,64,32.00,32.00,21,43
"Compare_File_472",2,64,32.00,32.00,18,46
"Compare_File_3202",2,64,32.00,32.00,18,46
"Compare_File_3764",2,64,32.00,32.00,21,43
"Compare_File_3917",2,64,32.00,32.00,18,46
"Compare_File_730",2,63,31.50,31.50,13,50
"Compare_File_1570",2,63,31.50,31.50,22,41
"Compare_File_2226",2,63,31.50,31.50,11,52
"Compare_File_2506",2,63,31.50,31.50,13,50
"Compare_File_2993",2,63,31.50,31.50,24,39
"Compare_File_2038",2,63,31.50,31.50,11,52
"Compare_File_1730",2,63,31.50,31.50,17,46
"Compare_File_1631",2,63,31.50,31.50,29,34
"Compare_File_3036",2,63,31.50,31.50,21,42
"Compare_File_2905",2,63,31.50,31.50,27,36
"Compare_File_2871",2,63,31.50,31.50,20,43
"Compare_File_3152",2,63,31.50,31.50,10,53
"Compare_File_2827",2,63,31.50,31.50,11,52
"Compare_File_2851",2,63,31.50,31.50,24,39
"Compare_File_2410",2,63,31.50,31.50,25,38
"Compare_File_3922",2,63,31.50,31.50,16,47
"Compare_File_1357",2,63,31.50,31.50,18,45
"Compare_File_2660",2,62,31.00,31.00,17,45
"Compare_File_3954",2,62,31.00,31.00,10,52
"Compare_File_1690",2,62,31.00,31.00,10,52
"Compare_File_3671",2,62,31.00,31.00,31,31
"Compare_File_1334",2,62,31.00,31.00,12,50
"Compare_File_2887",2,62,31.00,31.00,23,39
"Compare_File_355",2,62,31.00,31.00,15,47
"Compare_File_3424",2,62,31.00,31.00,12,50
"Compare_File_729",2,62,31.00,31.00,11,51
"Compare_File_3691",2,62,31.00,31.00,16,46
"Compare_File_3001",2,62,31.00,31.00,26,36
"Compare_File_420",2,62,31.00,31.00,13,49
"Compare_File_2342",2,62,31.00,31.00,14,48
"Compare_File_736",2,62,31.00,31.00,15,47
"Compare_File_2864",2,61,30.50,30.50,16,45
"Compare_File_3401",2,61,30.50,30.50,24,37
"Compare_File_1009",2,61,30.50,30.50,13,48
"Compare_File_1644",2,61,30.50,30.50,22,39
"Compare_File_1546",2,61,30.50,30.50,29,32
"Compare_File_1104",2,61,30.50,30.50,21,40
"Compare_File_3368",2,61,30.50,30.50,23,38
"Compare_File_1254",2,61,30.50,30.50,30,31
"Compare_File_2302",2,61,30.50,30.50,23,38
"Compare_File_3682",2,61,30.50,30.50,13,48
"Compare_File_2464",2,61,30.50,30.50,23,38
"Compare_File_3016",2,61,30.50,30.50,13,48
"Compare_File_3699",2,61,30.50,30.50,20,41
"Compare_File_2373",2,61,30.50,30.50,21,40
"Compare_File_1238",2,61,30.50,30.50,12,49
"Compare_File_2974",2,61,30.50,30.50,24,37
"Compare_File_1728",2,61,30.50,30.50,27,34
"Compare_File_1438",2,60,30.00,30.00,29,31
"Compare_File_2489",2,60,30.00,30.00,29,31
"Compare_File_1257",2,60,30.00,30.00,21,39
"Compare_File_2239",2,60,30.00,30.00,17,43
"Compare_File_3306",2,60,30.00,30.00,14,46
"Compare_File_2202",2,60,30.00,30.00,12,48
"Compare_File_2383",2,60,30.00,30.00,29,31
"Compare_File_2743",2,60,30.00,30.00,29,31
"Compare_File_999",2,60,30.00,30.00,20,40
"Compare_File_1654",2,60,30.00,30.00,12,48
"Compare_File_357",2,60,30.00,30.00,14,46
"Compare_File_3911",2,60,30.00,30.00,23,37
"Compare_File_2408",2,60,30.00,30.00,27,33
"Compare_File_3819",2,60,30.00,30.00,13,47
"Compare_File_2468",2,59,29.50,29.50,26,33
"Compare_File_1418",2,59,29.50,29.50,14,45
"Compare_File_2620",2,59,29.50,29.50,20,39
"Compare_File_2435",2,59,29.50,29.50,18,41
"Compare_File_2769",2,59,29.50,29.50,15,44
"Compare_File_3676",2,59,29.50,29.50,10,49
"Compare_File_2044",2,59,29.50,29.50,13,46
"Compare_File_3015",2,59,29.50,29.50,18,41
"Compare_File_711",2,59,29.50,29.50,13,46
"Compare_File_3366",2,59,29.50,29.50,18,41
"Compare_File_2349",2,59,29.50,29.50,29,30
"Compare_File_1360",2,59,29.50,29.50,14,45
"Compare_File_525",2,59,29.50,29.50,13,46
"Compare_File_1765",2,58,29.00,29.00,23,35
"Compare_File_2762",2,58,29.00,29.00,13,45
"Compare_File_1063",2,58,29.00,29.00,21,37
"Compare_File_2828",2,58,29.00,29.00,10,48
"Compare_File_1029",2,58,29.00,29.00,15,43
"Compare_File_3840",2,58,29.00,29.00,15,43
"Compare_File_2773",2,58,29.00,29.00,11,47
"Compare_File_3674",2,58,29.00,29.00,13,45
"Compare_File_1021",2,58,29.00,29.00,19,39
"Compare_File_3014",2,58,29.00,29.00,21,37
"Compare_File_2732",2,58,29.00,29.00,13,45
"Compare_File_3356",2,58,29.00,29.00,14,44
"Compare_File_2403",2,58,29.00,29.00,14,44
"Compare_File_622",2,58,29.00,29.00,14,44
"Compare_File_2931",2,58,29.00,29.00,21,37
"Compare_File_2258",2,58,29.00,29.00,23,35
"Compare_File_308",2,58,29.00,29.00,17,41
"Compare_File_1818",2,58,29.00,29.00,27,31
"Compare_File_2687",2,58,29.00,29.00,28,30
"Compare_File_3805",2,58,29.00,29.00,19,39
"Compare_File_3191",2,58,29.00,29.00,23,35
"Compare_File_3463",2,58,29.00,29.00,22,36
"Compare_File_2428",2,58,29.00,29.00,26,32
"Compare_File_2957",2,58,29.00,29.00,21,37
"Compare_File_561",2,58,29.00,29.00,10,48
"Compare_File_3622",2,57,28.50,28.50,14,43
"Compare_File_1411",2,57,28.50,28.50,21,36
"Compare_File_1015",2,57,28.50,28.50,23,34
"Compare_File_1628",2,57,28.50,28.50,18,39
"Compare_File_3680",2,57,28.50,28.50,21,36
"Compare_File_3636",2,57,28.50,28.50,14,43
"Compare_File_3607",2,57,28.50,28.50,23,34
"Compare_File_3875",2,57,28.50,28.50,23,34
"Compare_File_505",2,57,28.50,28.50,9,48
"Compare_File_3047",2,57,28.50,28.50,10,47
"Compare_File_1436",2,57,28.50,28.50,25,32
"Compare_File_1715",2,57,28.50,28.50,27,30
"Compare_File_3623",2,57,28.50,28.50,22,35
"Compare_File_3923",2,57,28.50,28.50,12,45
"Compare_File_1337",2,57,28.50,28.50,24,33
"Compare_File_2513",2,57,28.50,28.50,23,34
"Compare_File_2274",2,57,28.50,28.50,10,47
"Compare_File_3522",2,57,28.50,28.50,22,35
"Compare_File_1980",2,57,28.50,28.50,24,33
"Compare_File_350",2,57,28.50,28.50,15,42
"Compare_File_1291",2,57,28.50,28.50,25,32
"Compare_File_3920",2,56,28.00,28.00,11,45
"Compare_File_3797",2,56,28.00,28.00,27,29
"Compare_File_2526",2,56,28.00,28.00,12,44
"Compare_File_2465",2,56,28.00,28.00,26,30
"Compare_File_3804",2,56,28.00,28.00,20,36
"Compare_File_3408",2,56,28.00,28.00,22,34
"Compare_File_1086",2,56,28.00,28.00,20,36
"Compare_File_1171",2,56,28.00,28.00,27,29
"Compare_File_2352",2,56,28.00,28.00,11,45
"Compare_File_3679",2,56,28.00,28.00,19,37
"Compare_File_3357",2,56,28.00,28.00,28,28
"Compare_File_3765",2,56,28.00,28.00,17,39
"Compare_File_1027",2,56,28.00,28.00,9,47
"Compare_File_1504",2,56,28.00,28.00,15,41
"Compare_File_2078",2,56,28.00,28.00,25,31
"Compare_File_1110",2,56,28.00,28.00,20,36
"Compare_File_1490",2,56,28.00,28.00,24,32
"Compare_File_2005",2,56,28.00,28.00,26,30
"Compare_File_3077",2,56,28.00,28.00,26,30
"Compare_File_1453",2,56,28.00,28.00,16,40
"Compare_File_1481",2,55,27.50,27.50,24,31
"Compare_File_3828",2,55,27.50,27.50,17,38
"Compare_File_2045",2,55,27.50,27.50,24,31
"Compare_File_3419",2,55,27.50,27.50,22,33
"Compare_File_3617",2,55,27.50,27.50,22,33
"Compare_File_1003",2,55,27.50,27.50,21,34
"Compare_File_735",2,54,27.00,27.00,10,44
"Compare_File_1703",2,54,27.00,27.00,15,39
"Compare_File_2063",2,54,27.00,27.00,18,36
"Compare_File_2932",2,54,27.00,27.00,26,28
"Compare_File_2059",2,54,27.00,27.00,9,45
"Compare_File_2596",2,54,27.00,27.00,23,31
"Compare_File_1347",2,54,27.00,27.00,14,40
"Compare_File_1227",2,54,27.00,27.00,23,31
"Compare_File_1598",2,54,27.00,27.00,22,32
"Compare_File_3841",2,54,27.00,27.00,10,44
"Compare_File_2832",2,54,27.00,27.00,21,33
"Compare_File_2420",2,54,27.00,27.00,25,29
"Compare_File_1547",2,54,27.00,27.00,22,32
"Compare_File_2870",2,54,27.00,27.00,27,27
"Compare_File_2646",2,54,27.00,27.00,24,30
"Compare_File_2959",2,54,27.00,27.00,19,35
"Compare_File_2221",2,53,26.50,26.50,11,42
"Compare_File_2793",2,53,26.50,26.50,25,28
"Compare_File_2547",2,53,26.50,26.50,21,32
"Compare_File_2610",2,53,26.50,26.50,10,43
"Compare_File_2478",2,53,26.50,26.50,25,28
"Compare_File_3147",2,53,26.50,26.50,26,27
"Compare_File_1253",2,53,26.50,26.50,20,33
"Compare_File_1903",2,53,26.50,26.50,25,28
"Compare_File_2272",2,53,26.50,26.50,25,28
"Compare_File_1757",2,53,26.50,26.50,20,33
"Compare_File_1416",2,53,26.50,26.50,15,38
"Compare_File_3261",2,53,26.50,26.50,18,35
"Compare_File_2880",2,53,26.50,26.50,16,37
"Compare_File_3374",2,53,26.50,26.50,22,31
"Compare_File_3760",2,53,26.50,26.50,13,40
"Compare_File_2766",2,53,26.50,26.50,22,31
"Compare_File_3288",2,53,26.50,26.50,10,43
"Compare_File_2852",2,52,26.00,26.00,12,40
"Compare_File_3422",2,52,26.00,26.00,14,38
"Compare_File_3373",2,52,26.00,26.00,15,37
"Compare_File_3551",2,52,26.00,26.00,13,39
"Compare_File_2717",2,52,26.00,26.00,18,34
"Compare_File_2841",2,52,26.00,26.00,15,37
"Compare_File_1735",2,52,26.00,26.00,24,28
"Compare_File_1231",2,52,26.00,26.00,26,26
"Compare_File_3391",2,52,26.00,26.00,17,35
"Compare_File_2693",2,52,26.00,26.00,20,32
"Compare_File_1025",2,52,26.00,26.00,13,39
"Compare_File_2763",2,52,26.00,26.00,13,39
"Compare_File_3868",2,52,26.00,26.00,25,27
"Compare_File_3029",2,52,26.00,26.00,23,29
"Compare_File_2494",2,52,26.00,26.00,24,28
"Compare_File_2497",2,52,26.00,26.00,23,29
"Compare_File_3546",2,52,26.00,26.00,21,31
"Compare_File_1559",2,52,26.00,26.00,13,39
"Compare_File_2645",2,52,26.00,26.00,19,33
"Compare_File_2434",2,51,25.50,25.50,18,33
"Compare_File_2405",2,51,25.50,25.50,19,32
"Compare_File_3507",2,51,25.50,25.50,22,29
"Compare_File_346",2,51,25.50,25.50,11,40
"Compare_File_2293",2,51,25.50,25.50,21,30
"Compare_File_3645",2,51,25.50,25.50,25,26
"Compare_File_3020",2,51,25.50,25.50,13,38
"Compare_File_1296",2,51,25.50,25.50,12,39
"Compare_File_2721",2,51,25.50,25.50,23,28
"Compare_File_2941",2,51,25.50,25.50,17,34
"Compare_File_2678",2,51,25.50,25.50,22,29
"Compare_File_2589",2,51,25.50,25.50,16,35
"Compare_File_3897",2,51,25.50,25.50,10,41
"Compare_File_3066",2,51,25.50,25.50,14,37
"Compare_File_2675",2,51,25.50,25.50,19,32
"Compare_File_3575",2,51,25.50,25.50,25,26
"Compare_File_2614",2,51,25.50,25.50,21,30
"Compare_File_3757",2,51,25.50,25.50,11,40
"Compare_File_2702",2,51,25.50,25.50,22,29
"Compare_File_3361",2,51,25.50,25.50,21,30
"Compare_File_1335",2,51,25.50,25.50,21,30
"Compare_File_2456",2,51,25.50,25.50,14,37
"Compare_File_3573",2,50,25.00,25.00,23,27
"Compare_File_2003",2,50,25.00,25.00,15,35
"Compare_File_2082",2,50,25.00,25.00,19,31
"Compare_File_1352",2,50,25.00,25.00,21,29
"Compare_File_1338",2,50,25.00,25.00,15,35
"Compare_File_2364",2,50,25.00,25.00,10,40
"Compare_File_1129",2,50,25.00,25.00,15,35
"Compare_File_2989",2,50,25.00,25.00,19,31
"Compare_File_2061",2,50,25.00,25.00,10,40
"Compare_File_1358",2,50,25.00,25.00,8,42
"Compare_File_2347",2,50,25.00,25.00,9,41
"Compare_File_1983",2,50,25.00,25.00,14,36
"Compare_File_3842",2,50,25.00,25.00,11,39
"Compare_File_1901",2,50,25.00,25.00,20,30
"Compare_File_2731",2,50,25.00,25.00,23,27
"Compare_File_2084",2,50,25.00,25.00,24,26
"Compare_File_1012",2,49,24.50,24.50,13,36
"Compare_File_1774",2,49,24.50,24.50,14,35
"Compare_File_3951",2,49,24.50,24.50,19,30
"Compare_File_2213",2,49,24.50,24.50,11,38
"Compare_File_1732",2,49,24.50,24.50,22,27
"Compare_File_3169",2,49,24.50,24.50,17,32
"Compare_File_2632",2,49,24.50,24.50,19,30
"Compare_File_1528",2,49,24.50,24.50,12,37
"Compare_File_1346",2,49,24.50,24.50,15,34
"Compare_File_2113",2,49,24.50,24.50,22,27
"Compare_File_1979",2,49,24.50,24.50,12,37
"Compare_File_2277",2,49,24.50,24.50,16,33
"Compare_File_2412",2,49,24.50,24.50,22,27
"Compare_File_2669",2,49,24.50,24.50,22,27
"Compare_File_3884",2,49,24.50,24.50,20,29
"Compare_File_3850",2,49,24.50,24.50,10,39
"Compare_File_2752",2,49,24.50,24.50,15,34
"Compare_File_3644",2,49,24.50,24.50,20,29
"Compare_File_664",2,49,24.50,24.50,9,40
"Compare_File_3367",2,49,24.50,24.50,13,36
"Compare_File_3203",2,49,24.50,24.50,16,33
"Compare_File_2863",2,49,24.50,24.50,13,36
"Compare_File_3171",2,49,24.50,24.50,10,39
"Compare_File_1618",2,49,24.50,24.50,19,30
"Compare_File_3292",2,49,24.50,24.50,14,35
"Compare_File_2181",2,49,24.50,24.50,23,26
"Compare_File_3827",2,48,24.00,24.00,16,32
"Compare_File_1884",2,48,24.00,24.00,20,28
"Compare_File_1768",2,48,24.00,24.00,21,27
"Compare_File_3807",2,48,24.00,24.00,20,28
"Compare_File_1435",2,48,24.00,24.00,17,31
"Compare_File_2237",2,48,24.00,24.00,14,34
"Compare_File_3426",2,48,24.00,24.00,21,27
"Compare_File_1672",2,48,24.00,24.00,23,25
"Compare_File_3430",2,48,24.00,24.00,15,33
"Compare_File_3165",2,48,24.00,24.00,21,27
"Compare_File_3386",2,48,24.00,24.00,13,35
"Compare_File_3578",2,48,24.00,24.00,10,38
"Compare_File_3626",2,48,24.00,24.00,16,32
"Compare_File_3160",2,48,24.00,24.00,20,28
"Compare_File_2598",2,48,24.00,24.00,16,32
"Compare_File_2336",2,48,24.00,24.00,23,25
"Compare_File_3830",2,48,24.00,24.00,8,40
"Compare_File_2180",2,48,24.00,24.00,22,26
"Compare_File_1808",2,48,24.00,24.00,21,27
"Compare_File_3420",2,48,24.00,24.00,20,28
"Compare_File_3959",2,47,23.50,23.50,18,29
"Compare_File_3162",2,47,23.50,23.50,12,35
"Compare_File_1343",2,47,23.50,23.50,13,34
"Compare_File_2759",2,47,23.50,23.50,15,32
"Compare_File_2923",2,47,23.50,23.50,19,28
"Compare_File_3936",2,47,23.50,23.50,13,34
"Compare_File_1354",2,47,23.50,23.50,12,35
"Compare_File_3360",2,47,23.50,23.50,14,33
"Compare_File_351",2,47,23.50,23.50,13,34
"Compare_File_2522",2,47,23.50,23.50,14,33
"Compare_File_2842",2,47,23.50,23.50,11,36
"Compare_File_2191",2,47,23.50,23.50,15,32
"Compare_File_2546",2,47,23.50,23.50,15,32
"Compare_File_2565",2,47,23.50,23.50,11,36
"Compare_File_1846",2,47,23.50,23.50,23,24
"Compare_File_1775",2,47,23.50,23.50,12,35
"Compare_File_3788",2,47,23.50,23.50,16,31
"Compare_File_2219",2,47,23.50,23.50,17,30
"Compare_File_3064",2,47,23.50,23.50,16,31
"Compare_File_2188",2,47,23.50,23.50,15,32
"Compare_File_3748",2,47,23.50,23.50,22,25
"Compare_File_3417",2,47,23.50,23.50,10,37
"Compare_File_2071",2,46,23.00,23.00,13,33
"Compare_File_3523",2,46,23.00,23.00,19,27
"Compare_File_1136",2,46,23.00,23.00,22,24
"Compare_File_2882",2,46,23.00,23.00,12,34
"Compare_File_3441",2,46,23.00,23.00,17,29
"Compare_File_2206",2,46,23.00,23.00,20,26
"Compare_File_2597",2,46,23.00,23.00,17,29
"Compare_File_1536",2,46,23.00,23.00,23,23
"Compare_File_3604",2,46,23.00,23.00,13,33
"Compare_File_2865",2,46,23.00,23.00,11,35
"Compare_File_2831",2,46,23.00,23.00,18,28
"Compare_File_1362",2,46,23.00,23.00,13,33
"Compare_File_1420",2,46,23.00,23.00,14,32
"Compare_File_3206",2,46,23.00,23.00,15,31
"Compare_File_3709",2,46,23.00,23.00,11,35
"Compare_File_3418",2,46,23.00,23.00,14,32
"Compare_File_1908",2,46,23.00,23.00,22,24
"Compare_File_1688",2,46,23.00,23.00,21,25
"Compare_File_3786",2,46,23.00,23.00,20,26
"Compare_File_3416",2,45,22.50,22.50,14,31
"Compare_File_2820",2,45,22.50,22.50,20,25
"Compare_File_3034",2,45,22.50,22.50,19,26
"Compare_File_1676",2,45,22.50,22.50,15,30
"Compare_File_3026",2,45,22.50,22.50,14,31
"Compare_File_3402",2,45,22.50,22.50,22,23
"Compare_File_3556",2,45,22.50,22.50,19,26
"Compare_File_3187",2,45,22.50,22.50,20,25
"Compare_File_3779",2,45,22.50,22.50,12,33
"Compare_File_1652",2,45,22.50,22.50,15,30
"Compare_File_2380",2,45,22.50,22.50,14,31
"Compare_File_1313",2,45,22.50,22.50,13,32
"Compare_File_2735",2,45,22.50,22.50,21,24
"Compare_File_1130",2,45,22.50,22.50,16,29
"Compare_File_1619",2,45,22.50,22.50,17,28
"Compare_File_1779",2,45,22.50,22.50,15,30
"Compare_File_2718",2,45,22.50,22.50,15,30
"Compare_File_2719",2,45,22.50,22.50,20,25
"Compare_File_3429",2,45,22.50,22.50,11,34
"Compare_File_3739",2,44,22.00,22.00,15,29
"Compare_File_1131",2,44,22.00,22.00,13,31
"Compare_File_3175",2,44,22.00,22.00,13,31
"Compare_File_2554",2,44,22.00,22.00,22,22
"Compare_File_2890",2,44,22.00,22.00,16,28
"Compare_File_1975",2,44,22.00,22.00,19,25
"Compare_File_1712",2,44,22.00,22.00,22,22
"Compare_File_1482",2,44,22.00,22.00,18,26
"Compare_File_2048",2,44,22.00,22.00,19,25
"Compare_File_1412",2,44,22.00,22.00,13,31
"Compare_File_2270",2,44,22.00,22.00,18,26
"Compare_File_2944",2,44,22.00,22.00,11,33
"Compare_File_1668",2,44,22.00,22.00,13,31
"Compare_File_2338",2,44,22.00,22.00,16,28
"Compare_File_3869",2,44,22.00,22.00,20,24
"Compare_File_2838",2,44,22.00,22.00,21,23
"Compare_File_1020",2,44,22.00,22.00,15,29
"Compare_File_1427",2,44,22.00,22.00,21,23
"Compare_File_2775",2,44,22.00,22.00,13,31
"Compare_File_2946",2,44,22.00,22.00,12,32
"Compare_File_1610",2,44,22.00,22.00,17,27
"Compare_File_1450",2,44,22.00,22.00,10,34
"Compare_File_1987",2,44,22.00,22.00,19,25
"Compare_File_3847",2,44,22.00,22.00,21,23
"Compare_File_3572",2,44,22.00,22.00,20,24
"Compare_File_2654",2,43,21.50,21.50,20,23
"Compare_File_2624",2,43,21.50,21.50,21,22
"Compare_File_1964",2,43,21.50,21.50,21,22
"Compare_File_2275",2,43,21.50,21.50,10,33
"Compare_File_2487",2,43,21.50,21.50,21,22
"Compare_File_1172",2,43,21.50,21.50,19,24
"Compare_File_2218",2,43,21.50,21.50,11,32
"Compare_File_1295",2,43,21.50,21.50,12,31
"Compare_File_1769",2,43,21.50,21.50,19,24
"Compare_File_2723",2,43,21.50,21.50,16,27
"Compare_File_3166",2,43,21.50,21.50,11,32
"Compare_File_2612",2,43,21.50,21.50,12,31
"Compare_File_1508",2,43,21.50,21.50,19,24
"Compare_File_3431",2,43,21.50,21.50,12,31
"Compare_File_2463",2,43,21.50,21.50,13,30
"Compare_File_1428",2,43,21.50,21.50,21,22
"Compare_File_2606",2,43,21.50,21.50,16,27
"Compare_File_3834",2,43,21.50,21.50,19,24
"Compare_File_2866",2,43,21.50,21.50,21,22
"Compare_File_1815",2,43,21.50,21.50,15,28
"Compare_File_2070",2,43,21.50,21.50,16,27
"Compare_File_3186",2,43,21.50,21.50,20,23
"Compare_File_2733",2,43,21.50,21.50,13,30
"Compare_File_1407",2,43,21.50,21.50,19,24
"Compare_File_2585",2,43,21.50,21.50,13,30
"Compare_File_2344",2,43,21.50,21.50,13,30
"Compare_File_2204",2,43,21.50,21.50,10,33
"Compare_File_1651",2,42,21.00,21.00,19,23
"Compare_File_3902",2,42,21.00,21.00,14,28
"Compare_File_2758",2,42,21.00,21.00,14,28
"Compare_File_2555",2,42,21.00,21.00,9,33
"Compare_File_3817",2,42,21.00,21.00,16,26
"Compare_File_3161",2,42,21.00,21.00,13,29
"Compare_File_3619",2,42,21.00,21.00,13,29
"Compare_File_1404",2,42,21.00,21.00,12,30
"Compare_File_2656",2,42,21.00,21.00,12,30
"Compare_File_2628",2,42,21.00,21.00,13,29
"Compare_File_1421",2,42,21.00,21.00,11,31
"Compare_File_1764",2,42,21.00,21.00,20,22
"Compare_File_1483",2,42,21.00,21.00,15,27
"Compare_File_322",2,42,21.00,21.00,11,31
"Compare_File_2591",2,42,21.00,21.00,12,30
"Compare_File_2073",2,42,21.00,21.00,13,29
"Compare_File_3415",2,42,21.00,21.00,13,29
"Compare_File_3845",2,42,21.00,21.00,17,25
"Compare_File_3811",2,42,21.00,21.00,14,28
"Compare_File_1414",2,42,21.00,21.00,15,27
"Compare_File_1891",2,42,21.00,21.00,17,25
"Compare_File_3185",2,42,21.00,21.00,11,31
"Compare_File_3167",2,42,21.00,21.00,13,29
"Compare_File_3115",2,41,20.50,20.50,11,30
"Compare_File_1035",2,41,20.50,20.50,19,22
"Compare_File_3207",2,41,20.50,20.50,12,29
"Compare_File_2282",2,41,20.50,20.50,8,33
"Compare_File_2714",2,41,20.50,20.50,8,33
"Compare_File_3425",2,41,20.50,20.50,14,27
"Compare_File_3843",2,41,20.50,20.50,11,30
"Compare_File_2716",2,41,20.50,20.50,10,31
"Compare_File_1111",2,41,20.50,20.50,17,24
"Compare_File_3427",2,41,20.50,20.50,9,32
"Compare_File_1339",2,41,20.50,20.50,17,24
"Compare_File_2343",2,41,20.50,20.50,10,31
"Compare_File_3795",2,41,20.50,20.50,18,23
"Compare_File_1464",2,41,20.50,20.50,17,24
"Compare_File_2346",2,41,20.50,20.50,10,31
"Compare_File_2727",2,41,20.50,20.50,16,25
"Compare_File_3629",2,41,20.50,20.50,19,22
"Compare_File_1885",2,41,20.50,20.50,19,22
"Compare_File_3021",2,41,20.50,20.50,12,29
"Compare_File_2361",2,41,20.50,20.50,17,24
"Compare_File_2268",2,41,20.50,20.50,11,30
"Compare_File_3687",2,41,20.50,20.50,11,30
"Compare_File_3437",2,41,20.50,20.50,18,23
"Compare_File_1473",2,41,20.50,20.50,14,27
"Compare_File_3164",2,40,20.00,20.00,13,27
"Compare_File_2484",2,40,20.00,20.00,16,24
"Compare_File_2750",2,40,20.00,20.00,12,28
"Compare_File_3946",2,40,20.00,20.00,16,24
"Compare_File_3180",2,40,20.00,20.00,12,28
"Compare_File_2883",2,40,20.00,20.00,12,28
"Compare_File_2046",2,40,20.00,20.00,12,28
"Compare_File_2474",2,40,20.00,20.00,12,28
"Compare_File_3820",2,40,20.00,20.00,16,24
"Compare_File_3742",2,40,20.00,20.00,15,25
"Compare_File_1135",2,40,20.00,20.00,10,30
"Compare_File_3184",2,40,20.00,20.00,18,22
"Compare_File_2190",2,40,20.00,20.00,15,25
"Compare_File_3237",2,40,20.00,20.00,14,26
"Compare_File_3423",2,40,20.00,20.00,11,29
"Compare_File_2670",2,40,20.00,20.00,16,24
"Compare_File_3030",2,40,20.00,20.00,11,29
"Compare_File_2041",2,40,20.00,20.00,14,26
"Compare_File_2341",2,40,20.00,20.00,12,28
"Compare_File_2951",2,40,20.00,20.00,13,27
"Compare_File_2337",2,40,20.00,20.00,19,21
"Compare_File_3557",2,40,20.00,20.00,15,25
"Compare_File_3135",2,40,20.00,20.00,15,25
"Compare_File_3603",2,39,19.50,19.50,10,29
"Compare_File_2184",2,39,19.50,19.50,15,24
"Compare_File_3181",2,39,19.50,19.50,13,26
"Compare_File_1333",2,39,19.50,19.50,13,26
"Compare_File_3382",2,39,19.50,19.50,18,21
"Compare_File_2359",2,39,19.50,19.50,14,25
"Compare_File_2955",2,39,19.50,19.50,19,20
"Compare_File_2867",2,39,19.50,19.50,12,27
"Compare_File_1350",2,39,19.50,19.50,14,25
"Compare_File_1236",2,39,19.50,19.50,14,25
"Compare_File_3732",2,39,19.50,19.50,18,21
"Compare_File_2557",2,39,19.50,19.50,12,27
"Compare_File_2749",2,39,19.50,19.50,10,29
"Compare_File_1681",2,39,19.50,19.50,14,25
"Compare_File_2722",2,39,19.50,19.50,17,22
"Compare_File_2271",2,39,19.50,19.50,13,26
"Compare_File_2627",2,39,19.50,19.50,15,24
"Compare_File_2630",2,39,19.50,19.50,13,26
"Compare_File_2006",2,39,19.50,19.50,15,24
"Compare_File_1406",2,39,19.50,19.50,18,21
"Compare_File_2611",2,39,19.50,19.50,12,27
"Compare_File_1024",2,39,19.50,19.50,13,26
"Compare_File_2952",2,38,19.00,19.00,17,21
"Compare_File_2382",2,38,19.00,19.00,15,23
"Compare_File_2356",2,38,19.00,19.00,10,28
"Compare_File_2891",2,38,19.00,19.00,14,24
"Compare_File_2212",2,38,19.00,19.00,12,26
"Compare_File_1541",2,38,19.00,19.00,12,26
"Compare_File_2269",2,38,19.00,19.00,13,25
"Compare_File_1424",2,38,19.00,19.00,14,24
"Compare_File_3023",2,38,19.00,19.00,11,27
"Compare_File_3390",2,38,19.00,19.00,14,24
"Compare_File_2192",2,38,19.00,19.00,15,23
"Compare_File_2351",2,38,19.00,19.00,15,23
"Compare_File_2947",2,38,19.00,19.00,11,27
"Compare_File_3293",2,38,19.00,19.00,10,28
"Compare_File_3132",2,38,19.00,19.00,12,26
"Compare_File_2485",2,38,19.00,19.00,14,24
"Compare_File_1321",2,38,19.00,19.00,17,21
"Compare_File_2649",2,38,19.00,19.00,17,21
"Compare_File_3069",2,38,19.00,19.00,15,23
"Compare_File_2767",2,38,19.00,19.00,12,26
"Compare_File_3289",2,38,19.00,19.00,11,27
"Compare_File_3140",2,38,19.00,19.00,10,28
"Compare_File_2674",2,38,19.00,19.00,10,28
"Compare_File_3888",2,38,19.00,19.00,14,24
"Compare_File_3854",2,38,19.00,19.00,15,23
"Compare_File_1114",2,38,19.00,19.00,18,20
"Compare_File_3138",2,38,19.00,19.00,14,24
"Compare_File_3027",2,37,18.50,18.50,15,22
"Compare_File_2771",2,37,18.50,18.50,11,26
"Compare_File_1423",2,37,18.50,18.50,14,23
"Compare_File_1241",2,37,18.50,18.50,12,25
"Compare_File_1761",2,37,18.50,18.50,10,27
"Compare_File_2460",2,37,18.50,18.50,14,23
"Compare_File_1590",2,37,18.50,18.50,13,24
"Compare_File_1401",2,37,18.50,18.50,14,23
"Compare_File_2672",2,37,18.50,18.50,12,25
"Compare_File_1781",2,37,18.50,18.50,13,24
"Compare_File_2917",2,37,18.50,18.50,18,19
"Compare_File_3045",2,37,18.50,18.50,11,26
"Compare_File_1886",2,37,18.50,18.50,17,20
"Compare_File_3823",2,37,18.50,18.50,11,26
"Compare_File_2631",2,37,18.50,18.50,11,26
"Compare_File_2504",2,37,18.50,18.50,15,22
"Compare_File_3669",2,37,18.50,18.50,13,24
"Compare_File_2075",2,37,18.50,18.50,14,23
"Compare_File_3384",2,37,18.50,18.50,13,24
"Compare_File_3182",2,36,18.00,18.00,13,23
"Compare_File_3878",2,36,18.00,18.00,12,24
"Compare_File_2948",2,36,18.00,18.00,13,23
"Compare_File_2273",2,36,18.00,18.00,13,23
"Compare_File_2754",2,36,18.00,18.00,13,23
"Compare_File_1686",2,36,18.00,18.00,16,20
"Compare_File_3615",2,36,18.00,18.00,15,21
"Compare_File_3133",2,36,18.00,18.00,13,23
"Compare_File_3290",2,36,18.00,18.00,11,25
"Compare_File_1766",2,36,18.00,18.00,13,23
"Compare_File_2355",2,36,18.00,18.00,10,26
"Compare_File_3174",2,36,18.00,18.00,14,22
"Compare_File_1320",2,36,18.00,18.00,13,23
"Compare_File_2730",2,36,18.00,18.00,11,25
"Compare_File_2362",2,36,18.00,18.00,14,22
"Compare_File_3955",2,36,18.00,18.00,15,21
"Compare_File_1134",2,36,18.00,18.00,13,23
"Compare_File_2840",2,36,18.00,18.00,13,23
"Compare_File_2878",2,36,18.00,18.00,16,20
"Compare_File_2461",2,36,18.00,18.00,14,22
"Compare_File_3743",2,36,18.00,18.00,11,25
"Compare_File_3176",2,36,18.00,18.00,16,20
"Compare_File_2067",2,35,17.50,17.50,12,23
"Compare_File_1237",2,35,17.50,17.50,14,21
"Compare_File_3236",2,35,17.50,17.50,12,23
"Compare_File_2377",2,35,17.50,17.50,12,23
"Compare_File_1701",2,35,17.50,17.50,13,22
"Compare_File_3028",2,35,17.50,17.50,13,22
"Compare_File_1682",2,35,17.50,17.50,12,23
"Compare_File_3711",2,35,17.50,17.50,16,19
"Compare_File_1609",2,35,17.50,17.50,12,23
"Compare_File_3137",2,35,17.50,17.50,11,24
"Compare_File_2729",2,35,17.50,17.50,13,22
"Compare_File_3741",2,35,17.50,17.50,14,21
"Compare_File_1763",2,35,17.50,17.50,15,20
"Compare_File_1653",2,35,17.50,17.50,17,18
"Compare_File_2724",2,35,17.50,17.50,13,22
"Compare_File_2626",2,35,17.50,17.50,12,23
"Compare_File_1888",2,35,17.50,17.50,11,24
"Compare_File_1649",2,35,17.50,17.50,14,21
"Compare_File_1121",2,35,17.50,17.50,10,25
"Compare_File_1242",2,35,17.50,17.50,12,23
"Compare_File_1342",2,35,17.50,17.50,14,21
"Compare_File_3947",2,35,17.50,17.50,13,22
"Compare_File_2996",2,35,17.50,17.50,14,21
"Compare_File_2334",2,35,17.50,17.50,10,25
"Compare_File_3168",2,35,17.50,17.50,12,23
"Compare_File_1461",2,35,17.50,17.50,12,23
"Compare_File_2888",2,35,17.50,17.50,16,19
"Compare_File_2997",2,35,17.50,17.50,12,23
"Compare_File_2879",2,35,17.50,17.50,12,23
"Compare_File_2587",2,35,17.50,17.50,15,20
"Compare_File_1478",2,35,17.50,17.50,14,21
"Compare_File_2553",2,35,17.50,17.50,14,21
"Compare_File_2353",2,35,17.50,17.50,10,25
"Compare_File_1623",2,35,17.50,17.50,15,20
"Compare_File_2345",2,34,17.00,17.00,12,22
"Compare_File_1647",2,34,17.00,17.00,16,18
"Compare_File_1780",2,34,17.00,17.00,13,21
"Compare_File_1351",2,34,17.00,17.00,17,17
"Compare_File_1480",2,34,17.00,17.00,14,20
"Compare_File_1403",2,34,17.00,17.00,14,20
"Compare_File_2210",2,34,17.00,17.00,11,23
"Compare_File_3844",2,34,17.00,17.00,9,25
"Compare_File_1472",2,34,17.00,17.00,12,22
"Compare_File_1417",2,34,17.00,17.00,11,23
"Compare_File_2592",2,34,17.00,17.00,12,22
"Compare_File_2785",2,34,17.00,17.00,10,24
"Compare_File_2738",2,34,17.00,17.00,10,24
"Compare_File_1530",2,34,17.00,17.00,15,19
"Compare_File_3652",2,34,17.00,17.00,16,18
"Compare_File_1475",2,34,17.00,17.00,11,23
"Compare_File_3810",2,34,17.00,17.00,12,22
"Compare_File_3731",2,33,16.50,16.50,12,21
"Compare_File_1223",2,33,16.50,16.50,11,22
"Compare_File_1460",2,33,16.50,16.50,13,20
"Compare_File_3238",2,33,16.50,16.50,13,20
"Compare_File_1608",2,33,16.50,16.50,13,20
"Compare_File_1355",2,33,16.50,16.50,10,23
"Compare_File_2419",2,33,16.50,16.50,11,22
"Compare_File_1459",2,33,16.50,16.50,12,21
"Compare_File_3890",2,33,16.50,16.50,14,19
"Compare_File_3774",2,33,16.50,16.50,15,18
"Compare_File_3183",2,33,16.50,16.50,14,19
"Compare_File_1408",2,33,16.50,16.50,10,23
"Compare_File_1240",2,33,16.50,16.50,15,18
"Compare_File_2378",2,33,16.50,16.50,14,19
"Compare_File_2885",2,33,16.50,16.50,9,24
"Compare_File_1526",2,33,16.50,16.50,10,23
"Compare_File_2725",2,33,16.50,16.50,12,21
"Compare_File_2734",2,33,16.50,16.50,14,19
"Compare_File_2720",2,32,16.00,16.00,12,20
"Compare_File_3627",2,32,16.00,16.00,11,21
"Compare_File_1993",2,32,16.00,16.00,10,22
"Compare_File_3770",2,32,16.00,16.00,13,19
"Compare_File_3773",2,32,16.00,16.00,15,17
"Compare_File_2595",2,32,16.00,16.00,11,21
"Compare_File_3651",2,32,16.00,16.00,12,20
"Compare_File_1648",2,32,16.00,16.00,13,19
"Compare_File_1026",2,32,16.00,16.00,10,22
"Compare_File_1535",2,32,16.00,16.00,9,23
"Compare_File_2292",2,32,16.00,16.00,9,23
"Compare_File_2950",2,32,16.00,16.00,11,21
"Compare_File_2224",2,32,16.00,16.00,11,21
"Compare_File_3025",2,32,16.00,16.00,12,20
"Compare_File_2954",2,31,15.50,15.50,13,18
"Compare_File_3073",2,31,15.50,15.50,11,20
"Compare_File_2209",2,31,15.50,15.50,10,21
"Compare_File_1471",2,31,15.50,15.50,12,19
"Compare_File_3877",2,31,15.50,15.50,8,23
"Compare_File_2354",2,31,15.50,15.50,12,19
"Compare_File_2918",2,31,15.50,15.50,11,20
"Compare_File_3139",2,31,15.50,15.50,10,21
"Compare_File_1409",2,31,15.50,15.50,10,21
"Compare_File_1410",2,31,15.50,15.50,11,20
"Compare_File_2524",2,31,15.50,15.50,12,19
"Compare_File_3963",2,31,15.50,15.50,11,20
"Compare_File_2824",2,31,15.50,15.50,12,19
"Compare_File_2401",2,31,15.50,15.50,11,20
"Compare_File_1531",2,31,15.50,15.50,13,18
"Compare_File_2267",2,31,15.50,15.50,10,21
"Compare_File_1667",2,31,15.50,15.50,10,21
"Compare_File_1399",2,31,15.50,15.50,11,20
"Compare_File_1604",2,31,15.50,15.50,11,20
"Compare_File_3958",2,30,15.00,15.00,14,16
"Compare_File_3824",2,30,15.00,15.00,13,17
"Compare_File_3775",2,30,15.00,15.00,13,17
"Compare_File_3710",2,30,15.00,15.00,10,20
"Compare_File_3746",2,30,15.00,15.00,12,18
"Compare_File_3961",2,30,15.00,15.00,11,19
"Compare_File_1606",2,30,15.00,15.00,12,18
"Compare_File_1670",2,30,15.00,15.00,8,22
"Compare_File_1123",2,30,15.00,15.00,8,22
"Compare_File_1683",2,30,15.00,15.00,10,20
"Compare_File_2736",2,30,15.00,15.00,12,18
"Compare_File_3918",2,30,15.00,15.00,13,17
"Compare_File_1889",2,30,15.00,15.00,11,19
"Compare_File_3835",2,29,14.50,14.50,13,16
"Compare_File_1119",2,29,14.50,14.50,11,18
"Compare_File_3714",2,29,14.50,14.50,13,16
"Compare_File_3780",2,29,14.50,14.50,9,20
"Compare_File_2220",2,29,14.50,14.50,10,19
"Compare_File_3777",2,29,14.50,14.50,12,17
"Compare_File_3895",2,29,14.50,14.50,9,20
"Compare_File_1457",2,29,14.50,14.50,12,17
"Compare_File_1456",2,29,14.50,14.50,10,19
"Compare_File_3033",2,29,14.50,14.50,11,18
"Compare_File_1356",2,29,14.50,14.50,11,18
"Compare_File_3892",2,28,14.00,14.00,12,16
"Compare_File_3894",2,28,14.00,14.00,12,16
"Compare_File_3793",2,28,14.00,14.00,12,16
"Compare_File_3864",2,28,14.00,14.00,14,14
"Compare_File_3816",2,28,14.00,14.00,11,17
"Compare_File_1122",2,28,14.00,14.00,9,19
"Compare_File_3818",2,27,13.50,13.50,13,14
"Compare_File_3957",2,27,13.50,13.50,13,14
"Compare_File_3962",2,27,13.50,13.50,11,16
"Compare_File_3032",2,27,13.50,13.50,10,17
"Compare_File_3876",2,27,13.50,13.50,13,14
"Compare_File_3825",2,27,13.50,13.50,13,14
"Compare_File_1679",2,27,13.50,13.50,12,15
"Compare_File_3778",2,26,13.00,13.00,10,16
"Compare_File_3952",2,26,13.00,13.00,13,13
"Compare_File_1650",2,26,13.00,13.00,10,16
"Compare_File_3893",2,25,12.50,12.50,10,15
"Compare_File_3744",2,25,12.50,12.50,12,13
"Compare_File_1127",2,25,12.50,12.50,9,16
"Compare_File_3822",2,25,12.50,12.50,12,13
"Compare_File_3953",2,25,12.50,12.50,12,13
"Compare_File_1402",2,25,12.50,12.50,10,15
"Compare_File_1671",2,25,12.50,12.50,9,16
"Compare_File_3707",2,25,12.50,12.50,11,14
"Compare_File_1120",2,24,12.00,12.00,9,15
"Compare_File_3867",2,24,12.00,12.00,12,12
"Compare_File_3781",2,23,11.50,11.50,8,15
"Compare_File_3821",2,20,10.00,10.00,10,10
"Process_Results",2,20,10.00,10.00,8,12
"Compare_File_3815",2,19,9.50,9.50,9,10
"Sort_Files",2,11,5.50,5.50,4,7
"Calculate_Avg_FileSize",2,5,2.50,2.50,1,4
"Folder_Stats",2,0,0.00,0.00,0,0
